user_id,timestamp,merchant,category,amount,currency,amount_ils,transaction_type,is_anomaly
user_002,2024-03-07 08:53,רכבת ישראל,תחבורה,80.01,ILS,80.01,רגילה,0
user_010,2024-08-18 11:24,ספוטיפיי,פנאי,31.36,ILS,31.36,הוראת קבע,0
user_002,2024-05-10 04:34,סופר-פארם,פארם,1638.9,ILS,1638.9,רגילה,1
user_006,2024-10-20 19:06,Udemy,חינוך,350.06,ILS,350.06,רגילה,0
user_015,2024-07-12 14:42,עירייה,אחר,35.77,ILS,35.77,רגילה,0
user_036,2024-10-06 22:48,רמי לוי,סופרמרקט,154.4,ILS,154.4,רגילה,0
user_014,2024-07-14 21:38,Gett,תחבורה,33.09,ILS,33.09,רגילה,0
user_005,2024-12-09 20:54,דומינוס,מסעדות,111.9,ILS,111.9,רגילה,0
user_003,2024-04-08 22:43,H&M,אופנה,495.14,ILS,495.14,הוראת קבע,0
user_050,2024-11-23 12:21,Gett,תחבורה,52.87,ILS,52.87,רגילה,0
user_020,2024-10-05 03:43,רכבת ישראל,תחבורה,496.65,ILS,496.65,רגילה,1
user_038,2024-03-01 12:21,KSP,חשמל,149.58,ILS,149.58,רגילה,0
user_003,2024-04-09 14:23,נטפליקס,פנאי,38.94,ILS,38.94,רגילה,0
user_038,2024-11-14 13:55,דלק,דלק,179.41,ILS,179.41,רגילה,0
user_029,2024-05-01 14:17,KSP,חשמל,1146.46,ILS,1146.46,תשלומים,0
user_008,2024-11-01 21:34,סופר-פארם,פארם,71.57,ILS,71.57,רגילה,0
user_017,2024-03-17 10:25,KSP,חשמל,154.78,EUR,619.12,"עסקת חו""ל",0
user_026,2024-09-28 11:55,קסטרו,אופנה,244.19,ILS,244.19,רגילה,0
user_018,2024-12-08 17:04,Udemy,חינוך,131.01,ILS,131.01,רגילה,0
user_031,2024-09-16 10:32,ספוטיפיי,פנאי,2.8,USD,10.36,"עסקת חו""ל",0
user_026,2024-06-27 11:26,אייבורי,חשמל,468.61,ILS,468.61,רגילה,0
user_018,2024-03-19 13:27,פז,דלק,166.79,ILS,166.79,רגילה,0
user_014,2024-03-01 13:55,סופר-פארם,פארם,65.99,ILS,65.99,רגילה,0
user_031,2024-02-04 21:28,רכבת ישראל,תחבורה,63.26,ILS,63.26,הוראת קבע,0
user_023,2024-01-24 11:28,פוקס,אופנה,93.63,ILS,93.63,רגילה,0
user_048,2024-07-18 20:01,יס פלאנט,פנאי,65.23,ILS,65.23,רגילה,0
user_041,2024-03-28 15:29,פוקס,אופנה,150.57,ILS,150.57,רגילה,0
user_035,2024-07-24 14:53,סופר-פארם,פארם,149.52,ILS,149.52,רגילה,0
user_006,2024-03-05 13:07,ספוטיפיי,פנאי,74.86,ILS,74.86,רגילה,0
user_001,2024-04-13 14:01,גולדה,מסעדות,105.67,ILS,105.67,רגילה,0
user_042,2024-12-13 12:09,יס פלאנט,פנאי,53.68,ILS,53.68,רגילה,0
user_038,2024-04-26 17:47,זארה,אופנה,494.34,ILS,494.34,רגילה,0
user_020,2024-06-08 08:07,קסטרו,אופנה,148.66,ILS,148.66,רגילה,0
user_021,2024-07-18 22:14,אוניברסיטה,חינוך,226.82,ILS,226.82,רגילה,0
user_050,2024-09-26 18:46,גולדה,מסעדות,170.28,ILS,170.28,רגילה,0
user_022,2024-12-09 01:17,פוקס,אופנה,2601.06,ILS,2601.06,תשלומים,1
user_015,2024-04-15 19:44,פז,דלק,273.64,ILS,273.64,רגילה,0
user_005,2024-01-04 20:50,פז,דלק,50.56,GBP,237.63,"עסקת חו""ל",0
user_042,2024-06-22 10:36,ביטוח,אחר,45.1,ILS,45.1,תשלומים,0
user_039,2024-11-20 15:15,קסטרו,אופנה,239.96,ILS,239.96,רגילה,0
user_044,2024-07-17 13:43,פז,דלק,183.31,ILS,183.31,רגילה,0
user_006,2024-01-15 19:31,Be,פארם,209.81,ILS,209.81,רגילה,0
user_029,2024-12-13 09:42,סופר-פארם,פארם,168.25,ILS,168.25,רגילה,0
user_009,2024-06-08 11:11,ויקטורי,סופרמרקט,359.46,ILS,359.46,רגילה,0
user_035,2024-07-04 14:47,קפה גרג,מסעדות,48.12,ILS,48.12,רגילה,0
user_025,2024-03-25 11:52,Udemy,חינוך,32.78,ILS,32.78,רגילה,0
user_006,2024-08-06 10:09,עירייה,אחר,281.99,ILS,281.99,רגילה,0
user_031,2024-05-22 13:44,דלק,דלק,217.78,ILS,217.78,רגילה,0
user_016,2024-09-15 22:37,טיב טעם,סופרמרקט,380.39,ILS,380.39,רגילה,0
user_006,2024-06-12 05:34,Be,פארם,1493.73,ILS,1493.73,רגילה,1
user_015,2024-05-01 09:47,KSP,חשמל,1131.8,ILS,1131.8,רגילה,0
user_019,2024-07-10 20:39,רכבת ישראל,תחבורה,63.48,ILS,63.48,רגילה,0
user_026,2024-07-07 11:57,יס פלאנט,פנאי,9.52,EUR,38.08,"עסקת חו""ל",0
user_011,2024-07-13 08:22,מחסני חשמל,חשמל,254.35,ILS,254.35,רגילה,0
user_003,2024-04-24 15:16,דלק,דלק,50.25,EUR,201.0,"עסקת חו""ל",0
user_035,2024-12-02 17:41,חברת חשמל,אחר,116.87,ILS,116.87,תשלומים,0
user_045,2024-04-26 08:34,Gett,תחבורה,77.93,ILS,77.93,תשלומים,0
user_049,2024-08-16 20:14,מקדונלד'ס,מסעדות,105.14,ILS,105.14,רגילה,0
user_037,2024-08-19 00:55,רכבת ישראל,תחבורה,346.77,ILS,346.77,רגילה,1
user_038,2024-09-19 13:23,Gett,תחבורה,36.77,ILS,36.77,תשלומים,0
user_033,2024-11-03 18:46,סונול,דלק,47.64,USD,176.27,"עסקת חו""ל",0
user_018,2024-12-25 10:55,נטפליקס,פנאי,79.56,ILS,79.56,רגילה,0
user_036,2024-11-16 12:18,רמי לוי,סופרמרקט,418.69,ILS,418.69,רגילה,0
user_015,2024-04-02 16:37,אייבורי,חשמל,1605.29,ILS,1605.29,רגילה,0
user_019,2024-07-09 10:44,מחסני חשמל,חשמל,244.08,USD,903.1,"עסקת חו""ל",0
user_037,2024-01-07 08:19,יס פלאנט,פנאי,38.0,ILS,38.0,רגילה,0
user_040,2024-12-04 00:20,אוניברסיטה,חינוך,2172.87,ILS,2172.87,הוראת קבע,1
user_032,2024-10-01 08:55,אוניברסיטה,חינוך,222.96,ILS,222.96,תשלומים,0
user_024,2024-09-10 10:11,ספוטיפיי,פנאי,58.47,ILS,58.47,רגילה,0
user_002,2024-06-12 09:02,דומינוס,מסעדות,23.43,ILS,23.43,רגילה,0
user_050,2024-10-12 20:00,רמי לוי,סופרמרקט,295.81,ILS,295.81,רגילה,0
user_048,2024-05-13 22:25,דלק,דלק,224.29,ILS,224.29,רגילה,0
user_033,2024-10-13 10:36,עירייה,אחר,162.01,ILS,162.01,רגילה,0
user_030,2024-06-04 13:46,מקדונלד'ס,מסעדות,149.0,ILS,149.0,רגילה,0
user_027,2024-01-24 11:15,ספוטיפיי,פנאי,44.47,ILS,44.47,רגילה,0
user_038,2024-12-10 16:30,דומינוס,מסעדות,58.99,ILS,58.99,תשלומים,0
user_049,2024-02-11 11:03,זארה,אופנה,196.11,ILS,196.11,רגילה,0
user_031,2024-09-19 20:30,קפה גרג,מסעדות,106.19,ILS,106.19,רגילה,0
user_042,2024-02-03 09:56,דלק,דלק,162.04,ILS,162.04,רגילה,0
user_037,2024-05-27 12:15,KSP,חשמל,201.63,ILS,201.63,הוראת קבע,0
user_011,2024-02-02 10:15,Gett,תחבורה,61.38,ILS,61.38,רגילה,0
user_042,2024-09-27 10:49,רכבת ישראל,תחבורה,45.83,ILS,45.83,רגילה,0
user_032,2024-10-14 17:52,נטפליקס,פנאי,63.64,ILS,63.64,רגילה,0
user_012,2024-12-13 20:47,פוקס,אופנה,70.38,USD,260.41,"עסקת חו""ל",0
user_025,2024-01-18 08:47,Be,פארם,118.55,ILS,118.55,רגילה,0
user_016,2024-11-23 08:48,נטפליקס,פנאי,81.85,ILS,81.85,רגילה,0
user_003,2024-03-08 17:30,Udemy,חינוך,176.54,ILS,176.54,רגילה,0
user_044,2024-02-18 19:18,טיב טעם,סופרמרקט,300.12,ILS,300.12,רגילה,0
user_012,2024-02-03 18:40,KSP,חשמל,1238.09,ILS,1238.09,תשלומים,0
user_016,2024-01-09 16:10,ביטוח,אחר,183.65,ILS,183.65,רגילה,0
user_029,2024-11-27 18:44,מקדונלד'ס,מסעדות,35.72,EUR,142.88,"עסקת חו""ל",0
user_019,2024-03-27 19:55,Be,פארם,120.58,ILS,120.58,רגילה,0
user_033,2024-08-27 09:24,שופרסל,סופרמרקט,81.09,EUR,324.36,"עסקת חו""ל",0
user_007,2024-05-20 19:48,סופר-פארם,פארם,53.03,ILS,53.03,רגילה,0
user_003,2024-10-25 15:11,יס פלאנט,פנאי,52.8,ILS,52.8,רגילה,0
user_003,2024-10-15 15:48,גולדה,מסעדות,36.47,GBP,171.41,"עסקת חו""ל",0
user_015,2024-05-25 12:45,אייבורי,חשמל,1062.13,ILS,1062.13,רגילה,0
user_018,2024-01-25 14:48,Be,פארם,246.18,ILS,246.18,רגילה,0
user_025,2024-12-23 15:20,יס פלאנט,פנאי,64.03,ILS,64.03,רגילה,0
user_004,2024-09-25 00:01,Be,פארם,1645.76,ILS,1645.76,רגילה,1
user_004,2024-02-02 21:26,טיב טעם,סופרמרקט,354.38,ILS,354.38,רגילה,0
user_037,2024-05-17 21:08,ספוטיפיי,פנאי,50.31,ILS,50.31,תשלומים,0
user_001,2024-01-26 15:16,נטפליקס,פנאי,84.49,ILS,84.49,רגילה,0
user_003,2024-02-22 15:43,רכבת ישראל,תחבורה,38.41,ILS,38.41,רגילה,0
user_032,2024-01-13 09:12,סונול,דלק,238.16,ILS,238.16,רגילה,0
user_028,2024-06-08 20:47,גולדה,מסעדות,100.56,ILS,100.56,רגילה,0
user_024,2024-09-19 21:36,אייבורי,חשמל,10.0,ILS,10.0,רגילה,0
user_031,2024-08-10 12:12,שופרסל,סופרמרקט,327.17,ILS,327.17,תשלומים,0
user_023,2024-05-15 19:14,נטפליקס,פנאי,23.52,ILS,23.52,רגילה,0
user_013,2024-07-06 18:47,חברת חשמל,אחר,86.28,USD,319.24,"עסקת חו""ל",0
user_044,2024-12-12 18:45,פוקס,אופנה,302.07,ILS,302.07,רגילה,0
user_019,2024-10-05 08:26,נטפליקס,פנאי,92.33,ILS,92.33,רגילה,0
user_044,2024-07-21 15:31,חברת חשמל,אחר,304.32,ILS,304.32,רגילה,0
user_047,2024-07-26 19:16,KSP,חשמל,20.61,EUR,82.44,"עסקת חו""ל",0
user_036,2024-03-14 13:46,פז,דלק,220.78,ILS,220.78,רגילה,0
user_010,2024-12-16 09:22,נטפליקס,פנאי,59.95,ILS,59.95,רגילה,0
user_048,2024-04-07 15:07,יס פלאנט,פנאי,36.47,ILS,36.47,רגילה,0
user_036,2024-08-14 14:26,Udemy,חינוך,276.56,ILS,276.56,רגילה,0
user_044,2024-06-27 15:50,רמי לוי,סופרמרקט,502.07,ILS,502.07,תשלומים,0
user_005,2024-03-10 08:06,דומינוס,מסעדות,98.08,ILS,98.08,תשלומים,0
user_031,2024-11-19 20:09,סונול,דלק,196.1,ILS,196.1,הוראת קבע,0
user_019,2024-05-13 18:33,אוניברסיטה,חינוך,267.29,ILS,267.29,רגילה,0
user_040,2024-01-01 14:20,ויקטורי,סופרמרקט,330.6,ILS,330.6,רגילה,0
user_005,2024-12-14 17:19,יס פלאנט,פנאי,59.26,ILS,59.26,רגילה,0
user_003,2024-03-28 20:03,רמי לוי,סופרמרקט,619.22,ILS,619.22,הוראת קבע,0
user_001,2024-05-15 22:56,סונול,דלק,178.66,ILS,178.66,רגילה,0
user_044,2024-06-04 20:31,Udemy,חינוך,208.02,ILS,208.02,רגילה,0
user_032,2024-06-08 17:06,רב-קו,תחבורה,62.3,ILS,62.3,תשלומים,0
user_022,2024-02-18 16:52,אייבורי,חשמל,10.0,ILS,10.0,רגילה,0
user_038,2024-07-16 17:43,טיב טעם,סופרמרקט,312.52,ILS,312.52,רגילה,0
user_047,2024-08-16 13:20,H&M,אופנה,180.96,ILS,180.96,רגילה,0
user_032,2024-09-01 18:25,יס פלאנט,פנאי,73.94,ILS,73.94,רגילה,0
user_024,2024-08-17 12:50,רב-קו,תחבורה,38.45,ILS,38.45,רגילה,0
user_013,2024-07-21 17:51,עירייה,אחר,174.41,ILS,174.41,רגילה,0
user_033,2024-06-17 09:07,רב-קו,תחבורה,63.82,ILS,63.82,רגילה,0
user_002,2024-08-19 17:28,ביטוח,אחר,231.03,ILS,231.03,הוראת קבע,0
user_017,2024-11-28 11:38,זארה,אופנה,216.41,ILS,216.41,תשלומים,0
user_037,2024-09-11 22:37,Udemy,חינוך,241.74,ILS,241.74,הוראת קבע,0
user_025,2024-07-17 13:54,ויקטורי,סופרמרקט,246.73,ILS,246.73,תשלומים,0
user_015,2024-11-10 10:21,קפה גרג,מסעדות,133.89,ILS,133.89,רגילה,0
user_028,2024-10-05 12:22,H&M,אופנה,139.11,ILS,139.11,רגילה,0
user_035,2024-07-04 19:15,מקדונלד'ס,מסעדות,222.99,ILS,222.99,רגילה,0
user_034,2024-05-05 03:51,רב-קו,תחבורה,593.65,ILS,593.65,רגילה,1
user_030,2024-11-10 14:42,Udemy,חינוך,34.31,EUR,137.24,"עסקת חו""ל",0
user_026,2024-05-17 16:04,פז,דלק,146.68,ILS,146.68,הוראת קבע,0
user_026,2024-01-19 11:13,סופר-פארם,פארם,203.96,ILS,203.96,רגילה,0
user_026,2024-03-08 08:08,גולדה,מסעדות,77.31,ILS,77.31,תשלומים,0
user_045,2024-10-21 11:27,אייבורי,חשמל,253.15,GBP,1189.81,"עסקת חו""ל",0
user_043,2024-02-25 20:58,רב-קו,תחבורה,26.44,ILS,26.44,רגילה,0
user_029,2024-04-08 18:36,חברת חשמל,אחר,242.79,ILS,242.79,רגילה,0
user_016,2024-09-25 14:27,Be,פארם,206.39,ILS,206.39,רגילה,0
user_001,2024-11-26 19:00,ויקטורי,סופרמרקט,211.58,ILS,211.58,רגילה,0
user_007,2024-05-04 21:59,חברת חשמל,אחר,248.09,ILS,248.09,רגילה,0
user_012,2024-01-18 18:40,רכבת ישראל,תחבורה,75.73,ILS,75.73,רגילה,0
user_018,2024-01-02 00:26,Be,פארם,1172.2,ILS,1172.2,רגילה,1
user_016,2024-01-28 13:49,Udemy,חינוך,49.82,ILS,49.82,תשלומים,0
user_021,2024-08-05 12:46,מחסני חשמל,חשמל,535.97,ILS,535.97,רגילה,0
user_024,2024-05-26 09:25,קפה גרג,מסעדות,267.83,ILS,267.83,רגילה,0
user_001,2024-02-12 08:24,דלק,דלק,193.37,ILS,193.37,רגילה,0
user_015,2024-08-24 17:25,סופר-פארם,פארם,176.5,ILS,176.5,תשלומים,0
user_036,2024-01-01 18:05,מקדונלד'ס,מסעדות,112.63,ILS,112.63,רגילה,0
user_016,2024-06-24 21:56,זארה,אופנה,151.57,ILS,151.57,תשלומים,0
user_003,2024-12-23 14:29,קסטרו,אופנה,288.24,ILS,288.24,רגילה,0
user_012,2024-02-10 14:06,סונול,דלק,161.01,ILS,161.01,רגילה,0
user_006,2024-06-03 10:22,מחסני חשמל,חשמל,1139.23,ILS,1139.23,רגילה,0
user_040,2024-08-20 18:36,זארה,אופנה,167.53,USD,619.86,"עסקת חו""ל",0
user_007,2024-01-27 16:59,ביטוח,אחר,217.11,ILS,217.11,רגילה,0
user_010,2024-10-01 20:04,גולדה,מסעדות,19.38,GBP,91.09,"עסקת חו""ל",0
user_013,2024-07-10 16:00,אייבורי,חשמל,1193.39,ILS,1193.39,תשלומים,0
user_012,2024-04-14 13:58,פז,דלק,134.97,ILS,134.97,רגילה,0
user_023,2024-07-18 09:29,גולדה,מסעדות,129.75,ILS,129.75,רגילה,0
user_019,2024-01-01 21:37,אוניברסיטה,חינוך,188.64,ILS,188.64,תשלומים,0
user_006,2024-06-14 14:10,נטפליקס,פנאי,21.36,ILS,21.36,הוראת קבע,0
user_023,2024-03-18 21:14,Udemy,חינוך,261.55,ILS,261.55,הוראת קבע,0
user_023,2024-10-26 17:27,ויקטורי,סופרמרקט,304.08,ILS,304.08,תשלומים,0
user_045,2024-11-25 18:27,נטפליקס,פנאי,36.34,ILS,36.34,תשלומים,0
user_015,2024-01-23 17:59,אייבורי,חשמל,809.54,ILS,809.54,תשלומים,0
user_024,2024-07-24 17:40,עירייה,אחר,106.04,ILS,106.04,רגילה,0
user_025,2024-01-25 14:53,אוניברסיטה,חינוך,21.03,USD,77.81,"עסקת חו""ל",0
user_031,2024-12-24 20:21,נטפליקס,פנאי,76.25,ILS,76.25,רגילה,0
user_042,2024-01-12 21:13,מחסני חשמל,חשמל,997.34,ILS,997.34,תשלומים,0
user_030,2024-11-08 14:30,פז,דלק,208.58,ILS,208.58,רגילה,0
user_031,2024-11-09 20:34,ביטוח,אחר,249.89,ILS,249.89,רגילה,0
user_030,2024-10-12 16:10,טיב טעם,סופרמרקט,309.58,ILS,309.58,רגילה,0
user_048,2024-09-08 04:48,Gett,תחבורה,523.48,ILS,523.48,רגילה,1
user_041,2024-10-18 16:43,יס פלאנט,פנאי,50.83,ILS,50.83,רגילה,0
user_048,2024-07-02 12:07,גולדה,מסעדות,119.04,ILS,119.04,רגילה,0
user_034,2024-05-02 20:08,רכבת ישראל,תחבורה,17.1,USD,63.27,"עסקת חו""ל",0
user_026,2024-03-02 10:05,טיב טעם,סופרמרקט,249.51,ILS,249.51,הוראת קבע,0
user_028,2024-06-03 21:15,מחסני חשמל,חשמל,10.0,ILS,10.0,רגילה,0
user_036,2024-11-28 14:21,זארה,אופנה,10.0,ILS,10.0,תשלומים,0
user_012,2024-04-06 21:28,מחסני חשמל,חשמל,2118.56,ILS,2118.56,רגילה,0
user_001,2024-05-02 21:22,ויקטורי,סופרמרקט,540.76,ILS,540.76,תשלומים,0
user_021,2024-11-15 10:05,פז,דלק,185.5,ILS,185.5,רגילה,0
user_002,2024-03-06 15:47,עירייה,אחר,224.37,ILS,224.37,רגילה,0
user_020,2024-01-13 08:35,Gett,תחבורה,55.19,ILS,55.19,רגילה,0
user_002,2024-01-12 11:13,Udemy,חינוך,203.14,ILS,203.14,רגילה,0
user_006,2024-04-20 09:12,Be,פארם,30.49,ILS,30.49,רגילה,0
user_016,2024-09-06 14:13,סופר-פארם,פארם,64.38,ILS,64.38,רגילה,0
user_031,2024-03-18 09:29,סונול,דלק,252.99,ILS,252.99,רגילה,0
user_028,2024-02-09 10:57,זארה,אופנה,323.74,ILS,323.74,רגילה,0
user_045,2024-01-10 18:28,KSP,חשמל,601.81,ILS,601.81,רגילה,0
user_033,2024-02-15 22:27,קפה גרג,מסעדות,109.95,ILS,109.95,הוראת קבע,0
user_012,2024-10-27 10:23,ביטוח,אחר,189.35,ILS,189.35,רגילה,0
user_023,2024-12-15 14:55,Be,פארם,109.71,ILS,109.71,רגילה,0
user_008,2024-04-08 18:35,רמי לוי,סופרמרקט,128.19,USD,474.3,"עסקת חו""ל",0
user_001,2024-04-01 10:17,מקדונלד'ס,מסעדות,32.26,ILS,32.26,רגילה,0
user_024,2024-11-25 12:38,אייבורי,חשמל,989.85,ILS,989.85,הוראת קבע,0
user_006,2024-06-06 20:10,רכבת ישראל,תחבורה,37.76,ILS,37.76,רגילה,0
user_017,2024-08-06 20:47,קפה גרג,מסעדות,10.0,ILS,10.0,רגילה,0
user_039,2024-05-10 02:57,אייבורי,חשמל,8532.8,ILS,8532.8,רגילה,1
user_008,2024-05-15 19:45,KSP,חשמל,852.18,ILS,852.18,רגילה,0
user_017,2024-09-03 13:21,יס פלאנט,פנאי,60.59,ILS,60.59,רגילה,0
user_039,2024-11-19 11:46,Gett,תחבורה,49.56,ILS,49.56,רגילה,0
user_006,2024-12-19 15:26,עירייה,אחר,18.34,ILS,18.34,רגילה,0
user_047,2024-12-08 18:53,קסטרו,אופנה,111.12,ILS,111.12,רגילה,0
user_038,2024-10-10 18:07,אוניברסיטה,חינוך,256.48,ILS,256.48,רגילה,0
user_050,2024-02-09 20:58,Be,פארם,75.52,ILS,75.52,רגילה,0
user_043,2024-07-06 18:29,קסטרו,אופנה,68.9,ILS,68.9,רגילה,0
user_037,2024-08-26 08:43,סופר-פארם,פארם,220.14,ILS,220.14,רגילה,0
user_005,2024-11-20 12:35,נטפליקס,פנאי,47.74,ILS,47.74,רגילה,0
user_048,2024-10-07 12:05,Gett,תחבורה,51.82,ILS,51.82,תשלומים,0
user_050,2024-06-08 17:16,Be,פארם,135.63,ILS,135.63,רגילה,0
user_045,2024-06-13 17:51,סונול,דלק,212.02,ILS,212.02,הוראת קבע,0
user_047,2024-08-12 16:31,קפה גרג,מסעדות,143.02,ILS,143.02,רגילה,0
user_014,2024-08-26 13:12,H&M,אופנה,33.06,EUR,132.24,"עסקת חו""ל",0
user_041,2024-10-18 12:35,רב-קו,תחבורה,76.22,ILS,76.22,רגילה,0
user_034,2024-12-06 09:01,מחסני חשמל,חשמל,568.37,ILS,568.37,רגילה,0
user_012,2024-07-21 20:26,מחסני חשמל,חשמל,17.51,ILS,17.51,רגילה,0
user_016,2024-12-02 09:29,קפה גרג,מסעדות,175.81,ILS,175.81,רגילה,0
user_035,2024-10-06 13:27,עירייה,אחר,295.38,ILS,295.38,רגילה,0
user_006,2024-06-11 22:28,דלק,דלק,201.53,ILS,201.53,רגילה,0
user_042,2024-05-03 16:38,מקדונלד'ס,מסעדות,173.87,ILS,173.87,רגילה,0
user_048,2024-07-13 21:09,אוניברסיטה,חינוך,309.84,ILS,309.84,תשלומים,0
user_008,2024-02-26 21:21,אייבורי,חשמל,1172.29,ILS,1172.29,רגילה,0
user_028,2024-08-16 19:45,יס פלאנט,פנאי,49.03,ILS,49.03,רגילה,0
user_037,2024-01-20 21:45,חברת חשמל,אחר,115.39,ILS,115.39,רגילה,0
user_032,2024-05-11 11:33,רמי לוי,סופרמרקט,316.42,ILS,316.42,רגילה,0
user_015,2024-02-07 18:42,פוקס,אופנה,294.5,ILS,294.5,תשלומים,0
user_042,2024-11-06 10:24,סופר-פארם,פארם,134.34,ILS,134.34,רגילה,0
user_008,2024-12-28 10:23,Be,פארם,173.59,ILS,173.59,רגילה,0
user_036,2024-02-11 19:03,קסטרו,אופנה,547.49,ILS,547.49,רגילה,0
user_025,2024-09-21 14:47,יס פלאנט,פנאי,81.14,ILS,81.14,רגילה,0
user_027,2024-12-12 10:29,ספוטיפיי,פנאי,41.3,ILS,41.3,רגילה,0
user_040,2024-06-28 08:20,KSP,חשמל,616.58,ILS,616.58,תשלומים,0
user_039,2024-10-28 21:40,חברת חשמל,אחר,152.29,ILS,152.29,רגילה,0
user_019,2024-01-24 15:09,חברת חשמל,אחר,303.48,ILS,303.48,תשלומים,0
user_046,2024-04-23 21:30,נטפליקס,פנאי,31.27,ILS,31.27,רגילה,0
user_007,2024-11-04 15:37,רב-קו,תחבורה,66.51,ILS,66.51,הוראת קבע,0
user_005,2024-11-11 10:08,מחסני חשמל,חשמל,921.99,ILS,921.99,תשלומים,0
user_015,2024-08-09 09:39,Be,פארם,87.45,ILS,87.45,רגילה,0
user_026,2024-02-10 10:12,רב-קו,תחבורה,87.08,ILS,87.08,רגילה,0
user_034,2024-04-09 12:18,מחסני חשמל,חשמל,1527.63,ILS,1527.63,תשלומים,0
user_020,2024-11-02 13:29,סונול,דלק,203.28,ILS,203.28,רגילה,0
user_029,2024-12-12 15:41,יס פלאנט,פנאי,46.91,ILS,46.91,רגילה,0
user_015,2024-02-15 11:54,ויקטורי,סופרמרקט,316.27,ILS,316.27,הוראת קבע,0
user_026,2024-10-22 09:33,H&M,אופנה,97.52,ILS,97.52,רגילה,0
user_043,2024-04-20 11:21,רמי לוי,סופרמרקט,528.78,ILS,528.78,רגילה,0
user_008,2024-07-28 15:44,KSP,חשמל,716.64,ILS,716.64,רגילה,0
user_044,2024-12-02 20:12,רב-קו,תחבורה,29.29,ILS,29.29,תשלומים,0
user_007,2024-05-22 11:57,קסטרו,אופנה,268.25,ILS,268.25,רגילה,0
user_035,2024-10-14 15:50,רמי לוי,סופרמרקט,421.93,ILS,421.93,רגילה,0
user_030,2024-08-26 21:53,רכבת ישראל,תחבורה,49.78,ILS,49.78,רגילה,0
user_019,2024-09-02 15:05,דלק,דלק,247.45,ILS,247.45,הוראת קבע,0
user_037,2024-01-20 00:24,מקדונלד'ס,מסעדות,1470.79,ILS,1470.79,רגילה,1
user_034,2024-01-21 10:02,H&M,אופנה,10.0,ILS,10.0,רגילה,0
user_045,2024-05-05 22:41,קסטרו,אופנה,262.34,ILS,262.34,רגילה,0
user_047,2024-04-11 11:05,אוניברסיטה,חינוך,289.52,ILS,289.52,רגילה,0
user_022,2024-02-15 10:26,זארה,אופנה,10.0,ILS,10.0,רגילה,0
user_039,2024-11-16 09:18,ספוטיפיי,פנאי,56.03,ILS,56.03,תשלומים,0
user_025,2024-02-27 14:58,רמי לוי,סופרמרקט,313.04,ILS,313.04,הוראת קבע,0
user_031,2024-06-03 10:04,נטפליקס,פנאי,54.37,ILS,54.37,רגילה,0
user_006,2024-05-09 19:25,נטפליקס,פנאי,71.19,ILS,71.19,רגילה,0
user_017,2024-07-20 09:11,זארה,אופנה,52.42,ILS,52.42,תשלומים,0
user_035,2024-02-04 10:38,דלק,דלק,226.6,ILS,226.6,תשלומים,0
user_028,2024-10-02 11:07,Gett,תחבורה,58.58,ILS,58.58,רגילה,0
user_048,2024-06-05 17:38,דלק,דלק,192.33,ILS,192.33,רגילה,0
user_022,2024-03-07 15:41,Udemy,חינוך,258.47,ILS,258.47,רגילה,0
user_021,2024-04-06 09:48,דלק,דלק,193.32,ILS,193.32,רגילה,0
user_018,2024-04-09 09:06,רכבת ישראל,תחבורה,27.41,ILS,27.41,רגילה,0
user_028,2024-07-17 13:01,אוניברסיטה,חינוך,116.74,ILS,116.74,רגילה,0
user_039,2024-09-12 11:28,Gett,תחבורה,47.78,ILS,47.78,רגילה,0
user_024,2024-10-04 12:33,סונול,דלק,52.86,USD,195.58,"עסקת חו""ל",0
user_043,2024-01-02 18:55,רב-קו,תחבורה,59.46,ILS,59.46,רגילה,0
user_013,2024-02-05 14:47,רכבת ישראל,תחבורה,25.22,ILS,25.22,רגילה,0
user_002,2024-08-01 15:26,Gett,תחבורה,29.25,ILS,29.25,רגילה,0
user_011,2024-07-19 21:48,ספוטיפיי,פנאי,82.9,ILS,82.9,תשלומים,0
user_038,2024-02-09 13:58,פז,דלק,228.18,ILS,228.18,רגילה,0
user_025,2024-04-19 18:09,רב-קו,תחבורה,73.86,ILS,73.86,רגילה,0
user_039,2024-11-16 09:23,פז,דלק,250.6,ILS,250.6,רגילה,0
user_027,2024-03-08 00:15,גולדה,מסעדות,251.65,GBP,1182.76,"עסקת חו""ל",1
user_041,2024-05-20 18:16,Udemy,חינוך,217.68,ILS,217.68,תשלומים,0
user_048,2024-05-28 19:53,טיב טעם,סופרמרקט,338.97,ILS,338.97,רגילה,0
user_007,2024-08-17 20:33,Gett,תחבורה,37.85,ILS,37.85,רגילה,0
user_009,2024-04-20 08:53,גולדה,מסעדות,68.32,ILS,68.32,הוראת קבע,0
user_031,2024-08-01 10:43,רב-קו,תחבורה,62.81,ILS,62.81,רגילה,0
user_016,2024-07-11 08:48,מחסני חשמל,חשמל,287.54,ILS,287.54,רגילה,0
user_039,2024-09-17 19:35,חברת חשמל,אחר,314.22,ILS,314.22,רגילה,0
user_029,2024-07-14 01:13,חברת חשמל,אחר,1875.86,ILS,1875.86,רגילה,1
user_023,2024-04-22 13:51,מחסני חשמל,חשמל,751.69,ILS,751.69,רגילה,0
user_022,2024-04-10 22:15,פז,דלק,215.97,ILS,215.97,הוראת קבע,0
user_027,2024-12-21 10:41,ביטוח,אחר,99.24,ILS,99.24,רגילה,0
user_026,2024-08-19 22:27,שופרסל,סופרמרקט,497.95,ILS,497.95,רגילה,0
user_003,2024-05-09 18:34,ביטוח,אחר,160.25,ILS,160.25,רגילה,0
user_008,2024-11-25 14:59,חברת חשמל,אחר,204.69,ILS,204.69,רגילה,0
user_015,2024-09-08 13:49,H&M,אופנה,34.73,GBP,163.23,"עסקת חו""ל",0
user_041,2024-06-13 20:08,סונול,דלק,221.56,ILS,221.56,רגילה,0
user_026,2024-08-06 20:44,Udemy,חינוך,102.16,ILS,102.16,רגילה,0
user_036,2024-02-27 19:36,זארה,אופנה,445.77,ILS,445.77,תשלומים,0
user_035,2024-01-18 11:22,דומינוס,מסעדות,62.06,ILS,62.06,רגילה,0
user_009,2024-12-20 12:01,פז,דלק,272.07,ILS,272.07,רגילה,0
user_018,2024-02-24 11:22,פוקס,אופנה,556.74,ILS,556.74,רגילה,0
user_002,2024-05-06 11:32,קפה גרג,מסעדות,17.24,GBP,81.03,"עסקת חו""ל",0
user_027,2024-03-28 17:49,חברת חשמל,אחר,66.16,ILS,66.16,תשלומים,0
user_044,2024-08-21 09:16,גולדה,מסעדות,131.38,ILS,131.38,רגילה,0
user_041,2024-10-01 10:54,Be,פארם,234.28,ILS,234.28,רגילה,0
user_011,2024-09-13 09:59,H&M,אופנה,385.31,ILS,385.31,רגילה,0
user_028,2024-10-16 19:22,רב-קו,תחבורה,57.09,ILS,57.09,רגילה,0
user_050,2024-12-05 14:36,Gett,תחבורה,53.58,ILS,53.58,רגילה,0
user_024,2024-09-24 11:48,נטפליקס,פנאי,38.07,ILS,38.07,רגילה,0
user_016,2024-11-09 14:08,מקדונלד'ס,מסעדות,182.32,ILS,182.32,רגילה,0
user_016,2024-10-11 21:06,מחסני חשמל,חשמל,308.58,GBP,1450.33,"עסקת חו""ל",0
user_003,2024-05-26 20:25,קפה גרג,מסעדות,151.99,ILS,151.99,רגילה,0
user_038,2024-01-11 09:55,סונול,דלק,138.92,ILS,138.92,רגילה,0
user_034,2024-03-15 10:27,סופר-פארם,פארם,119.18,ILS,119.18,תשלומים,0
user_025,2024-03-22 18:07,טיב טעם,סופרמרקט,376.3,ILS,376.3,תשלומים,0
user_004,2024-10-26 13:46,H&M,אופנה,482.72,ILS,482.72,תשלומים,0
user_045,2024-09-08 16:39,רכבת ישראל,תחבורה,30.77,ILS,30.77,רגילה,0
user_011,2024-06-11 22:08,זארה,אופנה,2.13,GBP,10.01,"עסקת חו""ל",0
user_024,2024-11-04 14:07,דלק,דלק,207.35,ILS,207.35,רגילה,0
user_049,2024-05-22 14:04,סופר-פארם,פארם,55.92,ILS,55.92,רגילה,0
user_013,2024-06-21 09:47,סונול,דלק,155.88,ILS,155.88,רגילה,0
user_049,2024-06-12 14:07,פז,דלק,231.12,ILS,231.12,רגילה,0
user_012,2024-02-04 21:13,יס פלאנט,פנאי,107.56,ILS,107.56,רגילה,0
user_013,2024-12-26 18:50,Udemy,חינוך,253.26,ILS,253.26,רגילה,0
user_010,2024-12-17 17:23,פוקס,אופנה,58.64,EUR,234.56,"עסקת חו""ל",0
user_034,2024-03-14 03:40,פוקס,אופנה,1904.19,ILS,1904.19,תשלומים,1
user_041,2024-06-25 13:06,אוניברסיטה,חינוך,148.26,ILS,148.26,רגילה,0
user_048,2024-04-23 08:16,גולדה,מסעדות,135.81,ILS,135.81,רגילה,0
user_011,2024-07-02 02:52,פוקס,אופנה,3732.14,ILS,3732.14,הוראת קבע,1
user_037,2024-01-09 20:30,מקדונלד'ס,מסעדות,96.49,ILS,96.49,רגילה,0
user_015,2024-06-26 08:57,דלק,דלק,196.36,ILS,196.36,רגילה,0
user_018,2024-10-18 17:54,Be,פארם,17.43,ILS,17.43,רגילה,0
user_044,2024-07-20 13:31,Be,פארם,275.85,ILS,275.85,רגילה,0
user_029,2024-09-21 12:24,יס פלאנט,פנאי,2.23,GBP,10.48,"עסקת חו""ל",0
user_034,2024-01-22 14:53,ביטוח,אחר,10.0,ILS,10.0,רגילה,0
user_023,2024-05-04 10:52,אייבורי,חשמל,2.13,GBP,10.01,"עסקת חו""ל",0
user_035,2024-02-02 16:44,יס פלאנט,פנאי,71.58,ILS,71.58,רגילה,0
user_003,2024-04-21 12:55,Be,פארם,142.75,ILS,142.75,רגילה,0
user_040,2024-05-21 09:04,סופר-פארם,פארם,216.24,ILS,216.24,רגילה,0
user_010,2024-04-11 10:00,חברת חשמל,אחר,251.44,ILS,251.44,תשלומים,0
user_039,2024-08-21 17:14,Be,פארם,110.83,ILS,110.83,רגילה,0
user_050,2024-12-02 18:16,קסטרו,אופנה,2.7,USD,9.99,"עסקת חו""ל",0
user_030,2024-07-23 11:05,דלק,דלק,187.76,ILS,187.76,רגילה,0
user_027,2024-07-09 18:55,רכבת ישראל,תחבורה,19.82,ILS,19.82,תשלומים,0
user_035,2024-04-22 08:38,סופר-פארם,פארם,102.97,ILS,102.97,תשלומים,0
user_022,2024-01-03 18:42,רכבת ישראל,תחבורה,2.5,EUR,10.0,"עסקת חו""ל",0
user_005,2024-02-07 15:39,נטפליקס,פנאי,42.46,ILS,42.46,תשלומים,0
user_027,2024-11-26 20:38,שופרסל,סופרמרקט,86.17,GBP,405.0,"עסקת חו""ל",0
user_021,2024-12-18 12:08,רמי לוי,סופרמרקט,302.83,ILS,302.83,רגילה,0
user_001,2024-10-01 19:18,יס פלאנט,פנאי,66.15,ILS,66.15,רגילה,0
user_016,2024-07-24 08:15,חברת חשמל,אחר,180.64,ILS,180.64,רגילה,0
user_036,2024-10-22 20:02,Udemy,חינוך,214.08,ILS,214.08,רגילה,0
user_042,2024-01-12 21:23,נטפליקס,פנאי,46.56,ILS,46.56,רגילה,0
user_021,2024-08-08 11:30,רב-קו,תחבורה,66.77,ILS,66.77,רגילה,0
user_023,2024-07-22 20:31,רכבת ישראל,תחבורה,32.55,ILS,32.55,תשלומים,0
user_007,2024-06-16 10:31,אייבורי,חשמל,940.21,ILS,940.21,רגילה,0
user_048,2024-09-11 01:36,דלק,דלק,2006.8,ILS,2006.8,רגילה,1
user_015,2024-01-24 11:48,ספוטיפיי,פנאי,79.77,ILS,79.77,תשלומים,0
user_010,2024-12-16 20:28,KSP,חשמל,538.09,ILS,538.09,רגילה,0
user_013,2024-10-19 11:27,אוניברסיטה,חינוך,422.52,ILS,422.52,רגילה,0
user_049,2024-05-03 22:34,KSP,חשמל,981.05,ILS,981.05,רגילה,0
user_017,2024-05-05 16:34,מקדונלד'ס,מסעדות,120.23,ILS,120.23,רגילה,0
user_012,2024-08-19 22:20,חברת חשמל,אחר,221.75,ILS,221.75,הוראת קבע,0
user_049,2024-12-20 22:43,סופר-פארם,פארם,62.5,USD,231.25,"עסקת חו""ל",0
user_019,2024-01-12 15:02,עירייה,אחר,187.13,ILS,187.13,רגילה,0
user_015,2024-05-27 16:19,Udemy,חינוך,210.38,ILS,210.38,רגילה,0
user_025,2024-11-19 09:09,פוקס,אופנה,417.0,ILS,417.0,הוראת קבע,0
user_026,2024-05-23 18:05,סונול,דלק,50.88,EUR,203.52,"עסקת חו""ל",0
user_044,2024-07-18 13:57,ביטוח,אחר,304.57,ILS,304.57,רגילה,0
user_029,2024-07-07 19:43,קסטרו,אופנה,142.82,ILS,142.82,רגילה,0
user_007,2024-11-24 18:13,מקדונלד'ס,מסעדות,152.43,ILS,152.43,רגילה,0
user_031,2024-01-23 20:57,רב-קו,תחבורה,25.93,ILS,25.93,רגילה,0
user_022,2024-03-08 22:00,רמי לוי,סופרמרקט,336.04,ILS,336.04,רגילה,0
user_045,2024-03-24 12:31,ספוטיפיי,פנאי,33.2,ILS,33.2,רגילה,0
user_037,2024-03-04 18:07,זארה,אופנה,427.67,ILS,427.67,רגילה,0
user_045,2024-01-22 22:13,ויקטורי,סופרמרקט,252.79,ILS,252.79,רגילה,0
user_025,2024-09-13 22:38,Be,פארם,153.66,ILS,153.66,רגילה,0
user_009,2024-05-17 15:39,שופרסל,סופרמרקט,299.77,ILS,299.77,הוראת קבע,0
user_045,2024-12-12 15:27,סונול,דלק,230.91,ILS,230.91,תשלומים,0
user_049,2024-03-27 10:46,סופר-פארם,פארם,247.45,ILS,247.45,רגילה,0
user_009,2024-01-23 15:38,אייבורי,חשמל,624.64,ILS,624.64,רגילה,0
user_014,2024-03-15 21:58,רמי לוי,סופרמרקט,291.38,ILS,291.38,רגילה,0
user_005,2024-04-07 05:26,אוניברסיטה,חינוך,2253.78,ILS,2253.78,רגילה,1
user_016,2024-04-19 04:04,קסטרו,אופנה,1905.3,ILS,1905.3,הוראת קבע,1
user_004,2024-06-09 22:51,מקדונלד'ס,מסעדות,137.94,ILS,137.94,רגילה,0
user_014,2024-06-07 19:33,ספוטיפיי,פנאי,95.11,ILS,95.11,תשלומים,0
user_003,2024-11-06 11:57,גולדה,מסעדות,126.76,ILS,126.76,רגילה,0
user_030,2024-12-15 05:11,פוקס,אופנה,3142.9,ILS,3142.9,רגילה,1
user_020,2024-05-17 18:32,KSP,חשמל,845.33,ILS,845.33,רגילה,0
user_018,2024-12-03 14:00,ויקטורי,סופרמרקט,241.11,ILS,241.11,הוראת קבע,0
user_015,2024-05-22 12:41,KSP,חשמל,1014.88,ILS,1014.88,תשלומים,0
user_019,2024-08-04 13:45,Gett,תחבורה,66.98,ILS,66.98,תשלומים,0
user_042,2024-04-28 04:20,אייבורי,חשמל,7967.17,ILS,7967.17,הוראת קבע,1
user_034,2024-12-15 13:20,נטפליקס,פנאי,69.1,ILS,69.1,רגילה,0
user_040,2024-01-27 08:14,עירייה,אחר,288.05,ILS,288.05,רגילה,0
user_031,2024-04-07 19:02,H&M,אופנה,315.87,ILS,315.87,רגילה,0
user_039,2024-03-11 11:09,קפה גרג,מסעדות,262.04,ILS,262.04,רגילה,0
user_009,2024-04-19 09:41,נטפליקס,פנאי,92.75,ILS,92.75,רגילה,0
user_029,2024-10-26 20:53,Udemy,חינוך,178.75,ILS,178.75,רגילה,0
user_044,2024-06-03 19:20,ספוטיפיי,פנאי,74.43,ILS,74.43,רגילה,0
user_038,2024-10-17 13:47,עירייה,אחר,23.19,ILS,23.19,תשלומים,0
user_027,2024-01-19 18:27,רב-קו,תחבורה,28.69,ILS,28.69,רגילה,0
user_019,2024-07-03 19:30,Be,פארם,84.91,ILS,84.91,רגילה,0
user_037,2024-04-22 22:19,Udemy,חינוך,39.67,GBP,186.45,"עסקת חו""ל",0
user_016,2024-01-02 13:09,רמי לוי,סופרמרקט,470.9,ILS,470.9,רגילה,0
user_035,2024-06-13 14:04,מחסני חשמל,חשמל,164.89,EUR,659.56,"עסקת חו""ל",0
user_022,2024-10-02 08:40,סופר-פארם,פארם,98.39,ILS,98.39,רגילה,0
user_032,2024-06-04 08:17,סופר-פארם,פארם,90.5,ILS,90.5,רגילה,0
user_037,2024-12-08 16:32,H&M,אופנה,140.87,ILS,140.87,רגילה,0
user_026,2024-11-09 13:01,Udemy,חינוך,67.24,USD,248.79,"עסקת חו""ל",0
user_041,2024-06-01 16:22,ספוטיפיי,פנאי,88.28,ILS,88.28,תשלומים,0
user_009,2024-04-15 17:21,טיב טעם,סופרמרקט,98.89,USD,365.89,"עסקת חו""ל",0
user_012,2024-04-04 13:13,ספוטיפיי,פנאי,26.63,ILS,26.63,רגילה,0
user_009,2024-01-17 01:17,ספוטיפיי,פנאי,310.37,ILS,310.37,רגילה,1
user_012,2024-03-26 22:48,דלק,דלק,177.75,ILS,177.75,רגילה,0
user_012,2024-09-27 15:02,רכבת ישראל,תחבורה,49.07,ILS,49.07,רגילה,0
user_026,2024-08-20 21:12,Udemy,חינוך,63.29,ILS,63.29,הוראת קבע,0
user_003,2024-06-26 13:13,שופרסל,סופרמרקט,452.34,ILS,452.34,הוראת קבע,0
user_023,2024-04-19 12:41,נטפליקס,פנאי,74.77,ILS,74.77,רגילה,0
user_002,2024-10-07 20:56,אייבורי,חשמל,76.92,GBP,361.52,"עסקת חו""ל",0
user_007,2024-12-01 14:56,גולדה,מסעדות,82.07,ILS,82.07,תשלומים,0
user_002,2024-11-09 20:12,פז,דלק,210.77,ILS,210.77,הוראת קבע,0
user_045,2024-08-06 17:45,סופר-פארם,פארם,204.26,ILS,204.26,תשלומים,0
user_045,2024-10-12 19:41,רב-קו,תחבורה,28.34,ILS,28.34,רגילה,0
user_016,2024-08-13 18:17,זארה,אופנה,456.58,ILS,456.58,רגילה,0
user_002,2024-11-21 22:25,ויקטורי,סופרמרקט,562.77,ILS,562.77,תשלומים,0
user_010,2024-09-02 09:49,Be,פארם,117.02,ILS,117.02,רגילה,0
user_006,2024-11-17 02:35,גולדה,מסעדות,1290.76,ILS,1290.76,רגילה,1
user_045,2024-05-23 22:29,H&M,אופנה,205.14,ILS,205.14,תשלומים,0
user_020,2024-03-06 18:19,אוניברסיטה,חינוך,71.54,ILS,71.54,רגילה,0
user_029,2024-07-22 15:50,אוניברסיטה,חינוך,63.74,EUR,254.96,"עסקת חו""ל",0
user_041,2024-12-20 16:18,עירייה,אחר,10.0,ILS,10.0,תשלומים,0
user_031,2024-03-15 17:19,סופר-פארם,פארם,134.33,ILS,134.33,רגילה,0
user_046,2024-10-03 14:57,H&M,אופנה,325.12,ILS,325.12,הוראת קבע,0
user_015,2024-03-12 11:46,Udemy,חינוך,68.69,GBP,322.84,"עסקת חו""ל",0
user_022,2024-11-06 15:24,Udemy,חינוך,74.67,GBP,350.95,"עסקת חו""ל",0
user_014,2024-08-12 20:52,יס פלאנט,פנאי,8.88,GBP,41.74,"עסקת חו""ל",0
user_032,2024-01-25 20:32,דלק,דלק,41.57,EUR,166.28,"עסקת חו""ל",0
user_004,2024-03-10 18:02,רכבת ישראל,תחבורה,54.69,ILS,54.69,רגילה,0
user_050,2024-11-26 16:18,Be,פארם,126.46,ILS,126.46,רגילה,0
user_032,2024-02-22 09:57,רב-קו,תחבורה,87.62,ILS,87.62,רגילה,0
user_030,2024-12-04 15:01,יס פלאנט,פנאי,38.93,ILS,38.93,רגילה,0
user_022,2024-07-08 05:56,ויקטורי,סופרמרקט,1868.79,ILS,1868.79,רגילה,1
user_030,2024-05-20 08:29,אוניברסיטה,חינוך,132.23,ILS,132.23,רגילה,0
user_013,2024-08-09 22:14,H&M,אופנה,128.92,ILS,128.92,רגילה,0
user_044,2024-12-26 15:14,קפה גרג,מסעדות,239.17,ILS,239.17,תשלומים,0
user_033,2024-05-03 21:34,Be,פארם,257.96,ILS,257.96,רגילה,0
user_023,2024-08-13 09:19,מחסני חשמל,חשמל,369.79,ILS,369.79,הוראת קבע,0
user_041,2024-05-03 16:50,סופר-פארם,פארם,200.0,ILS,200.0,רגילה,0
user_006,2024-12-18 11:44,קסטרו,אופנה,367.37,ILS,367.37,רגילה,0
user_026,2024-11-04 16:21,ויקטורי,סופרמרקט,475.0,ILS,475.0,רגילה,0
user_026,2024-12-15 14:58,אייבורי,חשמל,821.69,ILS,821.69,רגילה,0
user_049,2024-08-15 08:11,דומינוס,מסעדות,185.17,ILS,185.17,רגילה,0
user_028,2024-08-23 15:16,נטפליקס,פנאי,65.81,ILS,65.81,רגילה,0
user_011,2024-08-19 20:45,קסטרו,אופנה,345.02,ILS,345.02,תשלומים,0
user_002,2024-08-16 09:16,זארה,אופנה,158.13,ILS,158.13,רגילה,0
user_005,2024-08-11 05:17,יס פלאנט,פנאי,312.01,ILS,312.01,רגילה,1
user_036,2024-08-23 20:09,Gett,תחבורה,61.92,ILS,61.92,תשלומים,0
user_047,2024-08-08 11:22,רמי לוי,סופרמרקט,488.34,ILS,488.34,תשלומים,0
user_023,2024-12-15 16:31,מחסני חשמל,חשמל,673.98,ILS,673.98,רגילה,0
user_050,2024-11-24 17:24,קפה גרג,מסעדות,191.17,ILS,191.17,רגילה,0
user_025,2024-02-16 17:34,חברת חשמל,אחר,308.33,ILS,308.33,רגילה,0
user_002,2024-05-13 14:24,פז,דלק,198.47,ILS,198.47,רגילה,0
user_024,2024-08-13 18:20,רב-קו,תחבורה,28.49,ILS,28.49,רגילה,0
user_027,2024-02-24 13:51,Be,פארם,161.0,ILS,161.0,תשלומים,0
user_041,2024-09-22 21:09,עירייה,אחר,244.85,ILS,244.85,רגילה,0
user_002,2024-04-27 22:20,גולדה,מסעדות,193.51,ILS,193.51,רגילה,0
user_026,2024-10-10 22:11,שופרסל,סופרמרקט,547.34,ILS,547.34,רגילה,0
user_007,2024-11-06 13:38,ביטוח,אחר,79.24,ILS,79.24,רגילה,0
user_017,2024-08-25 17:18,קסטרו,אופנה,81.02,EUR,324.08,"עסקת חו""ל",0
user_015,2024-05-06 22:36,ספוטיפיי,פנאי,54.12,ILS,54.12,רגילה,0
user_023,2024-09-09 08:16,Udemy,חינוך,340.64,ILS,340.64,רגילה,0
user_034,2024-07-25 22:55,יס פלאנט,פנאי,99.43,ILS,99.43,רגילה,0
user_011,2024-11-15 08:42,סופר-פארם,פארם,238.23,ILS,238.23,רגילה,0
user_024,2024-08-15 22:18,עירייה,אחר,55.6,ILS,55.6,תשלומים,0
user_050,2024-11-08 17:13,פז,דלק,223.84,ILS,223.84,רגילה,0
user_018,2024-09-26 19:34,מחסני חשמל,חשמל,360.25,ILS,360.25,רגילה,0
user_022,2024-08-24 17:46,חברת חשמל,אחר,244.21,ILS,244.21,תשלומים,0
user_028,2024-11-12 18:12,סופר-פארם,פארם,125.88,ILS,125.88,רגילה,0
user_035,2024-04-01 21:32,סופר-פארם,פארם,10.0,ILS,10.0,רגילה,0
user_027,2024-10-26 20:30,Udemy,חינוך,140.53,ILS,140.53,תשלומים,0
user_020,2024-05-10 21:23,אוניברסיטה,חינוך,256.88,ILS,256.88,תשלומים,0
user_035,2024-10-11 11:40,דלק,דלק,130.29,ILS,130.29,רגילה,0
user_042,2024-04-18 15:29,עירייה,אחר,309.45,ILS,309.45,רגילה,0
user_002,2024-01-22 18:48,Be,פארם,51.63,EUR,206.52,"עסקת חו""ל",0
user_029,2024-06-04 14:12,רכבת ישראל,תחבורה,81.48,ILS,81.48,רגילה,0
user_044,2024-12-27 10:59,רב-קו,תחבורה,43.16,ILS,43.16,תשלומים,0
user_009,2024-06-02 08:06,Udemy,חינוך,144.7,ILS,144.7,רגילה,0
user_005,2024-07-09 14:55,זארה,אופנה,105.21,ILS,105.21,רגילה,0
user_008,2024-12-05 17:01,זארה,אופנה,71.74,ILS,71.74,רגילה,0
user_047,2024-11-27 19:58,דלק,דלק,197.9,ILS,197.9,תשלומים,0
user_034,2024-06-04 18:34,רמי לוי,סופרמרקט,323.29,ILS,323.29,רגילה,0
user_022,2024-02-01 18:45,קסטרו,אופנה,377.84,ILS,377.84,רגילה,0
user_017,2024-10-26 17:33,קפה גרג,מסעדות,134.05,ILS,134.05,רגילה,0
user_007,2024-10-04 14:23,מקדונלד'ס,מסעדות,180.25,ILS,180.25,רגילה,0
user_038,2024-03-17 03:49,ויקטורי,סופרמרקט,3599.57,ILS,3599.57,רגילה,1
user_044,2024-09-17 16:21,אוניברסיטה,חינוך,231.1,ILS,231.1,רגילה,0
user_009,2024-12-18 17:42,פז,דלק,172.53,ILS,172.53,רגילה,0
user_016,2024-07-07 01:36,רכבת ישראל,תחבורה,469.63,ILS,469.63,רגילה,1
user_038,2024-07-18 14:23,טיב טעם,סופרמרקט,107.0,ILS,107.0,תשלומים,0
user_026,2024-07-06 09:25,Be,פארם,93.74,ILS,93.74,רגילה,0
user_049,2024-06-24 19:05,קסטרו,אופנה,404.25,ILS,404.25,רגילה,0
user_003,2024-06-25 09:50,Gett,תחבורה,58.7,ILS,58.7,תשלומים,0
user_009,2024-11-16 21:46,ויקטורי,סופרמרקט,161.16,ILS,161.16,תשלומים,0
user_021,2024-10-27 18:05,עירייה,אחר,225.11,ILS,225.11,רגילה,0
user_044,2024-06-06 09:33,פז,דלק,197.45,ILS,197.45,רגילה,0
user_013,2024-09-08 00:34,KSP,חשמל,7084.74,ILS,7084.74,רגילה,1
user_041,2024-08-22 03:27,KSP,חשמל,6351.26,ILS,6351.26,רגילה,1
user_017,2024-04-25 17:13,סונול,דלק,169.37,ILS,169.37,רגילה,0
user_008,2024-02-02 11:11,זארה,אופנה,532.22,ILS,532.22,רגילה,0
user_021,2024-03-16 16:46,מחסני חשמל,חשמל,314.12,ILS,314.12,רגילה,0
user_050,2024-02-06 08:43,ספוטיפיי,פנאי,48.07,ILS,48.07,רגילה,0
user_016,2024-12-09 18:47,ויקטורי,סופרמרקט,351.44,ILS,351.44,הוראת קבע,0
user_013,2024-01-09 11:34,יס פלאנט,פנאי,77.13,ILS,77.13,תשלומים,0
user_003,2024-10-18 10:18,רכבת ישראל,תחבורה,27.96,ILS,27.96,רגילה,0
user_031,2024-01-10 17:36,חברת חשמל,אחר,65.84,USD,243.61,"עסקת חו""ל",0
user_013,2024-10-07 08:14,סופר-פארם,פארם,237.7,ILS,237.7,רגילה,0
user_038,2024-03-26 20:13,ביטוח,אחר,194.82,ILS,194.82,רגילה,0
user_045,2024-11-26 11:24,פוקס,אופנה,10.0,ILS,10.0,רגילה,0
user_020,2024-09-14 17:46,סופר-פארם,פארם,122.98,ILS,122.98,רגילה,0
user_016,2024-11-28 22:59,רכבת ישראל,תחבורה,63.7,ILS,63.7,רגילה,0
user_026,2024-03-15 08:12,H&M,אופנה,156.23,ILS,156.23,רגילה,0
user_005,2024-01-25 15:09,רכבת ישראל,תחבורה,73.39,ILS,73.39,רגילה,0
user_019,2024-08-01 14:17,דלק,דלק,200.37,ILS,200.37,רגילה,0
user_018,2024-07-26 08:25,מחסני חשמל,חשמל,473.35,ILS,473.35,רגילה,0
user_015,2024-09-26 16:31,פוקס,אופנה,182.06,ILS,182.06,רגילה,0
user_026,2024-09-02 19:01,שופרסל,סופרמרקט,55.33,GBP,260.05,"עסקת חו""ל",0
user_038,2024-08-16 10:19,אוניברסיטה,חינוך,203.11,ILS,203.11,רגילה,0
user_015,2024-10-28 13:27,סונול,דלק,201.06,ILS,201.06,רגילה,0
user_009,2024-10-06 09:27,זארה,אופנה,10.0,ILS,10.0,תשלומים,0
user_014,2024-02-21 13:25,קפה גרג,מסעדות,134.59,ILS,134.59,רגילה,0
user_009,2024-11-27 22:24,דומינוס,מסעדות,121.9,ILS,121.9,תשלומים,0
user_008,2024-01-09 14:42,פז,דלק,155.42,ILS,155.42,רגילה,0
user_016,2024-09-24 11:35,ויקטורי,סופרמרקט,376.87,ILS,376.87,רגילה,0
user_006,2024-12-24 15:14,רב-קו,תחבורה,8.76,GBP,41.17,"עסקת חו""ל",0
user_043,2024-09-03 18:02,אוניברסיטה,חינוך,206.12,ILS,206.12,רגילה,0
user_047,2024-03-11 22:00,דומינוס,מסעדות,24.29,EUR,97.16,"עסקת חו""ל",0
user_016,2024-01-09 10:56,אייבורי,חשמל,323.69,ILS,323.69,רגילה,0
user_035,2024-10-04 18:10,ביטוח,אחר,250.33,ILS,250.33,תשלומים,0
user_050,2024-04-20 12:38,רכבת ישראל,תחבורה,68.35,ILS,68.35,הוראת קבע,0
user_024,2024-03-06 22:28,סונול,דלק,201.85,ILS,201.85,רגילה,0
user_041,2024-07-11 09:55,יס פלאנט,פנאי,37.97,ILS,37.97,רגילה,0
user_044,2024-03-04 21:15,קפה גרג,מסעדות,184.42,ILS,184.42,תשלומים,0
user_031,2024-11-26 10:27,Udemy,חינוך,43.15,ILS,43.15,רגילה,0
user_048,2024-07-08 17:41,H&M,אופנה,340.33,ILS,340.33,תשלומים,0
user_006,2024-10-03 14:36,KSP,חשמל,1102.02,ILS,1102.02,הוראת קבע,0
user_024,2024-06-25 09:15,Udemy,חינוך,179.04,ILS,179.04,תשלומים,0
user_008,2024-04-02 19:17,מקדונלד'ס,מסעדות,189.98,ILS,189.98,רגילה,0
user_040,2024-12-26 11:40,ביטוח,אחר,80.6,USD,298.22,"עסקת חו""ל",0
user_047,2024-09-06 02:59,פוקס,אופנה,2273.87,ILS,2273.87,הוראת קבע,1
user_028,2024-11-28 11:48,אייבורי,חשמל,1065.28,ILS,1065.28,רגילה,0
user_031,2024-07-16 13:29,אוניברסיטה,חינוך,164.66,ILS,164.66,תשלומים,0
user_018,2024-05-26 20:38,סונול,דלק,186.24,ILS,186.24,רגילה,0
user_025,2024-06-07 17:49,יס פלאנט,פנאי,32.76,ILS,32.76,רגילה,0
user_008,2024-03-15 08:12,Gett,תחבורה,40.29,ILS,40.29,רגילה,0
user_015,2024-09-26 14:47,פוקס,אופנה,133.86,ILS,133.86,תשלומים,0
user_023,2024-08-19 17:24,Udemy,חינוך,246.59,ILS,246.59,רגילה,0
user_018,2024-07-01 09:04,רכבת ישראל,תחבורה,36.14,ILS,36.14,רגילה,0
user_041,2024-08-17 17:19,Udemy,חינוך,127.83,ILS,127.83,רגילה,0
user_026,2024-10-18 19:48,ספוטיפיי,פנאי,51.67,ILS,51.67,תשלומים,0
user_010,2024-04-13 20:23,KSP,חשמל,774.12,ILS,774.12,רגילה,0
user_018,2024-01-13 04:12,רב-קו,תחבורה,101.72,EUR,406.88,"עסקת חו""ל",1
user_031,2024-08-24 14:21,סונול,דלק,176.79,ILS,176.79,רגילה,0
user_001,2024-11-11 17:02,מחסני חשמל,חשמל,680.7,ILS,680.7,תשלומים,0
user_037,2024-07-19 18:02,אוניברסיטה,חינוך,85.38,EUR,341.52,"עסקת חו""ל",0
user_012,2024-03-10 21:10,יס פלאנט,פנאי,61.5,ILS,61.5,רגילה,0
user_006,2024-10-20 16:10,ביטוח,אחר,6.56,USD,24.27,"עסקת חו""ל",0
user_024,2024-11-01 03:10,אוניברסיטה,חינוך,2691.99,ILS,2691.99,רגילה,1
user_019,2024-07-18 17:24,עירייה,אחר,237.61,ILS,237.61,רגילה,0
user_035,2024-12-09 22:20,Be,פארם,41.13,EUR,164.52,"עסקת חו""ל",0
user_008,2024-03-02 21:07,חברת חשמל,אחר,344.41,ILS,344.41,רגילה,0
user_026,2024-02-09 21:19,דומינוס,מסעדות,116.4,ILS,116.4,רגילה,0
user_034,2024-06-23 17:11,טיב טעם,סופרמרקט,448.18,ILS,448.18,רגילה,0
user_010,2024-10-20 12:36,נטפליקס,פנאי,53.0,ILS,53.0,תשלומים,0
user_024,2024-04-05 09:41,Be,פארם,121.03,ILS,121.03,רגילה,0
user_049,2024-01-27 12:58,ויקטורי,סופרמרקט,302.16,ILS,302.16,תשלומים,0
user_029,2024-02-25 12:47,סונול,דלק,24.77,GBP,116.42,"עסקת חו""ל",0
user_049,2024-08-04 16:35,קסטרו,אופנה,355.31,ILS,355.31,רגילה,0
user_017,2024-10-21 17:37,ביטוח,אחר,226.09,ILS,226.09,תשלומים,0
user_031,2024-08-05 14:37,Gett,תחבורה,27.18,ILS,27.18,תשלומים,0
user_037,2024-03-23 13:36,סונול,דלק,197.14,ILS,197.14,רגילה,0
user_001,2024-12-02 22:07,מקדונלד'ס,מסעדות,126.01,ILS,126.01,תשלומים,0
user_027,2024-05-11 12:26,רב-קו,תחבורה,44.48,ILS,44.48,תשלומים,0
user_015,2024-12-08 10:20,ויקטורי,סופרמרקט,485.27,ILS,485.27,רגילה,0
user_036,2024-03-28 11:55,KSP,חשמל,1536.56,ILS,1536.56,רגילה,0
user_017,2024-07-11 16:45,זארה,אופנה,355.59,ILS,355.59,רגילה,0
user_004,2024-11-03 10:57,אוניברסיטה,חינוך,480.09,ILS,480.09,רגילה,0
user_027,2024-12-09 12:37,דומינוס,מסעדות,119.47,ILS,119.47,תשלומים,0
user_011,2024-02-28 22:02,Udemy,חינוך,29.99,EUR,119.96,"עסקת חו""ל",0
user_020,2024-03-02 14:54,נטפליקס,פנאי,69.34,ILS,69.34,רגילה,0
user_008,2024-01-19 12:19,קסטרו,אופנה,49.45,EUR,197.8,"עסקת חו""ל",0
user_007,2024-12-11 18:05,פז,דלק,189.04,ILS,189.04,תשלומים,0
user_040,2024-07-06 18:09,מחסני חשמל,חשמל,682.74,ILS,682.74,רגילה,0
user_050,2024-01-25 12:32,סופר-פארם,פארם,10.0,ILS,10.0,רגילה,0
user_032,2024-02-05 16:44,חברת חשמל,אחר,119.59,ILS,119.59,תשלומים,0
user_036,2024-06-20 19:49,אוניברסיטה,חינוך,42.83,GBP,201.3,"עסקת חו""ל",0
user_009,2024-03-22 19:27,פז,דלק,211.07,ILS,211.07,רגילה,0
user_032,2024-08-23 19:35,סופר-פארם,פארם,121.66,ILS,121.66,תשלומים,0
user_009,2024-06-26 21:39,עירייה,אחר,360.58,ILS,360.58,תשלומים,0
user_038,2024-12-19 22:34,נטפליקס,פנאי,61.22,ILS,61.22,רגילה,0
user_028,2024-11-22 20:14,ביטוח,אחר,159.34,ILS,159.34,רגילה,0
user_032,2024-06-04 19:12,טיב טעם,סופרמרקט,321.66,ILS,321.66,רגילה,0
user_050,2024-09-09 22:24,רכבת ישראל,תחבורה,10.54,GBP,49.54,"עסקת חו""ל",0
user_039,2024-04-23 08:30,KSP,חשמל,721.43,ILS,721.43,רגילה,0
user_016,2024-03-12 20:12,Gett,תחבורה,44.01,ILS,44.01,רגילה,0
user_013,2024-03-28 12:05,דלק,דלק,57.81,EUR,231.24,"עסקת חו""ל",0
user_025,2024-12-24 08:56,Gett,תחבורה,48.74,ILS,48.74,תשלומים,0
user_006,2024-07-14 22:04,רכבת ישראל,תחבורה,9.8,GBP,46.06,"עסקת חו""ל",0
user_028,2024-06-26 21:21,Udemy,חינוך,358.05,ILS,358.05,רגילה,0
user_004,2024-10-10 04:15,דומינוס,מסעדות,1185.56,ILS,1185.56,רגילה,1
user_013,2024-06-12 10:59,פז,דלק,200.66,ILS,200.66,רגילה,0
user_013,2024-03-06 18:57,סונול,דלק,286.08,ILS,286.08,רגילה,0
user_032,2024-05-09 08:48,KSP,חשמל,765.23,ILS,765.23,רגילה,0
user_004,2024-09-19 21:18,סופר-פארם,פארם,124.7,ILS,124.7,רגילה,0
user_027,2024-05-07 14:14,Udemy,חינוך,211.16,ILS,211.16,רגילה,0
user_028,2024-12-21 15:53,H&M,אופנה,363.38,ILS,363.38,רגילה,0
user_020,2024-08-10 08:36,זארה,אופנה,128.51,GBP,604.0,"עסקת חו""ל",0
user_007,2024-07-03 18:00,Gett,תחבורה,73.66,ILS,73.66,רגילה,0
user_034,2024-09-08 16:07,גולדה,מסעדות,108.53,ILS,108.53,רגילה,0
user_016,2024-04-21 16:47,דלק,דלק,214.0,ILS,214.0,רגילה,0
user_039,2024-11-20 08:37,חברת חשמל,אחר,158.76,ILS,158.76,רגילה,0
user_012,2024-07-28 18:23,Gett,תחבורה,63.91,ILS,63.91,רגילה,0
user_009,2024-10-23 17:51,רב-קו,תחבורה,73.26,ILS,73.26,רגילה,0
user_025,2024-11-28 19:43,עירייה,אחר,218.05,ILS,218.05,רגילה,0
user_049,2024-03-24 15:43,רכבת ישראל,תחבורה,81.65,ILS,81.65,רגילה,0
user_026,2024-03-23 11:32,Gett,תחבורה,67.09,ILS,67.09,רגילה,0
user_012,2024-09-07 16:52,עירייה,אחר,147.69,ILS,147.69,רגילה,0
user_026,2024-12-03 20:08,רמי לוי,סופרמרקט,319.37,ILS,319.37,רגילה,0
user_028,2024-04-23 12:51,מקדונלד'ס,מסעדות,52.34,ILS,52.34,הוראת קבע,0
user_042,2024-12-18 18:23,Be,פארם,181.58,ILS,181.58,רגילה,0
user_020,2024-12-23 10:39,אוניברסיטה,חינוך,71.07,USD,262.96,"עסקת חו""ל",0
user_035,2024-08-17 10:31,חברת חשמל,אחר,319.42,ILS,319.42,רגילה,0
user_008,2024-07-02 18:44,ביטוח,אחר,261.2,ILS,261.2,רגילה,0
user_047,2024-12-20 14:03,חברת חשמל,אחר,67.48,EUR,269.92,"עסקת חו""ל",0
user_014,2024-10-21 13:01,יס פלאנט,פנאי,77.08,ILS,77.08,רגילה,0
user_023,2024-12-07 18:25,קסטרו,אופנה,60.33,ILS,60.33,רגילה,0
user_010,2024-11-25 09:58,רמי לוי,סופרמרקט,238.19,ILS,238.19,רגילה,0
user_025,2024-04-07 12:46,דלק,דלק,284.84,ILS,284.84,רגילה,0
user_043,2024-06-11 14:39,פז,דלק,33.35,GBP,156.75,"עסקת חו""ל",0
user_013,2024-11-23 22:29,מקדונלד'ס,מסעדות,100.28,ILS,100.28,רגילה,0
user_010,2024-10-20 08:45,סונול,דלק,281.16,ILS,281.16,הוראת קבע,0
user_039,2024-01-01 19:16,מקדונלד'ס,מסעדות,120.88,ILS,120.88,רגילה,0
user_014,2024-10-12 20:05,פז,דלק,202.47,ILS,202.47,רגילה,0
user_040,2024-10-16 13:44,נטפליקס,פנאי,66.35,ILS,66.35,רגילה,0
user_039,2024-07-17 20:04,דומינוס,מסעדות,157.88,ILS,157.88,הוראת קבע,0
user_020,2024-08-16 08:57,אייבורי,חשמל,72.16,ILS,72.16,רגילה,0
user_007,2024-02-22 11:52,אוניברסיטה,חינוך,63.02,USD,233.17,"עסקת חו""ל",0
user_009,2024-01-03 09:23,מקדונלד'ס,מסעדות,85.77,ILS,85.77,רגילה,0
user_011,2024-05-03 18:25,רב-קו,תחבורה,38.12,ILS,38.12,רגילה,0
user_044,2024-12-09 17:15,שופרסל,סופרמרקט,218.28,ILS,218.28,רגילה,0
user_044,2024-12-27 11:26,יס פלאנט,פנאי,61.71,ILS,61.71,רגילה,0
user_043,2024-05-15 14:20,שופרסל,סופרמרקט,439.48,ILS,439.48,רגילה,0
user_045,2024-04-11 22:43,אוניברסיטה,חינוך,165.74,ILS,165.74,רגילה,0
user_044,2024-05-14 13:23,נטפליקס,פנאי,63.09,ILS,63.09,תשלומים,0
user_001,2024-04-15 19:19,ויקטורי,סופרמרקט,400.54,ILS,400.54,רגילה,0
user_018,2024-07-19 20:08,אוניברסיטה,חינוך,25.05,USD,92.69,"עסקת חו""ל",0
user_027,2024-08-24 09:14,מקדונלד'ס,מסעדות,111.66,ILS,111.66,רגילה,0
user_017,2024-04-10 21:02,חברת חשמל,אחר,100.02,ILS,100.02,רגילה,0
user_011,2024-06-24 08:11,ביטוח,אחר,252.36,ILS,252.36,רגילה,0
user_009,2024-04-11 10:52,H&M,אופנה,95.46,USD,353.2,"עסקת חו""ל",0
user_014,2024-01-04 22:02,מקדונלד'ס,מסעדות,138.04,ILS,138.04,רגילה,0
user_037,2024-10-16 10:17,קפה גרג,מסעדות,71.92,ILS,71.92,רגילה,0
user_019,2024-01-21 14:09,KSP,חשמל,1291.13,ILS,1291.13,הוראת קבע,0
user_005,2024-06-19 10:05,דומינוס,מסעדות,147.88,ILS,147.88,רגילה,0
user_050,2024-04-12 18:22,סונול,דלק,261.72,ILS,261.72,רגילה,0
user_023,2024-02-26 17:03,רמי לוי,סופרמרקט,296.21,ILS,296.21,רגילה,0
user_049,2024-06-13 22:19,רב-קו,תחבורה,63.27,ILS,63.27,רגילה,0
user_035,2024-08-20 08:07,Udemy,חינוך,36.44,ILS,36.44,רגילה,0
user_043,2024-05-27 18:14,יס פלאנט,פנאי,84.6,ILS,84.6,תשלומים,0
user_023,2024-01-19 21:29,סופר-פארם,פארם,17.04,EUR,68.16,"עסקת חו""ל",0
user_039,2024-06-16 16:47,שופרסל,סופרמרקט,538.16,ILS,538.16,רגילה,0
user_026,2024-03-19 16:20,סופר-פארם,פארם,123.62,ILS,123.62,רגילה,0
user_003,2024-06-16 08:45,רמי לוי,סופרמרקט,637.81,ILS,637.81,רגילה,0
user_016,2024-09-10 19:14,דלק,דלק,209.23,ILS,209.23,רגילה,0
user_012,2024-11-18 11:47,אוניברסיטה,חינוך,226.43,ILS,226.43,רגילה,0
user_004,2024-08-11 12:12,נטפליקס,פנאי,88.03,ILS,88.03,רגילה,0
user_018,2024-03-18 16:36,גולדה,מסעדות,105.75,ILS,105.75,רגילה,0
user_032,2024-10-06 02:12,KSP,חשמל,1084.11,USD,4011.21,"עסקת חו""ל",1
user_009,2024-09-28 10:53,גולדה,מסעדות,90.46,ILS,90.46,רגילה,0
user_025,2024-08-27 10:49,אוניברסיטה,חינוך,220.46,ILS,220.46,רגילה,0
user_033,2024-12-01 19:42,אוניברסיטה,חינוך,40.85,EUR,163.4,"עסקת חו""ל",0
user_011,2024-01-22 21:55,Be,פארם,162.18,ILS,162.18,רגילה,0
user_028,2024-12-10 19:31,ביטוח,אחר,99.1,ILS,99.1,רגילה,0
user_016,2024-08-03 12:25,Udemy,חינוך,10.0,ILS,10.0,רגילה,0
user_046,2024-03-06 12:41,זארה,אופנה,234.6,ILS,234.6,רגילה,0
user_002,2024-06-02 10:51,מקדונלד'ס,מסעדות,116.03,ILS,116.03,רגילה,0
user_048,2024-07-20 21:17,ביטוח,אחר,201.54,ILS,201.54,רגילה,0
user_023,2024-01-17 21:19,יס פלאנט,פנאי,75.29,ILS,75.29,רגילה,0
user_005,2024-02-24 11:49,שופרסל,סופרמרקט,165.62,ILS,165.62,רגילה,0
user_016,2024-07-01 14:10,Gett,תחבורה,84.33,ILS,84.33,תשלומים,0
user_048,2024-03-12 21:47,Gett,תחבורה,32.45,ILS,32.45,תשלומים,0
user_032,2024-08-14 20:03,Be,פארם,253.26,ILS,253.26,רגילה,0
user_037,2024-06-18 21:17,רכבת ישראל,תחבורה,23.77,ILS,23.77,רגילה,0
user_046,2024-11-23 18:38,Be,פארם,86.23,ILS,86.23,רגילה,0
user_014,2024-08-03 21:07,H&M,אופנה,80.89,GBP,380.18,"עסקת חו""ל",0
user_049,2024-11-08 11:59,מחסני חשמל,חשמל,10.0,ILS,10.0,רגילה,0
user_035,2024-02-19 14:25,Udemy,חינוך,125.18,ILS,125.18,רגילה,0
user_011,2024-11-18 09:26,Gett,תחבורה,67.04,ILS,67.04,רגילה,0
user_028,2024-09-05 16:33,עירייה,אחר,66.75,EUR,267.0,"עסקת חו""ל",0
user_039,2024-04-25 15:40,שופרסל,סופרמרקט,284.07,ILS,284.07,הוראת קבע,0
user_038,2024-12-18 19:55,H&M,אופנה,171.54,ILS,171.54,רגילה,0
user_021,2024-04-14 08:46,רמי לוי,סופרמרקט,221.51,ILS,221.51,רגילה,0
user_031,2024-05-17 11:52,קפה גרג,מסעדות,198.28,ILS,198.28,רגילה,0
user_007,2024-08-09 02:59,H&M,אופנה,2655.0,ILS,2655.0,רגילה,1
user_003,2024-12-16 18:50,סופר-פארם,פארם,195.96,ILS,195.96,רגילה,0
user_032,2024-03-05 14:05,Be,פארם,43.81,GBP,205.91,"עסקת חו""ל",0
user_002,2024-02-23 19:21,Gett,תחבורה,87.34,ILS,87.34,תשלומים,0
user_018,2024-06-27 08:41,דלק,דלק,160.25,ILS,160.25,תשלומים,0
user_046,2024-03-12 22:46,קסטרו,אופנה,320.28,ILS,320.28,רגילה,0
user_020,2024-05-04 12:37,שופרסל,סופרמרקט,155.53,ILS,155.53,רגילה,0
user_034,2024-07-23 15:32,רב-קו,תחבורה,30.3,ILS,30.3,רגילה,0
user_024,2024-11-15 08:54,חברת חשמל,אחר,78.56,USD,290.67,"עסקת חו""ל",0
user_010,2024-07-13 12:57,Be,פארם,229.91,ILS,229.91,רגילה,0
user_007,2024-09-17 20:19,דלק,דלק,205.87,ILS,205.87,תשלומים,0
user_029,2024-08-17 09:42,אוניברסיטה,חינוך,173.3,ILS,173.3,רגילה,0
user_014,2024-08-14 13:02,אייבורי,חשמל,1645.8,ILS,1645.8,רגילה,0
user_022,2024-04-01 13:14,מקדונלד'ס,מסעדות,103.92,ILS,103.92,תשלומים,0
user_017,2024-12-07 12:27,רכבת ישראל,תחבורה,10.0,ILS,10.0,רגילה,0
user_043,2024-03-15 12:55,מקדונלד'ס,מסעדות,179.87,ILS,179.87,הוראת קבע,0
user_012,2024-06-10 14:52,Udemy,חינוך,223.75,ILS,223.75,רגילה,0
user_012,2024-08-16 17:57,רכבת ישראל,תחבורה,72.63,ILS,72.63,רגילה,0
user_020,2024-08-26 02:06,ויקטורי,סופרמרקט,589.66,EUR,2358.64,"עסקת חו""ל",1
user_046,2024-08-04 03:13,Udemy,חינוך,2840.58,ILS,2840.58,תשלומים,1
user_040,2024-05-17 10:50,ספוטיפיי,פנאי,47.92,ILS,47.92,תשלומים,0
user_024,2024-04-13 01:58,קפה גרג,מסעדות,1544.14,ILS,1544.14,רגילה,1
user_032,2024-09-27 09:37,ספוטיפיי,פנאי,82.82,ILS,82.82,רגילה,0
user_041,2024-12-12 13:44,טיב טעם,סופרמרקט,146.39,ILS,146.39,רגילה,0
user_042,2024-02-09 16:06,ויקטורי,סופרמרקט,170.76,ILS,170.76,רגילה,0
user_019,2024-05-23 15:03,קפה גרג,מסעדות,94.83,ILS,94.83,רגילה,0
user_027,2024-02-24 17:24,נטפליקס,פנאי,20.72,USD,76.66,"עסקת חו""ל",0
user_008,2024-07-27 21:14,זארה,אופנה,230.74,ILS,230.74,רגילה,0
user_010,2024-11-11 18:32,שופרסל,סופרמרקט,41.46,GBP,194.86,"עסקת חו""ל",0
user_006,2024-01-08 20:03,סונול,דלק,174.06,ILS,174.06,רגילה,0
user_026,2024-03-22 18:49,Be,פארם,186.01,ILS,186.01,רגילה,0
user_034,2024-08-03 11:51,רכבת ישראל,תחבורה,68.77,ILS,68.77,רגילה,0
user_030,2024-03-10 10:50,קפה גרג,מסעדות,148.83,ILS,148.83,רגילה,0
user_018,2024-04-18 13:19,יס פלאנט,פנאי,57.05,ILS,57.05,תשלומים,0
user_011,2024-01-17 09:48,טיב טעם,סופרמרקט,334.45,ILS,334.45,רגילה,0
user_042,2024-10-16 20:32,עירייה,אחר,112.91,ILS,112.91,רגילה,0
user_034,2024-11-12 05:41,טיב טעם,סופרמרקט,5176.79,ILS,5176.79,תשלומים,1
user_006,2024-01-07 20:59,סופר-פארם,פארם,206.03,ILS,206.03,רגילה,0
user_032,2024-05-25 21:49,סונול,דלק,231.04,ILS,231.04,רגילה,0
user_024,2024-11-24 10:16,רב-קו,תחבורה,51.72,ILS,51.72,רגילה,0
user_017,2024-06-24 12:44,Udemy,חינוך,376.0,ILS,376.0,תשלומים,0
user_033,2024-04-08 13:39,פוקס,אופנה,55.99,USD,207.16,"עסקת חו""ל",0
user_033,2024-11-03 13:19,סונול,דלק,174.25,ILS,174.25,רגילה,0
user_005,2024-07-04 09:55,שופרסל,סופרמרקט,372.17,ILS,372.17,תשלומים,0
user_030,2024-12-11 04:24,אוניברסיטה,חינוך,317.49,GBP,1492.2,"עסקת חו""ל",1
user_027,2024-02-26 19:21,פז,דלק,173.03,ILS,173.03,רגילה,0
user_008,2024-07-07 19:31,ספוטיפיי,פנאי,55.03,ILS,55.03,תשלומים,0
user_013,2024-08-27 10:38,נטפליקס,פנאי,52.83,ILS,52.83,תשלומים,0
user_023,2024-01-01 16:15,סונול,דלק,111.8,ILS,111.8,רגילה,0
user_019,2024-07-17 16:11,טיב טעם,סופרמרקט,165.15,ILS,165.15,תשלומים,0
user_047,2024-12-22 15:07,Be,פארם,129.85,ILS,129.85,רגילה,0
user_028,2024-04-09 21:04,ויקטורי,סופרמרקט,326.08,ILS,326.08,רגילה,0
user_036,2024-11-28 21:38,חברת חשמל,אחר,122.03,ILS,122.03,רגילה,0
user_021,2024-06-07 15:12,דומינוס,מסעדות,92.1,ILS,92.1,תשלומים,0
user_003,2024-11-23 09:16,מקדונלד'ס,מסעדות,80.06,ILS,80.06,רגילה,0
user_020,2024-02-14 20:02,KSP,חשמל,1325.03,ILS,1325.03,רגילה,0
user_036,2024-11-13 03:32,חברת חשמל,אחר,2755.2,ILS,2755.2,רגילה,1
user_042,2024-11-14 19:14,Udemy,חינוך,207.54,ILS,207.54,רגילה,0
user_050,2024-08-06 17:28,רמי לוי,סופרמרקט,399.27,ILS,399.27,רגילה,0
user_005,2024-11-03 17:22,Be,פארם,238.61,ILS,238.61,רגילה,0
user_020,2024-05-19 19:34,Udemy,חינוך,315.69,ILS,315.69,רגילה,0
user_006,2024-11-24 11:23,סופר-פארם,פארם,149.02,ILS,149.02,רגילה,0
user_037,2024-08-25 19:35,נטפליקס,פנאי,58.26,ILS,58.26,תשלומים,0
user_006,2024-03-16 20:02,Udemy,חינוך,10.0,ILS,10.0,רגילה,0
user_009,2024-09-25 09:34,חברת חשמל,אחר,241.38,ILS,241.38,רגילה,0
user_032,2024-01-02 11:13,שופרסל,סופרמרקט,484.96,ILS,484.96,רגילה,0
user_050,2024-03-12 15:21,ביטוח,אחר,131.67,ILS,131.67,רגילה,0
user_040,2024-02-17 17:25,קפה גרג,מסעדות,213.45,ILS,213.45,רגילה,0
user_037,2024-01-26 08:46,סופר-פארם,פארם,148.32,ILS,148.32,רגילה,0
user_020,2024-08-28 21:48,מקדונלד'ס,מסעדות,184.64,ILS,184.64,תשלומים,0
user_022,2024-04-05 14:19,אוניברסיטה,חינוך,57.65,GBP,270.95,"עסקת חו""ל",0
user_006,2024-11-06 21:03,יס פלאנט,פנאי,21.1,GBP,99.17,"עסקת חו""ל",0
user_038,2024-05-09 08:55,KSP,חשמל,187.8,ILS,187.8,הוראת קבע,0
user_033,2024-02-10 20:40,טיב טעם,סופרמרקט,343.31,ILS,343.31,רגילה,0
user_048,2024-07-06 14:52,KSP,חשמל,1271.15,ILS,1271.15,רגילה,0
user_003,2024-11-06 19:53,קפה גרג,מסעדות,131.1,ILS,131.1,רגילה,0
user_045,2024-10-16 08:20,אוניברסיטה,חינוך,139.07,ILS,139.07,רגילה,0
user_036,2024-05-18 16:44,Gett,תחבורה,55.42,ILS,55.42,רגילה,0
user_037,2024-06-04 16:57,קפה גרג,מסעדות,85.24,ILS,85.24,רגילה,0
user_050,2024-12-25 01:35,פוקס,אופנה,1253.13,ILS,1253.13,תשלומים,1
user_040,2024-09-28 09:58,סונול,דלק,249.14,ILS,249.14,רגילה,0
user_025,2024-06-03 13:13,מקדונלד'ס,מסעדות,80.01,ILS,80.01,רגילה,0
user_027,2024-06-10 19:19,KSP,חשמל,287.41,EUR,1149.64,"עסקת חו""ל",0
user_050,2024-09-18 21:04,רמי לוי,סופרמרקט,299.02,ILS,299.02,הוראת קבע,0
user_016,2024-05-11 12:57,אוניברסיטה,חינוך,140.34,ILS,140.34,רגילה,0
user_035,2024-05-10 11:40,Be,פארם,158.85,ILS,158.85,רגילה,0
user_007,2024-09-10 09:26,חברת חשמל,אחר,117.78,ILS,117.78,תשלומים,0
user_050,2024-05-21 03:12,אוניברסיטה,חינוך,1494.57,ILS,1494.57,רגילה,1
user_039,2024-12-24 09:03,קפה גרג,מסעדות,178.23,ILS,178.23,רגילה,0
user_037,2024-08-27 13:38,נטפליקס,פנאי,89.92,ILS,89.92,רגילה,0
user_012,2024-07-01 20:03,דלק,דלק,203.25,ILS,203.25,רגילה,0
user_015,2024-05-20 08:55,מקדונלד'ס,מסעדות,22.81,GBP,107.21,"עסקת חו""ל",0
user_019,2024-05-13 19:18,סופר-פארם,פארם,96.14,ILS,96.14,רגילה,0
user_020,2024-12-07 10:19,רכבת ישראל,תחבורה,37.21,ILS,37.21,רגילה,0
user_040,2024-11-15 08:52,פוקס,אופנה,450.31,ILS,450.31,רגילה,0
user_007,2024-04-03 19:52,מחסני חשמל,חשמל,1100.54,ILS,1100.54,רגילה,0
user_033,2024-07-02 14:31,ויקטורי,סופרמרקט,341.26,ILS,341.26,רגילה,0
user_021,2024-10-26 15:08,סופר-פארם,פארם,72.67,ILS,72.67,רגילה,0
user_028,2024-08-13 19:54,Be,פארם,103.29,ILS,103.29,תשלומים,0
user_016,2024-08-12 22:54,רכבת ישראל,תחבורה,10.0,ILS,10.0,רגילה,0
user_001,2024-12-27 14:32,שופרסל,סופרמרקט,523.49,ILS,523.49,תשלומים,0
user_017,2024-06-10 12:34,רמי לוי,סופרמרקט,239.84,ILS,239.84,רגילה,0
user_013,2024-08-16 17:25,רכבת ישראל,תחבורה,21.47,ILS,21.47,רגילה,0
user_026,2024-11-07 15:35,Udemy,חינוך,485.62,ILS,485.62,תשלומים,0
user_015,2024-05-03 12:09,אייבורי,חשמל,284.13,ILS,284.13,רגילה,0
user_003,2024-03-16 13:22,Gett,תחבורה,79.52,ILS,79.52,רגילה,0
user_038,2024-07-21 13:20,חברת חשמל,אחר,34.68,USD,128.32,"עסקת חו""ל",0
user_044,2024-03-11 14:52,טיב טעם,סופרמרקט,156.33,ILS,156.33,תשלומים,0
user_029,2024-07-20 08:59,פז,דלק,152.1,ILS,152.1,רגילה,0
user_014,2024-04-28 15:48,נטפליקס,פנאי,84.12,ILS,84.12,רגילה,0
user_043,2024-08-27 09:38,חברת חשמל,אחר,146.26,ILS,146.26,תשלומים,0
user_031,2024-09-10 21:39,H&M,אופנה,267.99,ILS,267.99,רגילה,0
user_036,2024-11-03 20:04,Be,פארם,174.88,ILS,174.88,רגילה,0
user_013,2024-11-04 13:08,קפה גרג,מסעדות,108.02,ILS,108.02,רגילה,0
user_025,2024-04-25 13:03,יס פלאנט,פנאי,52.52,ILS,52.52,תשלומים,0
user_031,2024-06-14 11:44,ביטוח,אחר,114.79,ILS,114.79,הוראת קבע,0
user_002,2024-07-28 20:15,פז,דלק,205.22,ILS,205.22,רגילה,0
user_031,2024-11-16 13:41,Gett,תחבורה,32.84,ILS,32.84,רגילה,0
user_032,2024-06-21 19:47,פז,דלק,150.8,ILS,150.8,רגילה,0
user_014,2024-04-25 11:20,סונול,דלק,166.6,ILS,166.6,רגילה,0
user_002,2024-02-18 11:04,Udemy,חינוך,29.23,ILS,29.23,תשלומים,0
user_020,2024-03-07 09:15,סופר-פארם,פארם,63.99,ILS,63.99,רגילה,0
user_041,2024-09-05 16:57,מקדונלד'ס,מסעדות,156.6,ILS,156.6,רגילה,0
user_040,2024-10-02 19:04,Be,פארם,275.44,ILS,275.44,רגילה,0
user_007,2024-06-05 18:00,גולדה,מסעדות,160.68,ILS,160.68,רגילה,0
user_033,2024-10-11 10:13,מחסני חשמל,חשמל,566.73,ILS,566.73,רגילה,0
user_048,2024-01-21 16:08,Udemy,חינוך,207.23,ILS,207.23,רגילה,0
user_043,2024-03-20 05:17,רב-קו,תחבורה,55.56,GBP,261.13,"עסקת חו""ל",1
user_003,2024-02-13 20:18,Udemy,חינוך,112.75,ILS,112.75,תשלומים,0
user_032,2024-04-12 17:06,פז,דלק,67.85,EUR,271.4,"עסקת חו""ל",0
user_032,2024-10-17 09:26,סונול,דלק,230.32,ILS,230.32,הוראת קבע,0
user_015,2024-04-13 17:44,סונול,דלק,42.92,USD,158.8,"עסקת חו""ל",0
user_023,2024-10-08 16:27,רב-קו,תחבורה,73.06,ILS,73.06,רגילה,0
user_041,2024-11-10 17:15,קפה גרג,מסעדות,203.83,ILS,203.83,רגילה,0
user_009,2024-04-18 08:59,נטפליקס,פנאי,48.27,ILS,48.27,רגילה,0
user_048,2024-02-28 09:00,סופר-פארם,פארם,53.57,USD,198.21,"עסקת חו""ל",0
user_050,2024-02-24 15:31,סופר-פארם,פארם,190.56,ILS,190.56,רגילה,0
user_002,2024-12-10 16:19,מחסני חשמל,חשמל,442.23,ILS,442.23,רגילה,0
user_046,2024-08-07 15:29,סופר-פארם,פארם,143.42,ILS,143.42,רגילה,0
user_023,2024-10-20 08:58,מקדונלד'ס,מסעדות,145.76,ILS,145.76,רגילה,0
user_002,2024-06-09 13:42,זארה,אופנה,505.21,ILS,505.21,רגילה,0
user_048,2024-04-19 17:16,אייבורי,חשמל,176.16,GBP,827.95,"עסקת חו""ל",0
user_038,2024-10-03 08:59,עירייה,אחר,136.69,ILS,136.69,רגילה,0
user_046,2024-07-08 13:10,Gett,תחבורה,66.8,ILS,66.8,תשלומים,0
user_038,2024-01-14 02:28,קסטרו,אופנה,2535.34,ILS,2535.34,רגילה,1
user_012,2024-03-07 11:22,חברת חשמל,אחר,53.97,GBP,253.66,"עסקת חו""ל",0
user_008,2024-03-01 15:34,זארה,אופנה,159.35,ILS,159.35,תשלומים,0
user_012,2024-07-12 22:26,יס פלאנט,פנאי,69.58,ILS,69.58,רגילה,0
user_040,2024-02-20 19:51,ספוטיפיי,פנאי,49.35,ILS,49.35,רגילה,0
user_026,2024-08-09 10:12,רב-קו,תחבורה,37.14,ILS,37.14,רגילה,0
user_002,2024-12-25 19:46,חברת חשמל,אחר,85.28,ILS,85.28,רגילה,0
user_001,2024-12-05 14:32,ויקטורי,סופרמרקט,531.91,ILS,531.91,רגילה,0
user_006,2024-05-26 14:21,אוניברסיטה,חינוך,35.88,USD,132.76,"עסקת חו""ל",0
user_026,2024-05-01 20:20,נטפליקס,פנאי,47.69,ILS,47.69,תשלומים,0
user_011,2024-08-04 11:55,Gett,תחבורה,96.84,ILS,96.84,רגילה,0
user_050,2024-01-07 20:09,סופר-פארם,פארם,147.48,ILS,147.48,רגילה,0
user_020,2024-03-05 11:00,רמי לוי,סופרמרקט,94.13,USD,348.28,"עסקת חו""ל",0
user_049,2024-04-22 11:20,פז,דלק,177.56,ILS,177.56,רגילה,0
user_048,2024-09-28 14:16,KSP,חשמל,652.61,ILS,652.61,רגילה,0
user_031,2024-03-07 19:09,KSP,חשמל,173.4,ILS,173.4,רגילה,0
user_015,2024-09-26 22:43,Be,פארם,77.08,ILS,77.08,רגילה,0
user_004,2024-02-18 14:09,רב-קו,תחבורה,86.64,ILS,86.64,תשלומים,0
user_030,2024-11-26 14:57,חברת חשמל,אחר,158.64,ILS,158.64,רגילה,0
user_008,2024-03-21 12:51,פוקס,אופנה,307.96,ILS,307.96,רגילה,0
user_022,2024-03-21 09:10,דומינוס,מסעדות,85.24,ILS,85.24,רגילה,0
user_009,2024-04-02 11:28,גולדה,מסעדות,165.65,ILS,165.65,תשלומים,0
user_020,2024-04-28 13:38,דומינוס,מסעדות,16.98,ILS,16.98,רגילה,0
user_037,2024-12-18 22:52,רמי לוי,סופרמרקט,507.79,ILS,507.79,רגילה,0
user_016,2024-02-02 11:30,מחסני חשמל,חשמל,11.18,USD,41.37,"עסקת חו""ל",0
user_030,2024-11-13 16:59,גולדה,מסעדות,144.76,ILS,144.76,רגילה,0
user_033,2024-01-23 21:03,KSP,חשמל,1371.88,ILS,1371.88,רגילה,0
user_018,2024-04-25 15:24,גולדה,מסעדות,157.43,ILS,157.43,רגילה,0
user_002,2024-02-23 11:33,דומינוס,מסעדות,16.22,ILS,16.22,רגילה,0
user_005,2024-05-23 09:07,מקדונלד'ס,מסעדות,213.71,ILS,213.71,תשלומים,0
user_017,2024-08-17 17:21,פוקס,אופנה,72.06,GBP,338.68,"עסקת חו""ל",0
user_022,2024-04-16 18:43,גולדה,מסעדות,3.86,USD,14.28,"עסקת חו""ל",0
user_009,2024-03-19 09:04,מחסני חשמל,חשמל,1068.58,ILS,1068.58,רגילה,0
user_050,2024-04-19 13:25,מקדונלד'ס,מסעדות,135.79,ILS,135.79,רגילה,0
user_039,2024-03-14 17:57,נטפליקס,פנאי,47.91,ILS,47.91,רגילה,0
user_043,2024-10-02 18:14,מחסני חשמל,חשמל,1215.06,ILS,1215.06,רגילה,0
user_022,2024-01-13 14:40,סופר-פארם,פארם,201.03,ILS,201.03,רגילה,0
user_040,2024-09-10 12:05,אוניברסיטה,חינוך,265.36,ILS,265.36,רגילה,0
user_026,2024-07-20 08:21,סופר-פארם,פארם,163.06,ILS,163.06,רגילה,0
user_026,2024-01-15 08:32,אייבורי,חשמל,1653.97,ILS,1653.97,רגילה,0
user_044,2024-10-16 19:59,אייבורי,חשמל,746.89,ILS,746.89,רגילה,0
user_046,2024-04-02 09:06,גולדה,מסעדות,116.36,ILS,116.36,תשלומים,0
user_014,2024-02-25 09:12,חברת חשמל,אחר,176.42,ILS,176.42,רגילה,0
user_027,2024-08-02 11:09,טיב טעם,סופרמרקט,404.66,ILS,404.66,רגילה,0
user_009,2024-08-24 15:44,ויקטורי,סופרמרקט,389.71,ILS,389.71,הוראת קבע,0
user_022,2024-04-13 10:14,חברת חשמל,אחר,236.29,ILS,236.29,תשלומים,0
user_010,2024-12-08 14:03,קסטרו,אופנה,41.08,ILS,41.08,רגילה,0
user_016,2024-05-13 21:00,ביטוח,אחר,304.46,ILS,304.46,רגילה,0
user_029,2024-06-02 20:02,KSP,חשמל,302.25,EUR,1209.0,"עסקת חו""ל",0
user_028,2024-04-06 21:38,פוקס,אופנה,413.03,ILS,413.03,רגילה,0
user_042,2024-12-01 15:23,קפה גרג,מסעדות,193.63,ILS,193.63,הוראת קבע,0
user_020,2024-04-08 19:29,Udemy,חינוך,78.99,ILS,78.99,רגילה,0
user_031,2024-06-03 15:10,סופר-פארם,פארם,43.62,EUR,174.48,"עסקת חו""ל",0
user_040,2024-05-24 09:40,גולדה,מסעדות,113.73,ILS,113.73,תשלומים,0
user_030,2024-12-13 11:17,מקדונלד'ס,מסעדות,221.49,ILS,221.49,תשלומים,0
user_018,2024-02-08 10:14,סונול,דלק,194.22,ILS,194.22,הוראת קבע,0
user_008,2024-03-27 13:44,Gett,תחבורה,50.68,ILS,50.68,רגילה,0
user_050,2024-06-22 19:34,Udemy,חינוך,315.42,ILS,315.42,הוראת קבע,0
user_026,2024-10-23 19:13,פוקס,אופנה,164.08,ILS,164.08,רגילה,0
user_040,2024-08-14 20:29,נטפליקס,פנאי,29.03,ILS,29.03,תשלומים,0
user_015,2024-01-07 16:39,ביטוח,אחר,10.0,ILS,10.0,רגילה,0
user_015,2024-04-23 12:55,מקדונלד'ס,מסעדות,175.98,ILS,175.98,רגילה,0
user_021,2024-01-25 12:44,KSP,חשמל,1063.77,ILS,1063.77,רגילה,0
user_043,2024-06-24 09:46,אייבורי,חשמל,748.62,ILS,748.62,רגילה,0
user_045,2024-10-07 22:52,ביטוח,אחר,176.36,ILS,176.36,רגילה,0
user_032,2024-05-24 14:37,ספוטיפיי,פנאי,17.55,GBP,82.48,"עסקת חו""ל",0
user_049,2024-04-06 08:52,דלק,דלק,191.95,ILS,191.95,רגילה,0
user_016,2024-06-17 11:18,חברת חשמל,אחר,199.78,ILS,199.78,הוראת קבע,0
user_027,2024-12-03 19:27,טיב טעם,סופרמרקט,364.3,ILS,364.3,רגילה,0
user_019,2024-07-15 00:43,אייבורי,חשמל,9655.99,ILS,9655.99,רגילה,1
user_008,2024-12-18 16:16,דומינוס,מסעדות,165.59,ILS,165.59,רגילה,0
user_032,2024-09-12 02:33,יס פלאנט,פנאי,566.97,ILS,566.97,תשלומים,1
user_002,2024-07-13 08:18,סופר-פארם,פארם,238.25,ILS,238.25,רגילה,0
user_034,2024-11-14 13:07,אייבורי,חשמל,1690.77,ILS,1690.77,רגילה,0
user_019,2024-07-21 09:57,נטפליקס,פנאי,59.18,ILS,59.18,רגילה,0
user_005,2024-12-19 09:02,Udemy,חינוך,102.48,ILS,102.48,רגילה,0
user_038,2024-07-09 04:36,פוקס,אופנה,3471.12,ILS,3471.12,רגילה,1
user_023,2024-05-22 11:42,סונול,דלק,255.67,ILS,255.67,רגילה,0
user_022,2024-06-05 10:07,רב-קו,תחבורה,29.31,ILS,29.31,רגילה,0
user_020,2024-11-19 15:55,ביטוח,אחר,171.19,ILS,171.19,תשלומים,0
user_045,2024-09-04 11:28,חברת חשמל,אחר,288.74,ILS,288.74,רגילה,0
user_034,2024-08-01 14:19,טיב טעם,סופרמרקט,114.43,GBP,537.82,"עסקת חו""ל",0
user_042,2024-09-23 09:43,אייבורי,חשמל,431.94,ILS,431.94,רגילה,0
user_004,2024-12-24 14:51,סונול,דלק,233.93,ILS,233.93,תשלומים,0
user_009,2024-07-11 16:39,רכבת ישראל,תחבורה,38.95,ILS,38.95,רגילה,0
user_014,2024-11-24 09:44,יס פלאנט,פנאי,24.05,EUR,96.2,"עסקת חו""ל",0
user_022,2024-07-08 13:37,Udemy,חינוך,174.92,ILS,174.92,רגילה,0
user_018,2024-10-02 21:08,יס פלאנט,פנאי,73.32,ILS,73.32,תשלומים,0
user_038,2024-06-23 12:53,עירייה,אחר,57.79,ILS,57.79,תשלומים,0
user_011,2024-10-12 10:18,נטפליקס,פנאי,74.92,ILS,74.92,רגילה,0
user_002,2024-08-17 12:17,אייבורי,חשמל,421.3,ILS,421.3,הוראת קבע,0
user_037,2024-06-07 15:46,ספוטיפיי,פנאי,59.11,ILS,59.11,רגילה,0
user_015,2024-11-13 22:47,פז,דלק,197.02,ILS,197.02,תשלומים,0
user_039,2024-12-15 17:15,רכבת ישראל,תחבורה,80.87,ILS,80.87,רגילה,0
user_048,2024-09-02 16:47,ויקטורי,סופרמרקט,355.36,ILS,355.36,הוראת קבע,0
user_015,2024-06-03 01:02,סונול,דלק,2366.71,ILS,2366.71,רגילה,1
user_011,2024-08-28 13:03,סופר-פארם,פארם,33.31,GBP,156.56,"עסקת חו""ל",0
user_029,2024-11-13 12:29,רמי לוי,סופרמרקט,325.31,ILS,325.31,תשלומים,0
user_018,2024-10-09 17:35,KSP,חשמל,714.09,ILS,714.09,תשלומים,0
user_004,2024-04-27 20:40,Udemy,חינוך,257.84,ILS,257.84,רגילה,0
user_002,2024-08-21 15:01,דלק,דלק,219.15,ILS,219.15,תשלומים,0
user_044,2024-09-26 17:58,אייבורי,חשמל,169.92,ILS,169.92,רגילה,0
user_033,2024-07-01 16:51,רב-קו,תחבורה,33.35,ILS,33.35,רגילה,0
user_025,2024-12-03 13:57,סופר-פארם,פארם,37.34,USD,138.16,"עסקת חו""ל",0
user_029,2024-06-14 18:09,פז,דלק,58.26,EUR,233.04,"עסקת חו""ל",0
user_033,2024-09-12 09:16,H&M,אופנה,453.94,ILS,453.94,רגילה,0
user_005,2024-01-18 10:53,רכבת ישראל,תחבורה,12.32,USD,45.58,"עסקת חו""ל",0
user_040,2024-01-16 11:37,Be,פארם,161.12,ILS,161.12,תשלומים,0
user_046,2024-08-19 10:35,Udemy,חינוך,296.14,ILS,296.14,תשלומים,0
user_022,2024-05-16 04:26,רב-קו,תחבורה,471.05,ILS,471.05,תשלומים,1
user_003,2024-03-10 10:11,אייבורי,חשמל,730.47,ILS,730.47,רגילה,0
user_042,2024-01-03 10:56,ספוטיפיי,פנאי,61.51,ILS,61.51,רגילה,0
user_015,2024-11-03 18:07,Be,פארם,206.74,ILS,206.74,רגילה,0
user_040,2024-02-21 20:36,עירייה,אחר,91.45,ILS,91.45,רגילה,0
user_022,2024-12-04 20:40,רב-קו,תחבורה,7.51,USD,27.79,"עסקת חו""ל",0
user_009,2024-11-24 13:13,Be,פארם,245.14,ILS,245.14,רגילה,0
user_032,2024-01-02 21:50,רב-קו,תחבורה,37.24,ILS,37.24,רגילה,0
user_023,2024-02-24 09:22,חברת חשמל,אחר,52.69,ILS,52.69,הוראת קבע,0
user_022,2024-12-13 09:28,סופר-פארם,פארם,46.69,ILS,46.69,תשלומים,0
user_005,2024-05-27 10:37,אוניברסיטה,חינוך,171.78,ILS,171.78,רגילה,0
user_030,2024-08-19 19:07,שופרסל,סופרמרקט,339.64,ILS,339.64,רגילה,0
user_027,2024-02-20 20:15,אוניברסיטה,חינוך,122.3,ILS,122.3,רגילה,0
user_003,2024-11-26 15:42,רכבת ישראל,תחבורה,24.82,ILS,24.82,רגילה,0
user_005,2024-05-03 10:05,רכבת ישראל,תחבורה,75.15,ILS,75.15,רגילה,0
user_028,2024-01-08 16:54,טיב טעם,סופרמרקט,306.57,ILS,306.57,תשלומים,0
user_018,2024-08-15 09:55,סונול,דלק,186.0,ILS,186.0,רגילה,0
user_015,2024-10-10 15:22,יס פלאנט,פנאי,63.56,ILS,63.56,תשלומים,0
user_022,2024-09-11 12:20,פז,דלק,254.81,ILS,254.81,רגילה,0
user_014,2024-04-05 21:19,סופר-פארם,פארם,228.29,ILS,228.29,רגילה,0
user_012,2024-09-01 11:53,H&M,אופנה,10.0,ILS,10.0,רגילה,0
user_021,2024-01-15 12:59,רמי לוי,סופרמרקט,252.1,ILS,252.1,רגילה,0
user_018,2024-03-12 15:32,סונול,דלק,115.6,ILS,115.6,רגילה,0
user_044,2024-07-07 17:16,סופר-פארם,פארם,71.22,ILS,71.22,רגילה,0
user_044,2024-02-21 08:08,רב-קו,תחבורה,85.67,ILS,85.67,רגילה,0
user_037,2024-12-18 18:34,נטפליקס,פנאי,76.92,ILS,76.92,תשלומים,0
user_047,2024-02-09 11:18,פוקס,אופנה,74.71,GBP,351.14,"עסקת חו""ל",0
user_004,2024-02-15 11:44,סופר-פארם,פארם,136.76,ILS,136.76,רגילה,0
user_040,2024-04-06 19:56,קסטרו,אופנה,309.09,ILS,309.09,רגילה,0
user_010,2024-06-03 15:28,פז,דלק,236.03,ILS,236.03,תשלומים,0
user_022,2024-11-13 12:39,קפה גרג,מסעדות,131.31,ILS,131.31,רגילה,0
user_023,2024-03-05 11:54,אייבורי,חשמל,1115.45,ILS,1115.45,רגילה,0
user_015,2024-05-27 22:49,שופרסל,סופרמרקט,468.61,ILS,468.61,תשלומים,0
user_048,2024-11-24 22:27,דומינוס,מסעדות,116.18,ILS,116.18,רגילה,0
user_026,2024-08-01 22:03,רכבת ישראל,תחבורה,75.05,ILS,75.05,רגילה,0
user_006,2024-12-06 19:52,H&M,אופנה,479.02,ILS,479.02,רגילה,0
user_008,2024-07-13 15:20,מחסני חשמל,חשמל,1543.85,ILS,1543.85,רגילה,0
user_031,2024-02-18 20:10,ביטוח,אחר,48.26,EUR,193.04,"עסקת חו""ל",0
user_021,2024-04-20 16:51,Udemy,חינוך,23.87,EUR,95.48,"עסקת חו""ל",0
user_039,2024-05-19 19:24,שופרסל,סופרמרקט,484.94,ILS,484.94,תשלומים,0
user_004,2024-12-08 19:51,אייבורי,חשמל,636.08,ILS,636.08,רגילה,0
user_035,2024-05-13 17:53,אייבורי,חשמל,977.91,ILS,977.91,תשלומים,0
user_041,2024-11-09 14:05,חברת חשמל,אחר,132.15,ILS,132.15,הוראת קבע,0
user_032,2024-03-20 12:11,דלק,דלק,216.49,ILS,216.49,רגילה,0
user_005,2024-10-16 22:38,גולדה,מסעדות,125.83,ILS,125.83,רגילה,0
user_047,2024-07-25 19:34,אוניברסיטה,חינוך,144.71,ILS,144.71,רגילה,0
user_008,2024-10-21 16:11,חברת חשמל,אחר,129.99,ILS,129.99,רגילה,0
user_002,2024-08-20 19:49,פז,דלק,47.39,GBP,222.73,"עסקת חו""ל",0
user_032,2024-01-09 08:32,יס פלאנט,פנאי,70.84,ILS,70.84,רגילה,0
user_023,2024-06-19 01:07,Be,פארם,1924.4,ILS,1924.4,רגילה,1
user_041,2024-07-03 11:48,ספוטיפיי,פנאי,54.53,ILS,54.53,רגילה,0
user_045,2024-09-21 16:02,גולדה,מסעדות,136.43,ILS,136.43,רגילה,0
user_006,2024-05-14 11:23,טיב טעם,סופרמרקט,445.45,ILS,445.45,הוראת קבע,0
user_010,2024-01-13 15:07,KSP,חשמל,854.35,ILS,854.35,רגילה,0
user_006,2024-01-20 12:31,ביטוח,אחר,291.75,ILS,291.75,תשלומים,0
user_024,2024-09-14 21:13,ספוטיפיי,פנאי,69.14,ILS,69.14,רגילה,0
user_017,2024-01-28 16:09,דלק,דלק,200.81,ILS,200.81,רגילה,0
user_008,2024-06-05 22:33,סופר-פארם,פארם,122.39,ILS,122.39,רגילה,0
user_041,2024-10-10 21:56,אייבורי,חשמל,455.58,ILS,455.58,רגילה,0
user_016,2024-09-04 21:41,H&M,אופנה,129.76,ILS,129.76,רגילה,0
user_044,2024-02-21 12:17,דלק,דלק,211.68,ILS,211.68,תשלומים,0
user_018,2024-03-23 14:24,ביטוח,אחר,97.67,ILS,97.67,רגילה,0
user_021,2024-01-23 17:34,רכבת ישראל,תחבורה,69.76,ILS,69.76,רגילה,0
user_049,2024-02-25 08:21,נטפליקס,פנאי,56.73,ILS,56.73,רגילה,0
user_024,2024-08-26 21:33,סופר-פארם,פארם,43.91,USD,162.47,"עסקת חו""ל",0
user_014,2024-03-09 18:43,רמי לוי,סופרמרקט,632.37,ILS,632.37,רגילה,0
user_050,2024-06-26 16:56,פז,דלק,168.4,ILS,168.4,רגילה,0
user_012,2024-07-27 19:48,דומינוס,מסעדות,116.25,ILS,116.25,רגילה,0
user_043,2024-07-21 18:50,סונול,דלק,224.54,ILS,224.54,רגילה,0
user_015,2024-04-14 08:42,פז,דלק,174.45,ILS,174.45,רגילה,0
user_001,2024-11-25 08:51,סונול,דלק,220.19,ILS,220.19,רגילה,0
user_003,2024-05-26 17:17,פז,דלק,185.89,ILS,185.89,רגילה,0
user_042,2024-04-11 18:08,ספוטיפיי,פנאי,52.08,ILS,52.08,רגילה,0
user_039,2024-10-06 19:42,Gett,תחבורה,63.38,ILS,63.38,תשלומים,0
user_013,2024-07-02 16:44,אייבורי,חשמל,136.22,USD,504.01,"עסקת חו""ל",0
user_003,2024-11-09 15:03,ביטוח,אחר,147.76,ILS,147.76,רגילה,0
user_028,2024-08-17 10:11,יס פלאנט,פנאי,79.57,ILS,79.57,רגילה,0
user_022,2024-06-19 17:19,רכבת ישראל,תחבורה,32.01,ILS,32.01,רגילה,0
user_050,2024-12-11 20:26,מקדונלד'ס,מסעדות,110.17,ILS,110.17,תשלומים,0
user_039,2024-11-19 09:59,KSP,חשמל,1176.69,ILS,1176.69,רגילה,0
user_014,2024-08-26 18:30,רמי לוי,סופרמרקט,55.51,EUR,222.04,"עסקת חו""ל",0
user_012,2024-10-13 08:00,סופר-פארם,פארם,181.09,ILS,181.09,רגילה,0
user_032,2024-05-17 21:43,שופרסל,סופרמרקט,133.33,ILS,133.33,רגילה,0
user_019,2024-04-28 19:31,פוקס,אופנה,380.61,ILS,380.61,תשלומים,0
user_030,2024-05-20 13:49,זארה,אופנה,450.61,ILS,450.61,רגילה,0
user_035,2024-02-18 14:40,יס פלאנט,פנאי,50.83,ILS,50.83,הוראת קבע,0
user_032,2024-04-15 20:35,ביטוח,אחר,151.49,ILS,151.49,רגילה,0
user_010,2024-08-27 19:51,יס פלאנט,פנאי,57.69,ILS,57.69,תשלומים,0
user_027,2024-05-25 08:47,מחסני חשמל,חשמל,664.47,ILS,664.47,רגילה,0
user_015,2024-10-09 12:24,H&M,אופנה,124.9,ILS,124.9,רגילה,0
user_029,2024-02-21 22:37,קפה גרג,מסעדות,47.15,ILS,47.15,רגילה,0
user_034,2024-01-09 19:33,H&M,אופנה,177.2,ILS,177.2,תשלומים,0
user_016,2024-09-12 12:43,אוניברסיטה,חינוך,256.61,ILS,256.61,רגילה,0
user_033,2024-02-02 10:39,פוקס,אופנה,313.22,ILS,313.22,תשלומים,0
user_012,2024-12-19 09:52,Udemy,חינוך,280.07,ILS,280.07,תשלומים,0
user_028,2024-08-19 09:30,אוניברסיטה,חינוך,191.55,ILS,191.55,רגילה,0
user_021,2024-02-08 18:48,נטפליקס,פנאי,22.35,ILS,22.35,תשלומים,0
user_035,2024-11-28 16:51,דלק,דלק,185.14,ILS,185.14,רגילה,0
user_046,2024-01-09 21:44,רב-קו,תחבורה,19.62,ILS,19.62,רגילה,0
user_017,2024-03-26 03:52,דלק,דלק,2413.45,ILS,2413.45,רגילה,1
user_033,2024-07-14 20:56,KSP,חשמל,718.41,ILS,718.41,תשלומים,0
user_046,2024-01-02 17:13,Gett,תחבורה,23.8,ILS,23.8,רגילה,0
user_036,2024-02-25 20:14,סונול,דלק,261.17,ILS,261.17,רגילה,0
user_023,2024-09-21 16:56,מקדונלד'ס,מסעדות,31.07,ILS,31.07,רגילה,0
user_035,2024-07-28 15:04,נטפליקס,פנאי,41.95,ILS,41.95,רגילה,0
user_032,2024-06-22 09:38,אייבורי,חשמל,10.0,ILS,10.0,רגילה,0
user_014,2024-12-11 09:35,רב-קו,תחבורה,34.76,ILS,34.76,רגילה,0
user_004,2024-02-26 21:50,זארה,אופנה,129.13,ILS,129.13,תשלומים,0
user_019,2024-09-18 13:01,ויקטורי,סופרמרקט,154.19,ILS,154.19,רגילה,0
user_014,2024-02-03 18:01,סופר-פארם,פארם,143.08,ILS,143.08,רגילה,0
user_046,2024-07-15 11:13,זארה,אופנה,440.38,ILS,440.38,רגילה,0
user_019,2024-07-21 19:45,אוניברסיטה,חינוך,354.86,ILS,354.86,תשלומים,0
user_013,2024-05-05 18:21,קפה גרג,מסעדות,139.88,ILS,139.88,רגילה,0
user_010,2024-06-13 01:19,סונול,דלק,2928.22,ILS,2928.22,רגילה,1
user_026,2024-11-17 16:40,דלק,דלק,267.1,ILS,267.1,רגילה,0
user_018,2024-11-21 22:26,פז,דלק,204.37,ILS,204.37,רגילה,0
user_026,2024-05-12 17:57,דלק,דלק,209.99,ILS,209.99,רגילה,0
user_033,2024-04-07 20:48,גולדה,מסעדות,38.42,ILS,38.42,רגילה,0
user_006,2024-07-15 22:02,יס פלאנט,פנאי,61.02,ILS,61.02,תשלומים,0
user_006,2024-09-13 14:14,ביטוח,אחר,156.28,ILS,156.28,רגילה,0
user_003,2024-03-20 09:36,רב-קו,תחבורה,54.07,ILS,54.07,רגילה,0
user_022,2024-01-19 00:24,יס פלאנט,פנאי,503.87,ILS,503.87,רגילה,1
user_029,2024-02-20 08:54,קפה גרג,מסעדות,137.75,ILS,137.75,רגילה,0
user_016,2024-07-02 15:41,Be,פארם,115.52,ILS,115.52,רגילה,0
user_040,2024-01-10 10:34,H&M,אופנה,289.64,ILS,289.64,תשלומים,0
user_011,2024-09-12 09:07,קסטרו,אופנה,383.38,ILS,383.38,רגילה,0
user_027,2024-05-13 09:13,ספוטיפיי,פנאי,68.66,ILS,68.66,רגילה,0
user_006,2024-04-28 20:37,רב-קו,תחבורה,78.55,ILS,78.55,רגילה,0
user_006,2024-10-28 22:30,יס פלאנט,פנאי,58.84,ILS,58.84,רגילה,0
user_043,2024-04-21 11:03,אוניברסיטה,חינוך,172.35,ILS,172.35,רגילה,0
user_030,2024-10-19 19:14,פוקס,אופנה,65.47,EUR,261.88,"עסקת חו""ל",0
user_008,2024-09-07 02:13,יס פלאנט,פנאי,533.25,ILS,533.25,רגילה,1
user_050,2024-10-26 19:44,דומינוס,מסעדות,114.18,ILS,114.18,רגילה,0
user_049,2024-07-24 16:06,עירייה,אחר,99.83,ILS,99.83,רגילה,0
user_033,2024-03-14 14:55,Udemy,חינוך,252.81,ILS,252.81,רגילה,0
user_042,2024-11-03 22:19,גולדה,מסעדות,170.42,ILS,170.42,רגילה,0
user_015,2024-10-25 18:58,KSP,חשמל,550.64,ILS,550.64,רגילה,0
user_025,2024-09-20 18:51,רכבת ישראל,תחבורה,50.44,ILS,50.44,רגילה,0
user_048,2024-07-04 09:05,סופר-פארם,פארם,222.71,ILS,222.71,תשלומים,0
user_044,2024-12-05 13:11,רכבת ישראל,תחבורה,11.75,GBP,55.23,"עסקת חו""ל",0
user_032,2024-02-21 14:03,דומינוס,מסעדות,242.45,ILS,242.45,רגילה,0
user_037,2024-05-10 14:28,נטפליקס,פנאי,64.22,ILS,64.22,רגילה,0
user_040,2024-11-17 17:15,ספוטיפיי,פנאי,41.55,ILS,41.55,תשלומים,0
user_041,2024-02-12 21:18,Udemy,חינוך,437.9,ILS,437.9,תשלומים,0
user_039,2024-02-13 19:12,קפה גרג,מסעדות,159.27,ILS,159.27,רגילה,0
user_006,2024-04-20 14:15,Be,פארם,112.18,ILS,112.18,תשלומים,0
user_042,2024-04-01 11:25,רמי לוי,סופרמרקט,305.93,ILS,305.93,רגילה,0
user_032,2024-02-25 17:24,Gett,תחבורה,39.18,ILS,39.18,רגילה,0
user_040,2024-06-16 11:07,זארה,אופנה,171.01,ILS,171.01,הוראת קבע,0
user_030,2024-06-06 12:47,עירייה,אחר,272.53,ILS,272.53,תשלומים,0
user_029,2024-09-26 16:39,מחסני חשמל,חשמל,947.23,ILS,947.23,רגילה,0
user_039,2024-11-02 19:04,אייבורי,חשמל,220.31,ILS,220.31,רגילה,0
user_050,2024-12-10 21:50,פז,דלק,233.07,ILS,233.07,הוראת קבע,0
user_024,2024-11-23 17:49,ויקטורי,סופרמרקט,233.84,ILS,233.84,תשלומים,0
user_032,2024-08-16 17:26,פוקס,אופנה,195.05,ILS,195.05,רגילה,0
user_037,2024-07-07 16:02,טיב טעם,סופרמרקט,325.67,ILS,325.67,תשלומים,0
user_029,2024-11-01 17:11,אייבורי,חשמל,852.59,ILS,852.59,רגילה,0
user_035,2024-09-02 10:01,אוניברסיטה,חינוך,220.97,ILS,220.97,רגילה,0
user_033,2024-01-15 20:14,מקדונלד'ס,מסעדות,135.0,ILS,135.0,רגילה,0
user_027,2024-05-27 20:25,מקדונלד'ס,מסעדות,111.6,ILS,111.6,רגילה,0
user_048,2024-04-01 11:41,ספוטיפיי,פנאי,97.69,ILS,97.69,רגילה,0
user_043,2024-12-18 08:50,קפה גרג,מסעדות,165.06,ILS,165.06,רגילה,0
user_011,2024-06-07 12:36,אוניברסיטה,חינוך,181.12,ILS,181.12,רגילה,0
user_001,2024-08-12 09:00,רב-קו,תחבורה,61.03,ILS,61.03,רגילה,0
user_010,2024-10-10 10:55,מחסני חשמל,חשמל,1235.52,ILS,1235.52,רגילה,0
user_042,2024-01-08 20:20,Gett,תחבורה,56.15,ILS,56.15,רגילה,0
user_024,2024-05-10 18:50,ויקטורי,סופרמרקט,385.74,ILS,385.74,רגילה,0
user_026,2024-12-19 12:53,KSP,חשמל,856.09,ILS,856.09,רגילה,0
user_040,2024-09-25 18:02,Be,פארם,36.34,GBP,170.8,"עסקת חו""ל",0
user_018,2024-11-09 15:00,Be,פארם,201.3,ILS,201.3,רגילה,0
user_032,2024-06-24 21:44,יס פלאנט,פנאי,45.19,ILS,45.19,תשלומים,0
user_004,2024-08-24 21:29,גולדה,מסעדות,116.64,ILS,116.64,רגילה,0
user_040,2024-07-06 14:50,חברת חשמל,אחר,139.96,ILS,139.96,רגילה,0
user_007,2024-03-06 09:45,אוניברסיטה,חינוך,81.94,EUR,327.76,"עסקת חו""ל",0
user_015,2024-06-21 21:32,רב-קו,תחבורה,22.18,ILS,22.18,רגילה,0
user_007,2024-12-22 22:23,ביטוח,אחר,158.08,ILS,158.08,תשלומים,0
user_049,2024-01-14 09:44,דלק,דלק,209.9,ILS,209.9,רגילה,0
user_048,2024-09-15 12:22,סופר-פארם,פארם,148.88,ILS,148.88,רגילה,0
user_032,2024-09-03 16:48,H&M,אופנה,589.77,ILS,589.77,תשלומים,0
user_011,2024-10-02 22:36,פז,דלק,254.89,ILS,254.89,רגילה,0
user_038,2024-03-13 22:44,שופרסל,סופרמרקט,335.46,ILS,335.46,רגילה,0
user_008,2024-11-07 22:19,פז,דלק,225.49,ILS,225.49,רגילה,0
user_011,2024-09-23 22:08,אוניברסיטה,חינוך,37.65,USD,139.31,"עסקת חו""ל",0
user_029,2024-03-09 18:52,קסטרו,אופנה,289.94,ILS,289.94,תשלומים,0
user_034,2024-06-22 09:01,ביטוח,אחר,201.33,ILS,201.33,תשלומים,0
user_043,2024-12-23 19:15,קפה גרג,מסעדות,145.61,ILS,145.61,רגילה,0
user_025,2024-07-10 16:16,ביטוח,אחר,83.02,ILS,83.02,רגילה,0
user_004,2024-10-13 16:41,עירייה,אחר,87.14,ILS,87.14,הוראת קבע,0
user_043,2024-08-23 19:10,חברת חשמל,אחר,447.51,ILS,447.51,רגילה,0
user_015,2024-09-12 14:42,סונול,דלק,243.67,ILS,243.67,רגילה,0
user_008,2024-08-26 17:59,Udemy,חינוך,112.44,ILS,112.44,רגילה,0
user_044,2024-07-14 08:49,KSP,חשמל,356.89,GBP,1677.38,"עסקת חו""ל",0
user_002,2024-04-07 12:56,רכבת ישראל,תחבורה,21.72,USD,80.36,"עסקת חו""ל",0
user_021,2024-03-23 19:14,יס פלאנט,פנאי,69.74,ILS,69.74,רגילה,0
user_001,2024-09-23 12:57,נטפליקס,פנאי,39.22,ILS,39.22,רגילה,0
user_009,2024-12-28 20:56,ויקטורי,סופרמרקט,390.46,ILS,390.46,רגילה,0
user_037,2024-08-23 14:16,Be,פארם,38.2,ILS,38.2,תשלומים,0
user_011,2024-02-10 10:44,ספוטיפיי,פנאי,46.46,ILS,46.46,רגילה,0
user_048,2024-06-05 10:09,סופר-פארם,פארם,102.88,ILS,102.88,רגילה,0
user_003,2024-06-15 14:01,מחסני חשמל,חשמל,42.58,ILS,42.58,רגילה,0
user_049,2024-11-21 10:48,אייבורי,חשמל,10.0,ILS,10.0,רגילה,0
user_018,2024-07-26 18:53,אוניברסיטה,חינוך,319.96,ILS,319.96,רגילה,0
user_034,2024-04-02 16:51,דומינוס,מסעדות,124.27,ILS,124.27,רגילה,0
user_023,2024-10-21 14:12,דלק,דלק,262.96,ILS,262.96,תשלומים,0
user_006,2024-09-21 12:09,סופר-פארם,פארם,109.9,ILS,109.9,הוראת קבע,0
user_007,2024-03-18 11:50,גולדה,מסעדות,105.12,ILS,105.12,תשלומים,0
user_001,2024-10-02 21:50,Gett,תחבורה,53.22,ILS,53.22,תשלומים,0
user_013,2024-11-04 13:19,ביטוח,אחר,57.3,ILS,57.3,רגילה,0
user_041,2024-04-15 09:28,דומינוס,מסעדות,138.13,ILS,138.13,תשלומים,0
user_016,2024-01-18 21:38,נטפליקס,פנאי,91.82,ILS,91.82,רגילה,0
user_036,2024-11-23 18:06,עירייה,אחר,135.8,ILS,135.8,תשלומים,0
user_038,2024-06-15 10:45,אייבורי,חשמל,706.95,ILS,706.95,רגילה,0
user_003,2024-12-23 09:37,רמי לוי,סופרמרקט,218.57,ILS,218.57,רגילה,0
user_048,2024-08-07 14:29,קסטרו,אופנה,118.23,ILS,118.23,תשלומים,0
user_012,2024-05-16 18:35,סונול,דלק,191.3,ILS,191.3,רגילה,0
user_014,2024-12-10 20:04,ספוטיפיי,פנאי,75.67,ILS,75.67,רגילה,0
user_013,2024-08-20 21:09,Gett,תחבורה,12.88,USD,47.66,"עסקת חו""ל",0
user_007,2024-12-13 22:45,חברת חשמל,אחר,177.51,ILS,177.51,רגילה,0
user_011,2024-12-20 17:32,KSP,חשמל,797.86,ILS,797.86,תשלומים,0
user_033,2024-11-26 22:25,חברת חשמל,אחר,50.14,USD,185.52,"עסקת חו""ל",0
user_040,2024-12-26 20:33,פז,דלק,63.16,EUR,252.64,"עסקת חו""ל",0
user_010,2024-09-14 21:56,רכבת ישראל,תחבורה,58.5,ILS,58.5,רגילה,0
user_008,2024-11-16 15:38,קסטרו,אופנה,79.57,ILS,79.57,תשלומים,0
user_030,2024-01-07 11:53,אוניברסיטה,חינוך,255.14,ILS,255.14,רגילה,0
user_006,2024-04-23 11:36,דלק,דלק,154.34,ILS,154.34,רגילה,0
user_026,2024-06-08 09:39,רב-קו,תחבורה,11.14,USD,41.22,"עסקת חו""ל",0
user_005,2024-03-25 22:22,רכבת ישראל,תחבורה,31.43,ILS,31.43,הוראת קבע,0
user_044,2024-10-20 01:01,רכבת ישראל,תחבורה,696.54,ILS,696.54,רגילה,1
user_045,2024-08-24 18:02,מחסני חשמל,חשמל,1745.69,ILS,1745.69,רגילה,0
user_047,2024-11-23 14:34,סונול,דלק,245.0,ILS,245.0,רגילה,0
user_021,2024-12-26 18:54,Gett,תחבורה,75.44,ILS,75.44,רגילה,0
user_014,2024-01-27 17:32,דומינוס,מסעדות,56.37,ILS,56.37,רגילה,0
user_046,2024-11-17 15:30,Udemy,חינוך,268.09,ILS,268.09,רגילה,0
user_002,2024-11-11 10:46,KSP,חשמל,1509.84,ILS,1509.84,רגילה,0
user_001,2024-02-08 13:09,שופרסל,סופרמרקט,364.25,ILS,364.25,רגילה,0
user_049,2024-04-24 11:03,Be,פארם,145.35,ILS,145.35,רגילה,0
user_028,2024-09-24 09:37,H&M,אופנה,53.81,ILS,53.81,רגילה,0
user_049,2024-04-03 18:39,ביטוח,אחר,77.5,ILS,77.5,תשלומים,0
user_048,2024-11-28 10:04,סופר-פארם,פארם,217.95,ILS,217.95,רגילה,0
user_033,2024-01-14 22:20,דלק,דלק,214.13,ILS,214.13,תשלומים,0
user_004,2024-02-15 14:12,סופר-פארם,פארם,70.92,ILS,70.92,רגילה,0
user_038,2024-05-20 11:02,טיב טעם,סופרמרקט,328.79,ILS,328.79,רגילה,0
user_040,2024-12-02 22:35,טיב טעם,סופרמרקט,126.66,USD,468.64,"עסקת חו""ל",0
user_013,2024-12-19 15:16,עירייה,אחר,81.41,ILS,81.41,רגילה,0
user_037,2024-10-06 12:32,אייבורי,חשמל,948.1,ILS,948.1,רגילה,0
user_001,2024-05-18 19:07,שופרסל,סופרמרקט,222.0,ILS,222.0,רגילה,0
user_025,2024-09-02 16:48,גולדה,מסעדות,112.23,ILS,112.23,רגילה,0
user_015,2024-05-15 21:47,שופרסל,סופרמרקט,349.33,ILS,349.33,רגילה,0
user_046,2024-08-17 09:03,דלק,דלק,172.22,ILS,172.22,תשלומים,0
user_050,2024-12-20 15:39,Gett,תחבורה,44.51,ILS,44.51,תשלומים,0
user_044,2024-11-15 08:15,מחסני חשמל,חשמל,674.97,ILS,674.97,רגילה,0
user_008,2024-03-12 14:14,Gett,תחבורה,26.33,ILS,26.33,תשלומים,0
user_041,2024-08-11 13:49,מחסני חשמל,חשמל,755.58,ILS,755.58,רגילה,0
user_021,2024-10-17 11:37,ספוטיפיי,פנאי,32.01,ILS,32.01,רגילה,0
user_031,2024-03-05 12:24,פז,דלק,246.7,ILS,246.7,רגילה,0
user_007,2024-11-03 13:19,רמי לוי,סופרמרקט,425.23,ILS,425.23,רגילה,0
user_012,2024-04-27 12:22,עירייה,אחר,178.03,ILS,178.03,תשלומים,0
user_041,2024-12-07 21:36,מחסני חשמל,חשמל,705.9,ILS,705.9,רגילה,0
user_033,2024-12-18 15:43,Udemy,חינוך,117.54,ILS,117.54,רגילה,0
user_030,2024-03-18 08:05,רב-קו,תחבורה,54.31,ILS,54.31,רגילה,0
user_008,2024-11-08 14:02,טיב טעם,סופרמרקט,407.74,ILS,407.74,רגילה,0
user_017,2024-06-06 21:02,קסטרו,אופנה,272.04,ILS,272.04,רגילה,0
user_012,2024-01-13 15:31,מקדונלד'ס,מסעדות,37.09,EUR,148.36,"עסקת חו""ל",0
user_012,2024-04-07 02:03,נטפליקס,פנאי,634.04,ILS,634.04,רגילה,1
user_011,2024-06-19 19:58,אוניברסיטה,חינוך,70.38,GBP,330.79,"עסקת חו""ל",0
user_001,2024-06-23 14:35,ויקטורי,סופרמרקט,218.06,ILS,218.06,רגילה,0
user_031,2024-12-25 11:16,H&M,אופנה,350.99,ILS,350.99,רגילה,0
user_002,2024-11-26 16:31,ביטוח,אחר,254.11,ILS,254.11,רגילה,0
user_008,2024-10-23 19:54,H&M,אופנה,415.63,ILS,415.63,הוראת קבע,0
user_042,2024-08-04 15:10,Be,פארם,77.98,ILS,77.98,רגילה,0
user_035,2024-02-05 10:55,רמי לוי,סופרמרקט,173.13,ILS,173.13,רגילה,0
user_021,2024-04-01 22:57,Gett,תחבורה,81.54,ILS,81.54,תשלומים,0
user_022,2024-12-09 17:13,חברת חשמל,אחר,263.52,ILS,263.52,רגילה,0
user_048,2024-10-01 03:23,פז,דלק,2551.08,ILS,2551.08,רגילה,1
user_003,2024-10-20 20:21,H&M,אופנה,374.41,ILS,374.41,רגילה,0
user_050,2024-11-10 12:40,יס פלאנט,פנאי,65.91,ILS,65.91,הוראת קבע,0
user_012,2024-06-09 13:01,נטפליקס,פנאי,77.99,ILS,77.99,רגילה,0
user_036,2024-05-22 09:23,Udemy,חינוך,251.54,ILS,251.54,תשלומים,0
user_012,2024-08-28 10:04,רב-קו,תחבורה,14.69,EUR,58.76,"עסקת חו""ל",0
user_006,2024-08-11 14:08,אייבורי,חשמל,1754.71,ILS,1754.71,רגילה,0
user_012,2024-02-16 17:54,אוניברסיטה,חינוך,197.15,ILS,197.15,רגילה,0
user_049,2024-10-15 14:37,Gett,תחבורה,25.37,ILS,25.37,רגילה,0
user_002,2024-09-26 12:25,דלק,דלק,50.31,GBP,236.46,"עסקת חו""ל",0
user_024,2024-12-27 12:06,רכבת ישראל,תחבורה,73.53,ILS,73.53,רגילה,0
user_033,2024-02-27 11:38,סופר-פארם,פארם,199.18,ILS,199.18,רגילה,0
user_043,2024-03-04 17:28,שופרסל,סופרמרקט,471.72,ILS,471.72,רגילה,0
user_030,2024-03-24 21:31,גולדה,מסעדות,66.99,ILS,66.99,רגילה,0
user_043,2024-04-22 00:39,פז,דלק,2410.71,ILS,2410.71,רגילה,1
user_008,2024-12-17 16:09,דומינוס,מסעדות,90.13,ILS,90.13,רגילה,0
user_039,2024-07-06 13:03,Udemy,חינוך,295.78,ILS,295.78,רגילה,0
user_008,2024-09-02 19:10,סונול,דלק,196.3,ILS,196.3,רגילה,0
user_050,2024-02-04 01:52,Gett,תחבורה,748.08,ILS,748.08,רגילה,1
user_005,2024-04-08 08:53,אייבורי,חשמל,1158.39,ILS,1158.39,רגילה,0
user_030,2024-05-18 12:28,H&M,אופנה,82.78,ILS,82.78,רגילה,0
user_010,2024-05-26 19:40,אוניברסיטה,חינוך,197.27,ILS,197.27,רגילה,0
user_044,2024-02-14 15:12,ויקטורי,סופרמרקט,170.31,ILS,170.31,תשלומים,0
user_038,2024-04-14 14:47,דומינוס,מסעדות,130.97,ILS,130.97,רגילה,0
user_003,2024-10-04 10:43,Be,פארם,134.35,ILS,134.35,רגילה,0
user_032,2024-05-01 10:48,סופר-פארם,פארם,69.62,ILS,69.62,רגילה,0
user_047,2024-08-28 09:40,Gett,תחבורה,47.38,ILS,47.38,רגילה,0
user_019,2024-09-17 13:37,סופר-פארם,פארם,174.79,ILS,174.79,רגילה,0
user_034,2024-03-15 16:54,ביטוח,אחר,192.22,ILS,192.22,רגילה,0
user_034,2024-05-10 04:42,זארה,אופנה,1418.34,ILS,1418.34,רגילה,1
user_049,2024-07-22 16:40,פוקס,אופנה,246.12,ILS,246.12,רגילה,0
user_036,2024-01-05 14:39,Udemy,חינוך,81.62,USD,301.99,"עסקת חו""ל",0
user_046,2024-10-04 08:41,דלק,דלק,204.43,ILS,204.43,הוראת קבע,0
user_047,2024-04-10 11:27,חברת חשמל,אחר,16.16,USD,59.79,"עסקת חו""ל",0
user_029,2024-03-19 16:47,Udemy,חינוך,33.65,ILS,33.65,רגילה,0
user_026,2024-10-28 09:38,ספוטיפיי,פנאי,10.02,USD,37.07,"עסקת חו""ל",0
user_001,2024-06-05 20:54,יס פלאנט,פנאי,63.14,ILS,63.14,תשלומים,0
user_020,2024-01-20 08:16,נטפליקס,פנאי,84.86,ILS,84.86,הוראת קבע,0
user_046,2024-04-16 13:37,טיב טעם,סופרמרקט,405.16,ILS,405.16,רגילה,0
user_049,2024-06-28 11:59,זארה,אופנה,126.18,USD,466.87,"עסקת חו""ל",0
user_038,2024-04-26 18:53,מחסני חשמל,חשמל,1200.9,ILS,1200.9,תשלומים,0
user_046,2024-06-06 05:40,חברת חשמל,אחר,2036.1,ILS,2036.1,תשלומים,1
user_050,2024-02-22 15:41,רב-קו,תחבורה,32.28,ILS,32.28,רגילה,0
user_047,2024-12-15 15:39,Udemy,חינוך,215.73,ILS,215.73,הוראת קבע,0
user_044,2024-02-08 18:10,סופר-פארם,פארם,191.04,ILS,191.04,רגילה,0
user_044,2024-11-17 15:57,Be,פארם,206.68,ILS,206.68,רגילה,0
user_026,2024-11-22 20:55,ביטוח,אחר,186.57,ILS,186.57,רגילה,0
user_011,2024-10-22 14:08,נטפליקס,פנאי,52.29,ILS,52.29,רגילה,0
user_030,2024-01-08 19:23,אוניברסיטה,חינוך,294.89,ILS,294.89,רגילה,0
user_028,2024-06-06 21:29,ספוטיפיי,פנאי,64.16,ILS,64.16,תשלומים,0
user_028,2024-05-03 15:25,ביטוח,אחר,52.92,EUR,211.68,"עסקת חו""ל",0
user_027,2024-10-26 12:09,חברת חשמל,אחר,86.26,EUR,345.04,"עסקת חו""ל",0
user_020,2024-03-09 22:49,סופר-פארם,פארם,288.11,ILS,288.11,תשלומים,0
user_030,2024-09-07 22:53,רב-קו,תחבורה,54.64,ILS,54.64,רגילה,0
user_032,2024-12-01 13:40,ויקטורי,סופרמרקט,646.67,ILS,646.67,רגילה,0
user_005,2024-11-14 02:01,חברת חשמל,אחר,1031.22,ILS,1031.22,רגילה,1
user_007,2024-02-13 14:14,ויקטורי,סופרמרקט,361.74,ILS,361.74,רגילה,0
user_021,2024-12-26 14:16,דלק,דלק,204.39,ILS,204.39,רגילה,0
user_011,2024-01-13 15:43,Be,פארם,119.49,ILS,119.49,הוראת קבע,0
user_035,2024-07-05 21:34,אייבורי,חשמל,398.9,ILS,398.9,תשלומים,0
user_047,2024-04-22 15:28,רמי לוי,סופרמרקט,323.84,ILS,323.84,רגילה,0
user_038,2024-05-07 12:06,מקדונלד'ס,מסעדות,165.8,ILS,165.8,רגילה,0
user_029,2024-02-09 08:07,Be,פארם,77.5,ILS,77.5,רגילה,0
user_044,2024-12-06 16:46,ספוטיפיי,פנאי,56.03,ILS,56.03,רגילה,0
user_023,2024-09-20 17:22,דלק,דלק,153.11,ILS,153.11,רגילה,0
user_028,2024-03-22 22:42,רכבת ישראל,תחבורה,93.19,ILS,93.19,רגילה,0
user_031,2024-05-20 11:27,מחסני חשמל,חשמל,1345.52,ILS,1345.52,תשלומים,0
user_025,2024-11-13 10:33,קסטרו,אופנה,499.11,ILS,499.11,רגילה,0
user_015,2024-03-02 08:30,Be,פארם,154.45,ILS,154.45,רגילה,0
user_047,2024-05-04 08:38,קסטרו,אופנה,165.41,ILS,165.41,רגילה,0
user_022,2024-08-20 02:17,חברת חשמל,אחר,2296.58,ILS,2296.58,רגילה,1
user_013,2024-03-16 19:18,פז,דלק,208.03,ILS,208.03,רגילה,0
user_024,2024-06-27 13:14,ספוטיפיי,פנאי,29.82,ILS,29.82,רגילה,0
user_015,2024-08-15 14:59,H&M,אופנה,329.36,ILS,329.36,רגילה,0
user_046,2024-10-28 11:05,גולדה,מסעדות,179.81,ILS,179.81,תשלומים,0
user_001,2024-05-23 10:58,אוניברסיטה,חינוך,227.17,ILS,227.17,הוראת קבע,0
user_041,2024-04-16 20:16,רכבת ישראל,תחבורה,48.41,ILS,48.41,רגילה,0
user_029,2024-12-04 10:00,אוניברסיטה,חינוך,511.33,ILS,511.33,רגילה,0
user_046,2024-03-01 19:07,מחסני חשמל,חשמל,1030.77,ILS,1030.77,רגילה,0
user_024,2024-06-02 14:11,יס פלאנט,פנאי,55.27,ILS,55.27,רגילה,0
user_037,2024-03-21 19:32,רב-קו,תחבורה,57.94,ILS,57.94,רגילה,0
user_037,2024-06-13 22:06,אייבורי,חשמל,276.89,USD,1024.49,"עסקת חו""ל",0
user_044,2024-01-25 11:23,מקדונלד'ס,מסעדות,37.83,GBP,177.8,"עסקת חו""ל",0
user_047,2024-04-05 19:51,עירייה,אחר,394.39,ILS,394.39,רגילה,0
user_031,2024-08-06 18:53,טיב טעם,סופרמרקט,471.52,ILS,471.52,רגילה,0
user_044,2024-07-02 11:17,טיב טעם,סופרמרקט,420.97,ILS,420.97,רגילה,0
user_030,2024-06-10 12:35,יס פלאנט,פנאי,34.1,ILS,34.1,רגילה,0
user_020,2024-04-21 09:32,Gett,תחבורה,10.67,USD,39.48,"עסקת חו""ל",0
user_020,2024-10-08 17:38,טיב טעם,סופרמרקט,244.44,ILS,244.44,רגילה,0
user_049,2024-02-08 11:55,קפה גרג,מסעדות,98.49,ILS,98.49,תשלומים,0
user_009,2024-02-01 15:10,סופר-פארם,פארם,2.7,USD,9.99,"עסקת חו""ל",0
user_049,2024-10-12 09:19,זארה,אופנה,366.87,ILS,366.87,רגילה,0
user_046,2024-06-19 17:51,אייבורי,חשמל,730.44,ILS,730.44,תשלומים,0
user_044,2024-01-06 19:54,פוקס,אופנה,181.38,ILS,181.38,רגילה,0
user_020,2024-10-16 21:36,נטפליקס,פנאי,77.02,ILS,77.02,רגילה,0
user_040,2024-02-08 09:27,יס פלאנט,פנאי,75.59,ILS,75.59,רגילה,0
user_034,2024-04-13 11:42,ביטוח,אחר,245.14,ILS,245.14,רגילה,0
user_009,2024-05-04 15:02,זארה,אופנה,89.53,ILS,89.53,תשלומים,0
user_027,2024-01-04 08:18,Udemy,חינוך,237.34,ILS,237.34,תשלומים,0
user_003,2024-11-16 12:48,שופרסל,סופרמרקט,388.3,ILS,388.3,תשלומים,0
user_004,2024-07-04 08:14,דלק,דלק,39.62,EUR,158.48,"עסקת חו""ל",0
user_034,2024-03-06 17:47,Udemy,חינוך,124.72,ILS,124.72,תשלומים,0
user_037,2024-08-10 15:08,סופר-פארם,פארם,16.01,GBP,75.25,"עסקת חו""ל",0
user_035,2024-11-08 19:35,Udemy,חינוך,187.94,ILS,187.94,תשלומים,0
user_015,2024-09-01 10:29,עירייה,אחר,146.45,ILS,146.45,רגילה,0
user_002,2024-06-21 22:02,זארה,אופנה,160.29,ILS,160.29,רגילה,0
user_024,2024-01-08 10:00,רכבת ישראל,תחבורה,17.79,ILS,17.79,רגילה,0
user_046,2024-11-07 17:32,Gett,תחבורה,39.73,ILS,39.73,רגילה,0
user_036,2024-06-09 20:51,מחסני חשמל,חשמל,689.64,ILS,689.64,רגילה,0
user_043,2024-04-26 11:00,רב-קו,תחבורה,25.5,ILS,25.5,רגילה,0
user_001,2024-09-24 20:03,עירייה,אחר,119.6,ILS,119.6,רגילה,0
user_012,2024-05-26 22:51,קסטרו,אופנה,70.19,ILS,70.19,רגילה,0
user_006,2024-06-08 17:08,עירייה,אחר,218.72,ILS,218.72,רגילה,0
user_048,2024-03-06 11:15,Gett,תחבורה,65.97,ILS,65.97,רגילה,0
user_039,2024-08-26 16:40,Be,פארם,127.13,ILS,127.13,רגילה,0
user_015,2024-07-26 08:55,קסטרו,אופנה,405.15,ILS,405.15,תשלומים,0
user_042,2024-03-15 10:11,מחסני חשמל,חשמל,935.23,ILS,935.23,רגילה,0
user_047,2024-09-23 19:33,רב-קו,תחבורה,58.87,ILS,58.87,רגילה,0
user_005,2024-06-01 18:52,זארה,אופנה,79.73,ILS,79.73,רגילה,0
user_024,2024-08-04 14:57,H&M,אופנה,42.42,ILS,42.42,רגילה,0
user_029,2024-07-06 13:30,רב-קו,תחבורה,50.49,ILS,50.49,רגילה,0
user_030,2024-10-05 15:44,סונול,דלק,180.54,ILS,180.54,רגילה,0
user_004,2024-12-18 22:16,אוניברסיטה,חינוך,222.23,ILS,222.23,רגילה,0
user_009,2024-06-27 14:16,KSP,חשמל,39.2,USD,145.04,"עסקת חו""ל",0
user_030,2024-05-19 10:56,רב-קו,תחבורה,64.01,ILS,64.01,רגילה,0
user_045,2024-04-05 12:28,מחסני חשמל,חשמל,105.0,ILS,105.0,רגילה,0
user_032,2024-03-17 18:31,דומינוס,מסעדות,109.22,ILS,109.22,רגילה,0
user_008,2024-07-06 14:17,H&M,אופנה,10.0,ILS,10.0,רגילה,0
user_019,2024-07-22 15:13,סופר-פארם,פארם,146.48,ILS,146.48,רגילה,0
user_026,2024-12-15 11:58,אייבורי,חשמל,224.26,EUR,897.04,"עסקת חו""ל",0
user_006,2024-04-21 17:40,Udemy,חינוך,151.4,ILS,151.4,תשלומים,0
user_041,2024-07-25 15:22,ספוטיפיי,פנאי,10.0,ILS,10.0,רגילה,0
user_048,2024-03-03 10:13,זארה,אופנה,367.58,ILS,367.58,תשלומים,0
user_044,2024-09-27 16:53,יס פלאנט,פנאי,60.12,ILS,60.12,רגילה,0
user_040,2024-10-24 22:38,Udemy,חינוך,30.22,EUR,120.88,"עסקת חו""ל",0
user_027,2024-01-04 13:04,Udemy,חינוך,57.23,ILS,57.23,רגילה,0
user_028,2024-11-04 11:46,Udemy,חינוך,197.91,ILS,197.91,רגילה,0
user_020,2024-02-13 10:35,חברת חשמל,אחר,92.93,ILS,92.93,רגילה,0
user_020,2024-11-03 12:08,Udemy,חינוך,10.0,ILS,10.0,רגילה,0
user_032,2024-01-22 17:06,סופר-פארם,פארם,60.11,USD,222.41,"עסקת חו""ל",0
user_046,2024-06-27 10:09,אוניברסיטה,חינוך,51.82,ILS,51.82,תשלומים,0
user_004,2024-02-15 12:53,סונול,דלק,141.04,ILS,141.04,תשלומים,0
user_010,2024-02-27 18:44,נטפליקס,פנאי,48.29,ILS,48.29,רגילה,0
user_045,2024-07-08 11:17,קפה גרג,מסעדות,152.41,ILS,152.41,רגילה,0
user_006,2024-09-28 16:40,סונול,דלק,223.46,ILS,223.46,רגילה,0
user_003,2024-03-17 14:02,רב-קו,תחבורה,49.41,ILS,49.41,רגילה,0
user_037,2024-11-20 22:44,קסטרו,אופנה,388.09,ILS,388.09,רגילה,0
user_017,2024-07-17 10:13,זארה,אופנה,397.76,ILS,397.76,הוראת קבע,0
user_027,2024-08-08 19:20,דומינוס,מסעדות,163.6,ILS,163.6,רגילה,0
user_044,2024-10-20 15:38,זארה,אופנה,376.91,ILS,376.91,תשלומים,0
user_018,2024-12-08 09:12,רכבת ישראל,תחבורה,56.24,ILS,56.24,הוראת קבע,0
user_009,2024-02-12 17:20,עירייה,אחר,246.44,ILS,246.44,רגילה,0
user_005,2024-12-24 22:37,ביטוח,אחר,254.35,ILS,254.35,רגילה,0
user_023,2024-01-13 14:31,שופרסל,סופרמרקט,270.73,ILS,270.73,רגילה,0
user_025,2024-06-02 15:22,טיב טעם,סופרמרקט,469.57,ILS,469.57,הוראת קבע,0
user_048,2024-12-20 13:53,מקדונלד'ס,מסעדות,124.54,ILS,124.54,רגילה,0
user_025,2024-04-11 10:56,חברת חשמל,אחר,126.91,ILS,126.91,רגילה,0
user_015,2024-09-19 20:53,מחסני חשמל,חשמל,1384.42,ILS,1384.42,רגילה,0
user_005,2024-11-17 11:47,רמי לוי,סופרמרקט,170.31,ILS,170.31,רגילה,0
user_045,2024-05-27 18:12,עירייה,אחר,218.25,ILS,218.25,תשלומים,0
user_039,2024-12-26 11:06,קפה גרג,מסעדות,103.68,ILS,103.68,רגילה,0
user_040,2024-02-04 12:47,אוניברסיטה,חינוך,146.03,ILS,146.03,רגילה,0
user_037,2024-03-01 19:04,סופר-פארם,פארם,165.16,ILS,165.16,תשלומים,0
user_024,2024-04-21 18:07,ויקטורי,סופרמרקט,384.9,ILS,384.9,רגילה,0
user_018,2024-07-25 08:45,אוניברסיטה,חינוך,27.18,EUR,108.72,"עסקת חו""ל",0
user_032,2024-04-06 16:08,ספוטיפיי,פנאי,54.74,ILS,54.74,תשלומים,0
user_015,2024-08-05 15:10,Udemy,חינוך,278.33,ILS,278.33,תשלומים,0
user_017,2024-03-03 02:02,שופרסל,סופרמרקט,5048.85,ILS,5048.85,רגילה,1
user_026,2024-07-01 17:58,סונול,דלק,151.62,ILS,151.62,רגילה,0
user_002,2024-03-21 21:54,זארה,אופנה,443.73,ILS,443.73,רגילה,0
user_043,2024-10-04 20:39,סופר-פארם,פארם,142.93,ILS,142.93,תשלומים,0
user_048,2024-03-15 21:20,רמי לוי,סופרמרקט,116.72,USD,431.86,"עסקת חו""ל",0
user_046,2024-02-03 15:47,דלק,דלק,194.0,ILS,194.0,רגילה,0
user_048,2024-04-09 09:05,דלק,דלק,183.21,ILS,183.21,רגילה,0
user_043,2024-06-14 22:28,חברת חשמל,אחר,110.64,ILS,110.64,רגילה,0
user_001,2024-02-23 10:28,פז,דלק,191.65,ILS,191.65,רגילה,0
user_037,2024-07-01 22:21,Udemy,חינוך,219.5,ILS,219.5,רגילה,0
user_014,2024-08-24 16:45,רמי לוי,סופרמרקט,358.54,ILS,358.54,רגילה,0
user_019,2024-08-11 21:38,עירייה,אחר,300.0,ILS,300.0,רגילה,0
user_044,2024-10-19 19:32,Udemy,חינוך,269.37,ILS,269.37,רגילה,0
user_007,2024-02-16 18:30,רב-קו,תחבורה,41.06,ILS,41.06,רגילה,0
user_049,2024-11-15 16:59,ויקטורי,סופרמרקט,290.75,ILS,290.75,תשלומים,0
user_023,2024-07-28 22:02,גולדה,מסעדות,66.88,ILS,66.88,תשלומים,0
user_029,2024-03-10 02:22,רכבת ישראל,תחבורה,666.56,ILS,666.56,רגילה,1
user_029,2024-06-26 03:53,ביטוח,אחר,2034.04,ILS,2034.04,רגילה,1
user_039,2024-11-25 18:48,גולדה,מסעדות,112.91,ILS,112.91,רגילה,0
user_049,2024-09-27 17:56,רמי לוי,סופרמרקט,254.86,ILS,254.86,רגילה,0
user_005,2024-12-14 22:41,סופר-פארם,פארם,80.16,ILS,80.16,רגילה,0
user_001,2024-10-08 16:48,KSP,חשמל,896.3,ILS,896.3,רגילה,0
user_032,2024-05-23 09:40,פז,דלק,175.11,ILS,175.11,תשלומים,0
user_036,2024-04-15 15:32,קסטרו,אופנה,125.74,ILS,125.74,רגילה,0
user_005,2024-06-19 08:12,אייבורי,חשמל,1683.62,ILS,1683.62,רגילה,0
user_031,2024-05-05 22:14,קפה גרג,מסעדות,141.44,ILS,141.44,תשלומים,0
user_048,2024-01-10 19:30,פז,דלק,65.05,GBP,305.74,"עסקת חו""ל",0
user_042,2024-03-06 10:11,חברת חשמל,אחר,149.26,ILS,149.26,רגילה,0
user_004,2024-10-28 14:38,אוניברסיטה,חינוך,302.59,ILS,302.59,רגילה,0
user_002,2024-08-27 10:06,עירייה,אחר,219.21,ILS,219.21,רגילה,0
user_011,2024-09-28 22:59,Be,פארם,218.51,ILS,218.51,תשלומים,0
user_019,2024-08-22 12:50,קפה גרג,מסעדות,63.98,ILS,63.98,רגילה,0
user_034,2024-06-25 22:13,טיב טעם,סופרמרקט,355.8,ILS,355.8,רגילה,0
user_043,2024-10-11 09:13,עירייה,אחר,159.47,ILS,159.47,רגילה,0
user_046,2024-03-02 15:26,יס פלאנט,פנאי,62.5,ILS,62.5,רגילה,0
user_046,2024-11-08 03:21,זארה,אופנה,517.01,USD,1912.94,"עסקת חו""ל",1
user_007,2024-02-17 14:17,Udemy,חינוך,147.95,ILS,147.95,רגילה,0
user_015,2024-04-19 19:56,סופר-פארם,פארם,183.2,ILS,183.2,רגילה,0
user_009,2024-07-20 17:03,שופרסל,סופרמרקט,165.63,ILS,165.63,רגילה,0
user_005,2024-08-23 09:17,Be,פארם,94.61,ILS,94.61,רגילה,0
user_010,2024-09-10 11:01,טיב טעם,סופרמרקט,286.84,ILS,286.84,רגילה,0
user_043,2024-02-22 14:28,Gett,תחבורה,62.4,ILS,62.4,תשלומים,0
user_017,2024-02-21 09:23,אוניברסיטה,חינוך,14.54,GBP,68.34,"עסקת חו""ל",0
user_012,2024-04-06 19:26,רב-קו,תחבורה,74.81,ILS,74.81,רגילה,0
user_024,2024-01-08 10:59,סופר-פארם,פארם,64.65,ILS,64.65,רגילה,0
user_038,2024-10-18 21:12,מחסני חשמל,חשמל,440.34,ILS,440.34,תשלומים,0
user_014,2024-02-22 12:40,טיב טעם,סופרמרקט,485.89,ILS,485.89,תשלומים,0
user_028,2024-02-15 21:34,ביטוח,אחר,424.43,ILS,424.43,רגילה,0
user_042,2024-11-20 09:26,אייבורי,חשמל,527.55,ILS,527.55,רגילה,0
user_010,2024-03-02 08:47,פז,דלק,226.2,ILS,226.2,רגילה,0
user_031,2024-01-02 14:42,עירייה,אחר,184.15,ILS,184.15,רגילה,0
user_004,2024-04-13 02:06,דלק,דלק,2854.06,ILS,2854.06,רגילה,1
user_045,2024-11-08 21:14,אייבורי,חשמל,915.72,ILS,915.72,רגילה,0
user_042,2024-04-15 20:47,Be,פארם,232.03,ILS,232.03,רגילה,0
user_022,2024-07-26 10:56,דומינוס,מסעדות,128.99,ILS,128.99,רגילה,0
user_011,2024-09-17 11:06,זארה,אופנה,269.28,ILS,269.28,תשלומים,0
user_015,2024-07-24 16:02,מחסני חשמל,חשמל,1320.27,ILS,1320.27,רגילה,0
user_026,2024-04-11 21:30,Gett,תחבורה,37.14,ILS,37.14,רגילה,0
user_050,2024-11-07 11:31,מקדונלד'ס,מסעדות,88.74,ILS,88.74,רגילה,0
user_015,2024-09-27 12:01,דומינוס,מסעדות,30.34,ILS,30.34,רגילה,0
user_038,2024-07-09 21:43,Gett,תחבורה,71.61,ILS,71.61,תשלומים,0
user_006,2024-10-16 11:14,H&M,אופנה,48.03,GBP,225.74,"עסקת חו""ל",0
user_020,2024-01-23 12:05,H&M,אופנה,46.49,ILS,46.49,רגילה,0
user_015,2024-12-25 17:04,פז,דלק,185.72,ILS,185.72,רגילה,0
user_039,2024-05-10 16:59,אוניברסיטה,חינוך,217.52,ILS,217.52,תשלומים,0
user_005,2024-04-18 13:10,קפה גרג,מסעדות,25.19,ILS,25.19,רגילה,0
user_048,2024-02-02 20:52,H&M,אופנה,10.0,ILS,10.0,רגילה,0
user_050,2024-12-12 12:09,סונול,דלק,51.34,USD,189.96,"עסקת חו""ל",0
user_016,2024-12-25 17:26,דומינוס,מסעדות,112.04,ILS,112.04,רגילה,0
user_032,2024-10-28 10:34,יס פלאנט,פנאי,49.41,ILS,49.41,רגילה,0
user_045,2024-06-27 09:00,דלק,דלק,187.95,ILS,187.95,תשלומים,0
user_015,2024-01-24 15:28,אוניברסיטה,חינוך,120.87,ILS,120.87,רגילה,0
user_008,2024-04-17 08:57,KSP,חשמל,579.86,ILS,579.86,רגילה,0
user_039,2024-07-09 21:57,Be,פארם,25.89,ILS,25.89,רגילה,0
user_024,2024-02-16 08:23,KSP,חשמל,545.28,ILS,545.28,הוראת קבע,0
user_042,2024-01-17 11:52,ויקטורי,סופרמרקט,373.97,ILS,373.97,רגילה,0
user_023,2024-01-10 18:23,Be,פארם,164.81,ILS,164.81,רגילה,0
user_006,2024-11-13 10:55,פוקס,אופנה,76.56,ILS,76.56,רגילה,0
user_027,2024-07-04 14:28,רכבת ישראל,תחבורה,28.0,ILS,28.0,רגילה,0
user_046,2024-10-06 15:45,טיב טעם,סופרמרקט,413.99,ILS,413.99,רגילה,0
user_044,2024-06-13 08:49,נטפליקס,פנאי,47.93,ILS,47.93,רגילה,0
user_042,2024-02-03 20:49,Udemy,חינוך,75.4,EUR,301.6,"עסקת חו""ל",0
user_047,2024-10-03 08:28,מקדונלד'ס,מסעדות,48.1,ILS,48.1,רגילה,0
user_037,2024-08-11 13:54,מקדונלד'ס,מסעדות,100.77,ILS,100.77,תשלומים,0
user_050,2024-04-03 08:13,Gett,תחבורה,42.35,ILS,42.35,רגילה,0
user_043,2024-11-27 11:17,רכבת ישראל,תחבורה,54.18,ILS,54.18,רגילה,0
user_038,2024-03-01 21:25,מקדונלד'ס,מסעדות,144.61,ILS,144.61,הוראת קבע,0
user_025,2024-08-18 22:37,ויקטורי,סופרמרקט,106.19,GBP,499.09,"עסקת חו""ל",0
user_043,2024-12-17 18:15,עירייה,אחר,109.38,ILS,109.38,תשלומים,0
user_035,2024-08-18 10:22,ויקטורי,סופרמרקט,289.48,ILS,289.48,רגילה,0
user_023,2024-09-17 15:41,עירייה,אחר,168.42,ILS,168.42,רגילה,0
user_003,2024-05-18 12:08,רב-קו,תחבורה,54.67,ILS,54.67,רגילה,0
user_030,2024-11-18 17:38,פוקס,אופנה,244.07,ILS,244.07,תשלומים,0
user_022,2024-01-09 18:56,אוניברסיטה,חינוך,175.28,ILS,175.28,רגילה,0
user_026,2024-09-06 13:07,סופר-פארם,פארם,282.1,ILS,282.1,רגילה,0
user_026,2024-03-21 22:25,דומינוס,מסעדות,119.28,ILS,119.28,רגילה,0
user_014,2024-08-05 17:30,Udemy,חינוך,86.31,ILS,86.31,רגילה,0
user_016,2024-08-16 08:45,נטפליקס,פנאי,47.88,ILS,47.88,רגילה,0
user_019,2024-07-20 04:01,רב-קו,תחבורה,300.35,ILS,300.35,תשלומים,1
user_037,2024-12-14 19:35,קסטרו,אופנה,70.52,ILS,70.52,רגילה,0
user_001,2024-08-20 18:49,דומינוס,מסעדות,158.11,ILS,158.11,רגילה,0
user_005,2024-08-13 19:56,פוקס,אופנה,258.62,ILS,258.62,רגילה,0
user_038,2024-08-14 09:16,טיב טעם,סופרמרקט,405.44,ILS,405.44,תשלומים,0
user_048,2024-06-11 08:22,קסטרו,אופנה,314.53,ILS,314.53,תשלומים,0
user_004,2024-06-23 14:42,פז,דלק,177.22,ILS,177.22,הוראת קבע,0
user_004,2024-10-20 15:53,ביטוח,אחר,241.95,ILS,241.95,רגילה,0
user_046,2024-08-15 18:36,סונול,דלק,133.14,ILS,133.14,רגילה,0
user_029,2024-10-09 08:08,Gett,תחבורה,13.1,GBP,61.57,"עסקת חו""ל",0
user_044,2024-05-19 10:24,Be,פארם,144.94,ILS,144.94,הוראת קבע,0
user_050,2024-09-27 09:27,Udemy,חינוך,310.59,ILS,310.59,רגילה,0
user_049,2024-02-27 12:03,דלק,דלק,177.61,ILS,177.61,רגילה,0
user_026,2024-04-08 08:47,מחסני חשמל,חשמל,388.8,ILS,388.8,תשלומים,0
user_001,2024-04-16 01:20,עירייה,אחר,2950.28,ILS,2950.28,רגילה,1
user_018,2024-04-10 03:41,סונול,דלק,2656.87,ILS,2656.87,רגילה,1
user_018,2024-03-26 18:51,Be,פארם,216.38,ILS,216.38,רגילה,0
user_021,2024-07-16 15:51,סונול,דלק,240.53,ILS,240.53,רגילה,0
user_010,2024-03-19 17:53,זארה,אופנה,40.42,ILS,40.42,רגילה,0
user_026,2024-12-24 17:06,סופר-פארם,פארם,189.25,ILS,189.25,רגילה,0
user_034,2024-12-01 22:58,KSP,חשמל,10.0,ILS,10.0,רגילה,0
user_013,2024-03-19 13:47,יס פלאנט,פנאי,15.52,ILS,15.52,רגילה,0
user_037,2024-10-07 08:55,Be,פארם,263.12,ILS,263.12,רגילה,0
user_003,2024-04-23 13:52,סונול,דלק,231.37,ILS,231.37,רגילה,0
user_010,2024-10-06 15:15,ספוטיפיי,פנאי,59.88,ILS,59.88,רגילה,0
user_012,2024-03-14 17:40,טיב טעם,סופרמרקט,395.25,ILS,395.25,רגילה,0
user_028,2024-11-21 15:27,פוקס,אופנה,436.25,ILS,436.25,רגילה,0
user_035,2024-05-14 15:43,Udemy,חינוך,152.27,ILS,152.27,רגילה,0
user_010,2024-03-03 18:10,פוקס,אופנה,212.08,ILS,212.08,רגילה,0
user_042,2024-03-21 17:44,זארה,אופנה,259.4,ILS,259.4,תשלומים,0
user_044,2024-08-15 11:30,פז,דלק,209.08,ILS,209.08,רגילה,0
user_047,2024-02-24 18:44,יס פלאנט,פנאי,48.46,ILS,48.46,רגילה,0
user_024,2024-10-10 05:42,זארה,אופנה,2332.5,ILS,2332.5,תשלומים,1
user_021,2024-01-25 14:25,רב-קו,תחבורה,43.5,ILS,43.5,רגילה,0
user_001,2024-09-23 22:12,Udemy,חינוך,200.4,ILS,200.4,רגילה,0
user_033,2024-01-21 08:42,חברת חשמל,אחר,227.74,ILS,227.74,רגילה,0
user_007,2024-12-28 08:47,טיב טעם,סופרמרקט,101.31,USD,374.85,"עסקת חו""ל",0
user_004,2024-04-13 09:27,יס פלאנט,פנאי,36.45,ILS,36.45,רגילה,0
user_049,2024-12-27 18:24,ספוטיפיי,פנאי,56.14,ILS,56.14,רגילה,0
user_043,2024-11-13 09:22,אייבורי,חשמל,1484.05,ILS,1484.05,רגילה,0
user_012,2024-10-19 19:43,עירייה,אחר,383.63,ILS,383.63,רגילה,0
user_028,2024-03-06 22:43,דלק,דלק,202.38,ILS,202.38,רגילה,0
user_027,2024-10-23 17:54,דלק,דלק,214.15,ILS,214.15,רגילה,0
user_016,2024-05-23 12:29,סופר-פארם,פארם,189.74,ILS,189.74,רגילה,0
user_016,2024-07-01 17:16,עירייה,אחר,366.53,ILS,366.53,רגילה,0
user_011,2024-11-08 14:58,KSP,חשמל,1024.76,ILS,1024.76,רגילה,0
user_037,2024-10-28 14:27,גולדה,מסעדות,109.67,ILS,109.67,רגילה,0
user_037,2024-04-04 15:19,סופר-פארם,פארם,131.77,ILS,131.77,רגילה,0
user_003,2024-07-09 00:25,אוניברסיטה,חינוך,1332.98,ILS,1332.98,רגילה,1
user_009,2024-09-06 10:15,Be,פארם,191.52,ILS,191.52,רגילה,0
user_008,2024-08-04 10:28,רב-קו,תחבורה,22.97,ILS,22.97,רגילה,0
user_001,2024-11-22 10:30,Udemy,חינוך,253.75,ILS,253.75,תשלומים,0
user_037,2024-09-21 17:18,רכבת ישראל,תחבורה,48.01,ILS,48.01,רגילה,0
user_046,2024-03-22 10:11,Udemy,חינוך,275.45,ILS,275.45,תשלומים,0
user_022,2024-03-25 18:10,Be,פארם,39.25,ILS,39.25,תשלומים,0
user_006,2024-04-26 14:12,שופרסל,סופרמרקט,467.18,ILS,467.18,תשלומים,0
user_020,2024-05-25 21:59,סונול,דלק,177.32,ILS,177.32,רגילה,0
user_034,2024-11-18 14:35,עירייה,אחר,162.36,ILS,162.36,רגילה,0
user_017,2024-12-14 11:21,קפה גרג,מסעדות,116.2,ILS,116.2,רגילה,0
user_009,2024-05-20 09:20,Udemy,חינוך,224.38,ILS,224.38,רגילה,0
user_035,2024-11-19 21:25,רב-קו,תחבורה,65.26,ILS,65.26,רגילה,0
user_049,2024-08-26 21:30,מחסני חשמל,חשמל,358.23,EUR,1432.92,"עסקת חו""ל",0
user_035,2024-02-11 15:46,קפה גרג,מסעדות,10.0,ILS,10.0,תשלומים,0
user_008,2024-10-06 16:57,H&M,אופנה,181.5,ILS,181.5,רגילה,0
user_040,2024-12-20 21:26,אוניברסיטה,חינוך,196.35,ILS,196.35,רגילה,0
user_039,2024-12-01 10:57,ביטוח,אחר,332.94,ILS,332.94,רגילה,0
user_037,2024-02-24 13:03,ויקטורי,סופרמרקט,327.96,ILS,327.96,רגילה,0
user_025,2024-02-07 18:32,Gett,תחבורה,16.79,EUR,67.16,"עסקת חו""ל",0
user_015,2024-01-13 16:07,נטפליקס,פנאי,11.01,USD,40.74,"עסקת חו""ל",0
user_017,2024-10-15 17:49,Udemy,חינוך,128.05,ILS,128.05,רגילה,0
user_003,2024-04-13 14:53,מחסני חשמל,חשמל,1054.96,ILS,1054.96,רגילה,0
user_005,2024-01-10 17:53,דלק,דלק,87.77,ILS,87.77,רגילה,0
user_033,2024-07-01 17:10,מחסני חשמל,חשמל,1172.38,ILS,1172.38,רגילה,0
user_039,2024-08-07 19:45,סופר-פארם,פארם,93.74,ILS,93.74,רגילה,0
user_011,2024-01-06 05:43,גולדה,מסעדות,1524.82,ILS,1524.82,רגילה,1
user_006,2024-07-25 09:13,Gett,תחבורה,43.86,ILS,43.86,רגילה,0
user_044,2024-12-10 12:19,Be,פארם,136.13,ILS,136.13,רגילה,0
user_041,2024-06-20 11:23,רב-קו,תחבורה,55.03,ILS,55.03,רגילה,0
user_035,2024-09-11 09:43,ביטוח,אחר,129.28,ILS,129.28,רגילה,0
user_014,2024-06-04 12:37,קפה גרג,מסעדות,29.38,EUR,117.52,"עסקת חו""ל",0
user_029,2024-01-24 19:45,H&M,אופנה,243.21,ILS,243.21,רגילה,0
user_044,2024-06-03 11:13,דומינוס,מסעדות,265.39,ILS,265.39,רגילה,0
user_035,2024-06-07 18:27,Udemy,חינוך,173.62,ILS,173.62,תשלומים,0
user_012,2024-01-18 14:10,KSP,חשמל,1269.84,ILS,1269.84,רגילה,0
user_045,2024-10-20 09:03,סופר-פארם,פארם,215.83,ILS,215.83,רגילה,0
user_039,2024-05-10 09:40,טיב טעם,סופרמרקט,29.86,GBP,140.34,"עסקת חו""ל",0
user_007,2024-04-21 14:54,סונול,דלק,156.06,ILS,156.06,רגילה,0
user_032,2024-10-06 11:19,חברת חשמל,אחר,42.99,USD,159.06,"עסקת חו""ל",0
user_010,2024-06-27 18:58,Gett,תחבורה,56.74,ILS,56.74,רגילה,0
user_013,2024-10-18 15:06,עירייה,אחר,220.64,ILS,220.64,רגילה,0
user_007,2024-10-08 19:09,נטפליקס,פנאי,45.07,ILS,45.07,רגילה,0
user_035,2024-12-23 10:17,טיב טעם,סופרמרקט,333.49,ILS,333.49,רגילה,0
user_022,2024-02-07 18:15,טיב טעם,סופרמרקט,324.75,ILS,324.75,תשלומים,0
user_032,2024-10-07 22:06,ביטוח,אחר,250.53,ILS,250.53,רגילה,0
user_049,2024-05-08 11:57,פוקס,אופנה,115.88,ILS,115.88,רגילה,0
user_023,2024-05-04 18:08,ספוטיפיי,פנאי,51.05,ILS,51.05,רגילה,0
user_029,2024-03-15 18:57,קסטרו,אופנה,10.0,ILS,10.0,תשלומים,0
user_030,2024-12-05 17:25,קפה גרג,מסעדות,56.0,ILS,56.0,הוראת קבע,0
user_043,2024-02-05 16:58,Udemy,חינוך,195.09,ILS,195.09,רגילה,0
user_048,2024-10-23 17:06,פז,דלק,260.9,ILS,260.9,רגילה,0
user_001,2024-01-13 09:01,עירייה,אחר,212.35,ILS,212.35,רגילה,0
user_030,2024-07-25 15:53,טיב טעם,סופרמרקט,385.33,ILS,385.33,רגילה,0
user_015,2024-09-21 17:51,אוניברסיטה,חינוך,150.46,ILS,150.46,רגילה,0
user_029,2024-12-23 11:27,Be,פארם,28.69,EUR,114.76,"עסקת חו""ל",0
user_039,2024-07-17 16:04,ספוטיפיי,פנאי,50.3,ILS,50.3,תשלומים,0
user_045,2024-06-21 12:04,אוניברסיטה,חינוך,82.3,ILS,82.3,רגילה,0
user_035,2024-06-23 17:09,Udemy,חינוך,18.9,ILS,18.9,רגילה,0
user_031,2024-01-13 10:51,ביטוח,אחר,198.68,ILS,198.68,רגילה,0
user_044,2024-10-10 10:38,H&M,אופנה,318.77,ILS,318.77,תשלומים,0
user_016,2024-02-28 12:24,אוניברסיטה,חינוך,54.59,EUR,218.36,"עסקת חו""ל",0
user_024,2024-07-20 21:41,זארה,אופנה,182.21,ILS,182.21,רגילה,0
user_010,2024-04-08 20:41,עירייה,אחר,224.29,ILS,224.29,תשלומים,0
user_007,2024-02-09 21:03,אייבורי,חשמל,149.82,EUR,599.28,"עסקת חו""ל",0
user_017,2024-01-02 10:54,אוניברסיטה,חינוך,204.95,ILS,204.95,רגילה,0
user_041,2024-02-06 22:00,רכבת ישראל,תחבורה,71.45,ILS,71.45,רגילה,0
user_045,2024-10-10 21:13,מחסני חשמל,חשמל,248.15,ILS,248.15,רגילה,0
user_034,2024-01-04 14:41,Udemy,חינוך,229.22,ILS,229.22,רגילה,0
user_030,2024-02-23 15:17,ויקטורי,סופרמרקט,561.58,ILS,561.58,רגילה,0
user_002,2024-10-03 21:10,סופר-פארם,פארם,163.36,ILS,163.36,רגילה,0
user_013,2024-02-03 09:29,חברת חשמל,אחר,269.6,ILS,269.6,רגילה,0
user_024,2024-09-04 13:27,עירייה,אחר,255.79,ILS,255.79,רגילה,0
user_032,2024-09-17 01:24,סונול,דלק,1867.07,ILS,1867.07,רגילה,1
user_019,2024-01-23 14:32,KSP,חשמל,1076.64,ILS,1076.64,רגילה,0
user_036,2024-05-20 08:22,עירייה,אחר,130.04,ILS,130.04,רגילה,0
user_017,2024-08-20 09:56,פז,דלק,255.34,ILS,255.34,רגילה,0
user_038,2024-03-26 09:03,עירייה,אחר,22.74,ILS,22.74,רגילה,0
user_012,2024-08-25 09:56,דומינוס,מסעדות,122.96,ILS,122.96,רגילה,0
user_014,2024-02-24 08:55,רמי לוי,סופרמרקט,519.63,ILS,519.63,רגילה,0
user_004,2024-06-10 05:49,מחסני חשמל,חשמל,4686.88,ILS,4686.88,רגילה,1
user_049,2024-11-28 17:50,עירייה,אחר,222.94,ILS,222.94,רגילה,0
user_030,2024-03-06 15:05,סופר-פארם,פארם,132.5,ILS,132.5,רגילה,0
user_013,2024-03-23 08:32,סופר-פארם,פארם,81.52,ILS,81.52,רגילה,0
user_015,2024-03-23 16:09,מחסני חשמל,חשמל,1118.18,ILS,1118.18,תשלומים,0
user_007,2024-10-01 10:45,זארה,אופנה,10.0,ILS,10.0,רגילה,0
user_010,2024-08-21 16:26,פוקס,אופנה,39.2,ILS,39.2,רגילה,0
user_011,2024-10-16 12:11,דומינוס,מסעדות,99.49,ILS,99.49,רגילה,0
user_020,2024-02-17 22:51,רמי לוי,סופרמרקט,652.0,ILS,652.0,רגילה,0
user_035,2024-01-23 08:54,Udemy,חינוך,284.96,ILS,284.96,רגילה,0
user_035,2024-10-22 08:42,Udemy,חינוך,163.43,ILS,163.43,תשלומים,0
user_021,2024-08-01 19:10,סופר-פארם,פארם,78.03,USD,288.71,"עסקת חו""ל",0
user_047,2024-07-24 18:08,סופר-פארם,פארם,108.89,ILS,108.89,רגילה,0
user_016,2024-12-13 17:00,רמי לוי,סופרמרקט,239.94,ILS,239.94,תשלומים,0
user_043,2024-06-07 18:19,דלק,דלק,208.6,ILS,208.6,תשלומים,0
user_005,2024-03-22 22:26,יס פלאנט,פנאי,46.12,ILS,46.12,תשלומים,0
user_005,2024-02-28 19:07,חברת חשמל,אחר,127.67,ILS,127.67,רגילה,0
user_007,2024-12-13 10:37,סופר-פארם,פארם,47.17,EUR,188.68,"עסקת חו""ל",0
user_013,2024-12-21 19:48,Udemy,חינוך,264.11,ILS,264.11,רגילה,0
user_017,2024-04-20 11:59,מקדונלד'ס,מסעדות,128.03,ILS,128.03,רגילה,0
user_040,2024-10-23 21:42,חברת חשמל,אחר,186.49,ILS,186.49,רגילה,0
user_049,2024-02-19 19:16,יס פלאנט,פנאי,107.48,ILS,107.48,רגילה,0
user_013,2024-11-14 14:13,פז,דלק,238.73,ILS,238.73,רגילה,0
user_033,2024-08-22 11:29,עירייה,אחר,293.73,ILS,293.73,רגילה,0
user_003,2024-04-18 09:36,מקדונלד'ס,מסעדות,43.94,ILS,43.94,רגילה,0
user_040,2024-02-25 10:25,רב-קו,תחבורה,10.0,ILS,10.0,רגילה,0
user_017,2024-03-20 14:08,רכבת ישראל,תחבורה,45.39,ILS,45.39,רגילה,0
user_023,2024-10-02 17:11,מחסני חשמל,חשמל,10.0,ILS,10.0,רגילה,0
user_014,2024-07-04 21:18,רב-קו,תחבורה,72.38,ILS,72.38,רגילה,0
user_041,2024-07-06 12:05,קפה גרג,מסעדות,20.82,USD,77.03,"עסקת חו""ל",0
user_006,2024-11-02 21:36,עירייה,אחר,253.11,ILS,253.11,רגילה,0
user_015,2024-11-22 17:56,ספוטיפיי,פנאי,87.25,ILS,87.25,תשלומים,0
user_011,2024-08-10 11:07,אוניברסיטה,חינוך,305.21,ILS,305.21,רגילה,0
user_039,2024-08-01 16:35,נטפליקס,פנאי,78.18,ILS,78.18,רגילה,0
user_015,2024-05-11 21:40,Udemy,חינוך,291.02,ILS,291.02,רגילה,0
user_036,2024-02-17 20:30,שופרסל,סופרמרקט,368.64,ILS,368.64,רגילה,0
user_021,2024-05-18 20:44,ביטוח,אחר,244.97,ILS,244.97,רגילה,0
user_043,2024-08-26 09:53,זארה,אופנה,2.5,EUR,10.0,"עסקת חו""ל",0
user_006,2024-02-17 22:59,אוניברסיטה,חינוך,269.53,ILS,269.53,רגילה,0
user_031,2024-01-19 11:02,סונול,דלק,193.83,ILS,193.83,רגילה,0
user_004,2024-08-11 10:43,Udemy,חינוך,67.27,ILS,67.27,רגילה,0
user_035,2024-06-08 20:26,מחסני חשמל,חשמל,1010.06,ILS,1010.06,רגילה,0
user_029,2024-04-02 13:10,רכבת ישראל,תחבורה,58.8,ILS,58.8,רגילה,0
user_012,2024-07-05 22:02,טיב טעם,סופרמרקט,299.13,ILS,299.13,רגילה,0
user_048,2024-07-21 16:37,קפה גרג,מסעדות,130.39,ILS,130.39,הוראת קבע,0
user_016,2024-05-13 18:46,רכבת ישראל,תחבורה,84.56,ILS,84.56,רגילה,0
user_050,2024-07-20 21:27,ספוטיפיי,פנאי,80.52,ILS,80.52,רגילה,0
user_019,2024-06-24 12:35,רכבת ישראל,תחבורה,70.06,ILS,70.06,רגילה,0
user_004,2024-01-04 17:32,קפה גרג,מסעדות,52.65,ILS,52.65,רגילה,0
user_016,2024-05-13 10:49,Be,פארם,106.71,ILS,106.71,רגילה,0
user_040,2024-04-19 09:32,סונול,דלק,176.6,ILS,176.6,רגילה,0
user_006,2024-08-12 19:16,דלק,דלק,213.21,ILS,213.21,רגילה,0
user_023,2024-07-12 14:49,רב-קו,תחבורה,55.8,ILS,55.8,רגילה,0
user_043,2024-04-23 18:17,דומינוס,מסעדות,38.76,ILS,38.76,רגילה,0
user_035,2024-05-20 18:22,KSP,חשמל,243.95,ILS,243.95,רגילה,0
user_032,2024-02-28 18:09,אוניברסיטה,חינוך,196.32,ILS,196.32,רגילה,0
user_044,2024-12-16 10:05,קסטרו,אופנה,219.36,ILS,219.36,רגילה,0
user_001,2024-02-20 18:51,עירייה,אחר,10.0,ILS,10.0,רגילה,0
user_015,2024-11-28 10:08,אוניברסיטה,חינוך,354.25,ILS,354.25,רגילה,0
user_046,2024-08-21 11:19,גולדה,מסעדות,70.59,ILS,70.59,רגילה,0
user_035,2024-06-20 19:39,חברת חשמל,אחר,277.38,ILS,277.38,רגילה,0
user_035,2024-10-02 21:22,רכבת ישראל,תחבורה,8.37,GBP,39.34,"עסקת חו""ל",0
user_019,2024-11-13 17:21,קפה גרג,מסעדות,168.27,ILS,168.27,רגילה,0
user_041,2024-12-14 16:51,טיב טעם,סופרמרקט,231.87,ILS,231.87,רגילה,0
user_016,2024-02-14 20:35,KSP,חשמל,1315.61,ILS,1315.61,רגילה,0
user_043,2024-06-22 09:26,סופר-פארם,פארם,12.54,ILS,12.54,רגילה,0
user_018,2024-06-08 13:25,ביטוח,אחר,228.13,ILS,228.13,רגילה,0
user_001,2024-07-26 20:42,סופר-פארם,פארם,239.91,ILS,239.91,רגילה,0
user_018,2024-09-09 08:06,נטפליקס,פנאי,29.4,ILS,29.4,רגילה,0
user_009,2024-05-23 22:55,רב-קו,תחבורה,35.61,ILS,35.61,רגילה,0
user_048,2024-11-12 08:51,רמי לוי,סופרמרקט,104.16,USD,385.39,"עסקת חו""ל",0
user_014,2024-03-03 11:18,טיב טעם,סופרמרקט,142.62,ILS,142.62,רגילה,0
user_049,2024-06-28 19:58,דומינוס,מסעדות,162.51,ILS,162.51,תשלומים,0
user_026,2024-01-04 10:12,Be,פארם,246.8,ILS,246.8,רגילה,0
user_014,2024-10-24 21:33,רכבת ישראל,תחבורה,33.21,ILS,33.21,רגילה,0
user_009,2024-07-16 16:14,מקדונלד'ס,מסעדות,205.96,ILS,205.96,רגילה,0
user_011,2024-07-02 10:06,קסטרו,אופנה,263.02,ILS,263.02,רגילה,0
user_032,2024-01-04 18:52,יס פלאנט,פנאי,61.12,ILS,61.12,רגילה,0
user_034,2024-01-07 22:16,קפה גרג,מסעדות,71.65,ILS,71.65,רגילה,0
user_040,2024-04-09 16:55,KSP,חשמל,1583.07,ILS,1583.07,רגילה,0
user_035,2024-05-13 16:12,סופר-פארם,פארם,205.29,ILS,205.29,רגילה,0
user_004,2024-02-04 12:18,רמי לוי,סופרמרקט,367.62,ILS,367.62,תשלומים,0
user_014,2024-11-04 19:42,רב-קו,תחבורה,63.72,ILS,63.72,תשלומים,0
user_041,2024-09-24 14:35,אייבורי,חשמל,652.71,ILS,652.71,רגילה,0
user_005,2024-08-10 20:45,טיב טעם,סופרמרקט,73.29,EUR,293.16,"עסקת חו""ל",0
user_033,2024-04-08 14:03,נטפליקס,פנאי,36.25,ILS,36.25,הוראת קבע,0
user_039,2024-06-01 08:18,טיב טעם,סופרמרקט,495.04,ILS,495.04,רגילה,0
user_024,2024-08-20 12:03,Udemy,חינוך,167.34,ILS,167.34,רגילה,0
user_002,2024-10-28 20:22,פז,דלק,135.38,ILS,135.38,רגילה,0
user_036,2024-10-11 10:53,שופרסל,סופרמרקט,556.01,ILS,556.01,רגילה,0
user_004,2024-09-20 10:27,קפה גרג,מסעדות,40.65,ILS,40.65,רגילה,0
user_033,2024-04-21 11:08,Udemy,חינוך,217.54,ILS,217.54,רגילה,0
user_049,2024-01-18 11:01,רב-קו,תחבורה,10.0,ILS,10.0,רגילה,0
user_046,2024-03-20 10:40,דומינוס,מסעדות,119.54,ILS,119.54,תשלומים,0
user_019,2024-06-27 20:54,חברת חשמל,אחר,269.01,ILS,269.01,רגילה,0
user_030,2024-01-18 11:48,Udemy,חינוך,173.19,ILS,173.19,רגילה,0
user_012,2024-02-23 21:55,רכבת ישראל,תחבורה,46.98,ILS,46.98,רגילה,0
user_005,2024-01-20 12:09,עירייה,אחר,367.39,ILS,367.39,רגילה,0
user_050,2024-12-04 16:59,סופר-פארם,פארם,130.57,ILS,130.57,רגילה,0
user_047,2024-03-05 08:41,פוקס,אופנה,343.64,ILS,343.64,הוראת קבע,0
user_006,2024-05-28 13:55,מקדונלד'ס,מסעדות,127.17,ILS,127.17,רגילה,0
user_009,2024-11-01 09:53,טיב טעם,סופרמרקט,559.13,ILS,559.13,תשלומים,0
user_049,2024-08-15 13:13,אוניברסיטה,חינוך,397.35,ILS,397.35,רגילה,0
user_021,2024-01-23 22:41,Gett,תחבורה,16.07,GBP,75.53,"עסקת חו""ל",0
user_032,2024-08-18 10:55,גולדה,מסעדות,134.6,ILS,134.6,תשלומים,0
user_011,2024-09-04 18:58,נטפליקס,פנאי,46.66,ILS,46.66,רגילה,0
user_043,2024-08-22 08:50,גולדה,מסעדות,213.26,ILS,213.26,רגילה,0
user_045,2024-03-15 17:08,Udemy,חינוך,141.47,ILS,141.47,רגילה,0
user_015,2024-02-11 21:03,פז,דלק,49.0,EUR,196.0,"עסקת חו""ל",0
user_006,2024-03-12 13:44,דלק,דלק,162.05,ILS,162.05,רגילה,0
user_035,2024-05-16 11:28,סונול,דלק,236.68,ILS,236.68,הוראת קבע,0
user_019,2024-01-27 19:37,סופר-פארם,פארם,297.71,ILS,297.71,רגילה,0
user_004,2024-08-25 19:11,ויקטורי,סופרמרקט,392.86,ILS,392.86,רגילה,0
user_017,2024-10-17 15:55,רמי לוי,סופרמרקט,218.96,ILS,218.96,רגילה,0
user_048,2024-07-13 12:44,ספוטיפיי,פנאי,70.17,ILS,70.17,רגילה,0
user_002,2024-06-20 09:19,ויקטורי,סופרמרקט,84.87,USD,314.02,"עסקת חו""ל",0
user_007,2024-11-10 17:24,רב-קו,תחבורה,27.21,ILS,27.21,רגילה,0
user_036,2024-04-24 09:42,טיב טעם,סופרמרקט,591.04,ILS,591.04,תשלומים,0
user_009,2024-04-11 05:29,טיב טעם,סופרמרקט,3632.82,ILS,3632.82,רגילה,1
user_029,2024-08-19 22:16,Be,פארם,8.33,EUR,33.32,"עסקת חו""ל",0
user_043,2024-06-19 15:24,גולדה,מסעדות,10.0,ILS,10.0,רגילה,0
user_036,2024-02-19 08:05,קפה גרג,מסעדות,103.15,ILS,103.15,רגילה,0
user_031,2024-05-02 21:14,רמי לוי,סופרמרקט,477.14,ILS,477.14,רגילה,0
user_022,2024-01-10 02:29,Be,פארם,771.34,ILS,771.34,רגילה,1
user_026,2024-04-09 17:44,Udemy,חינוך,13.01,ILS,13.01,רגילה,0
user_030,2024-02-01 09:38,ביטוח,אחר,41.12,ILS,41.12,רגילה,0
user_014,2024-08-11 17:40,סופר-פארם,פארם,146.94,ILS,146.94,רגילה,0
user_040,2024-02-06 09:07,אייבורי,חשמל,32.73,USD,121.1,"עסקת חו""ל",0
user_005,2024-04-27 12:11,KSP,חשמל,1411.23,ILS,1411.23,רגילה,0
user_027,2024-05-08 12:32,מקדונלד'ס,מסעדות,111.71,ILS,111.71,רגילה,0
user_033,2024-07-08 22:46,יס פלאנט,פנאי,46.78,ILS,46.78,רגילה,0
user_007,2024-03-10 19:16,קסטרו,אופנה,25.67,ILS,25.67,רגילה,0
user_019,2024-06-27 15:12,אוניברסיטה,חינוך,236.31,ILS,236.31,רגילה,0
user_050,2024-06-24 16:02,H&M,אופנה,353.36,ILS,353.36,רגילה,0
user_047,2024-03-05 14:23,מחסני חשמל,חשמל,1358.21,ILS,1358.21,רגילה,0
user_013,2024-05-06 17:23,מחסני חשמל,חשמל,600.49,ILS,600.49,תשלומים,0
user_038,2024-03-17 04:03,שופרסל,סופרמרקט,2901.71,ILS,2901.71,רגילה,1
user_009,2024-07-10 20:01,אייבורי,חשמל,837.29,ILS,837.29,הוראת קבע,0
user_022,2024-07-14 15:06,Be,פארם,190.35,ILS,190.35,רגילה,0
user_008,2024-05-06 12:25,ויקטורי,סופרמרקט,96.35,GBP,452.84,"עסקת חו""ל",0
user_049,2024-05-17 14:13,סונול,דלק,181.01,ILS,181.01,תשלומים,0
user_047,2024-09-19 21:55,פוקס,אופנה,205.97,ILS,205.97,הוראת קבע,0
user_015,2024-04-14 15:35,נטפליקס,פנאי,55.98,ILS,55.98,הוראת קבע,0
user_041,2024-10-05 16:01,יס פלאנט,פנאי,55.43,ILS,55.43,רגילה,0
user_040,2024-05-07 01:04,דלק,דלק,2685.77,ILS,2685.77,רגילה,1
user_003,2024-05-01 19:35,סופר-פארם,פארם,200.42,ILS,200.42,רגילה,0
user_011,2024-10-10 21:08,רכבת ישראל,תחבורה,61.51,ILS,61.51,תשלומים,0
user_026,2024-09-24 17:20,דלק,דלק,128.96,ILS,128.96,רגילה,0
user_025,2024-06-08 08:51,מחסני חשמל,חשמל,913.7,ILS,913.7,הוראת קבע,0
user_039,2024-05-18 21:51,דלק,דלק,231.06,ILS,231.06,רגילה,0
user_046,2024-11-15 16:15,פז,דלק,181.48,ILS,181.48,רגילה,0
user_020,2024-11-19 12:17,H&M,אופנה,118.23,ILS,118.23,רגילה,0
user_033,2024-04-14 12:32,פוקס,אופנה,537.35,ILS,537.35,רגילה,0
user_039,2024-10-24 22:23,שופרסל,סופרמרקט,133.22,ILS,133.22,רגילה,0
user_004,2024-10-11 19:11,עירייה,אחר,279.85,ILS,279.85,רגילה,0
user_010,2024-04-23 22:25,אוניברסיטה,חינוך,145.8,ILS,145.8,רגילה,0
user_019,2024-12-02 22:15,רב-קו,תחבורה,33.2,ILS,33.2,רגילה,0
user_044,2024-03-10 12:21,קסטרו,אופנה,2.13,GBP,10.01,"עסקת חו""ל",0
user_019,2024-02-17 11:54,עירייה,אחר,298.14,ILS,298.14,רגילה,0
user_039,2024-03-14 21:31,Be,פארם,186.55,ILS,186.55,תשלומים,0
user_040,2024-06-06 09:15,KSP,חשמל,771.56,ILS,771.56,רגילה,0
user_035,2024-09-24 17:31,רכבת ישראל,תחבורה,58.49,ILS,58.49,רגילה,0
user_038,2024-06-16 13:39,נטפליקס,פנאי,53.22,ILS,53.22,הוראת קבע,0
user_009,2024-08-24 14:03,חברת חשמל,אחר,377.07,ILS,377.07,תשלומים,0
user_003,2024-08-28 17:46,רכבת ישראל,תחבורה,17.63,USD,65.23,"עסקת חו""ל",0
user_033,2024-03-20 11:03,Be,פארם,51.52,ILS,51.52,רגילה,0
user_018,2024-09-21 08:39,דומינוס,מסעדות,229.8,ILS,229.8,רגילה,0
user_021,2024-05-18 10:18,דומינוס,מסעדות,123.77,ILS,123.77,רגילה,0
user_046,2024-11-15 11:23,דלק,דלק,215.82,ILS,215.82,רגילה,0
user_005,2024-05-27 12:06,מקדונלד'ס,מסעדות,10.0,ILS,10.0,רגילה,0
user_002,2024-01-24 22:22,נטפליקס,פנאי,84.05,ILS,84.05,רגילה,0
user_014,2024-07-20 21:04,שופרסל,סופרמרקט,104.32,USD,385.98,"עסקת חו""ל",0
user_047,2024-10-09 16:15,סופר-פארם,פארם,201.86,ILS,201.86,רגילה,0
user_044,2024-01-01 17:21,חברת חשמל,אחר,324.32,ILS,324.32,רגילה,0
user_020,2024-08-27 19:40,סונול,דלק,200.17,ILS,200.17,רגילה,0
user_014,2024-03-09 12:00,KSP,חשמל,606.82,ILS,606.82,רגילה,0
user_041,2024-07-13 14:26,ספוטיפיי,פנאי,58.07,ILS,58.07,רגילה,0
user_001,2024-01-14 05:05,Udemy,חינוך,2634.93,ILS,2634.93,רגילה,1
user_042,2024-10-08 10:02,KSP,חשמל,949.2,ILS,949.2,תשלומים,0
user_048,2024-02-07 08:10,ספוטיפיי,פנאי,17.31,EUR,69.24,"עסקת חו""ל",0
user_010,2024-05-08 13:59,Gett,תחבורה,38.56,ILS,38.56,הוראת קבע,0
user_040,2024-02-09 16:12,פז,דלק,167.53,ILS,167.53,רגילה,0
user_035,2024-08-19 12:25,מחסני חשמל,חשמל,390.17,ILS,390.17,רגילה,0
user_002,2024-11-04 13:40,עירייה,אחר,151.21,ILS,151.21,רגילה,0
user_050,2024-04-11 04:40,ויקטורי,סופרמרקט,2658.02,ILS,2658.02,רגילה,1
user_040,2024-12-21 18:05,אייבורי,חשמל,1043.48,ILS,1043.48,רגילה,0
user_003,2024-03-07 09:13,רכבת ישראל,תחבורה,13.6,USD,50.32,"עסקת חו""ל",0
user_030,2024-08-28 09:56,מחסני חשמל,חשמל,1218.15,ILS,1218.15,רגילה,0
user_037,2024-07-09 17:01,דלק,דלק,248.96,ILS,248.96,רגילה,0
user_026,2024-02-18 11:16,ספוטיפיי,פנאי,46.81,ILS,46.81,רגילה,0
user_025,2024-06-06 09:57,ביטוח,אחר,343.16,ILS,343.16,רגילה,0
user_034,2024-05-12 09:40,ויקטורי,סופרמרקט,400.27,ILS,400.27,תשלומים,0
user_050,2024-04-02 11:00,פז,דלק,172.0,ILS,172.0,רגילה,0
user_045,2024-12-21 19:11,קסטרו,אופנה,480.22,ILS,480.22,רגילה,0
user_026,2024-04-05 13:16,פז,דלק,247.41,ILS,247.41,רגילה,0
user_002,2024-09-27 16:27,דלק,דלק,188.34,ILS,188.34,רגילה,0
user_037,2024-02-17 15:35,סונול,דלק,142.64,ILS,142.64,רגילה,0
user_006,2024-09-13 10:33,דומינוס,מסעדות,87.41,ILS,87.41,רגילה,0
user_016,2024-05-17 14:36,רכבת ישראל,תחבורה,59.98,ILS,59.98,רגילה,0
user_007,2024-10-07 16:43,מחסני חשמל,חשמל,1566.75,ILS,1566.75,רגילה,0
user_044,2024-12-23 22:01,אוניברסיטה,חינוך,10.0,ILS,10.0,רגילה,0
user_001,2024-02-01 13:46,פז,דלק,215.91,ILS,215.91,רגילה,0
user_013,2024-12-20 02:05,קפה גרג,מסעדות,745.68,ILS,745.68,רגילה,1
user_019,2024-06-05 20:49,יס פלאנט,פנאי,57.21,ILS,57.21,רגילה,0
user_037,2024-03-10 09:31,אוניברסיטה,חינוך,59.3,GBP,278.71,"עסקת חו""ל",0
user_033,2024-08-24 10:05,סונול,דלק,251.73,ILS,251.73,תשלומים,0
user_014,2024-07-25 09:37,מחסני חשמל,חשמל,427.99,ILS,427.99,רגילה,0
user_041,2024-10-14 20:43,פוקס,אופנה,263.68,ILS,263.68,רגילה,0
user_043,2024-06-04 12:21,מחסני חשמל,חשמל,1574.39,ILS,1574.39,רגילה,0
user_008,2024-10-26 19:14,נטפליקס,פנאי,84.53,ILS,84.53,רגילה,0
user_015,2024-08-25 11:11,רב-קו,תחבורה,59.2,ILS,59.2,רגילה,0
user_013,2024-03-06 22:35,אוניברסיטה,חינוך,136.6,ILS,136.6,רגילה,0
user_020,2024-02-02 16:58,סופר-פארם,פארם,119.2,ILS,119.2,רגילה,0
user_002,2024-04-17 21:03,אוניברסיטה,חינוך,260.71,ILS,260.71,רגילה,0
user_044,2024-05-26 22:28,Gett,תחבורה,58.17,ILS,58.17,תשלומים,0
user_009,2024-10-06 15:38,סופר-פארם,פארם,35.17,ILS,35.17,רגילה,0
user_040,2024-06-08 17:13,Gett,תחבורה,46.09,ILS,46.09,רגילה,0
user_048,2024-03-18 21:57,סונול,דלק,172.06,ILS,172.06,רגילה,0
user_046,2024-04-05 10:16,קסטרו,אופנה,122.2,ILS,122.2,תשלומים,0
user_050,2024-03-22 13:04,רב-קו,תחבורה,21.39,ILS,21.39,רגילה,0
user_025,2024-08-03 22:47,Gett,תחבורה,42.89,ILS,42.89,רגילה,0
user_014,2024-06-05 13:58,רמי לוי,סופרמרקט,331.39,ILS,331.39,רגילה,0
user_016,2024-11-27 16:12,פוקס,אופנה,404.57,ILS,404.57,רגילה,0
user_003,2024-12-26 16:53,גולדה,מסעדות,36.46,GBP,171.36,"עסקת חו""ל",0
user_022,2024-05-06 08:30,מקדונלד'ס,מסעדות,63.48,ILS,63.48,רגילה,0
user_015,2024-11-09 11:17,רמי לוי,סופרמרקט,519.82,ILS,519.82,תשלומים,0
user_026,2024-06-09 18:30,Be,פארם,58.57,ILS,58.57,רגילה,0
user_011,2024-06-11 09:42,H&M,אופנה,137.39,ILS,137.39,רגילה,0
user_010,2024-10-12 14:31,Be,פארם,145.72,ILS,145.72,רגילה,0
user_045,2024-08-26 20:12,יס פלאנט,פנאי,74.32,ILS,74.32,תשלומים,0
user_049,2024-10-02 09:13,יס פלאנט,פנאי,8.48,GBP,39.86,"עסקת חו""ל",0
user_025,2024-10-16 19:01,KSP,חשמל,1438.96,ILS,1438.96,רגילה,0
user_007,2024-04-01 17:07,סופר-פארם,פארם,46.26,ILS,46.26,רגילה,0
user_041,2024-12-09 18:11,סונול,דלק,157.77,ILS,157.77,רגילה,0
user_030,2024-09-20 19:20,טיב טעם,סופרמרקט,307.56,ILS,307.56,רגילה,0
user_028,2024-10-22 16:32,זארה,אופנה,157.38,ILS,157.38,רגילה,0
user_036,2024-12-24 21:42,נטפליקס,פנאי,46.7,ILS,46.7,רגילה,0
user_035,2024-11-06 14:03,אוניברסיטה,חינוך,40.22,ILS,40.22,רגילה,0
user_032,2024-10-07 15:14,חברת חשמל,אחר,328.09,ILS,328.09,רגילה,0
user_040,2024-06-04 05:49,גולדה,מסעדות,1331.27,ILS,1331.27,רגילה,1
user_005,2024-06-22 09:28,דלק,דלק,235.9,ILS,235.9,רגילה,0
user_024,2024-07-01 08:33,נטפליקס,פנאי,87.51,ILS,87.51,רגילה,0
user_011,2024-01-22 21:41,דלק,דלק,41.1,GBP,193.17,"עסקת חו""ל",0
user_029,2024-02-08 20:17,סופר-פארם,פארם,228.46,ILS,228.46,רגילה,0
user_046,2024-05-17 21:01,חברת חשמל,אחר,294.74,ILS,294.74,תשלומים,0
user_015,2024-11-04 11:38,חברת חשמל,אחר,207.93,ILS,207.93,רגילה,0
user_021,2024-10-08 15:34,אוניברסיטה,חינוך,116.57,ILS,116.57,רגילה,0
user_042,2024-11-07 13:52,שופרסל,סופרמרקט,64.52,ILS,64.52,רגילה,0
user_036,2024-12-15 10:28,H&M,אופנה,268.35,ILS,268.35,הוראת קבע,0
user_004,2024-07-28 05:35,חברת חשמל,אחר,1349.64,ILS,1349.64,רגילה,1
user_012,2024-06-28 03:23,Udemy,חינוך,1196.14,ILS,1196.14,תשלומים,1
user_011,2024-11-06 11:33,עירייה,אחר,114.08,ILS,114.08,רגילה,0
user_046,2024-08-15 14:02,רב-קו,תחבורה,65.95,ILS,65.95,רגילה,0
user_004,2024-03-22 18:46,ויקטורי,סופרמרקט,489.87,ILS,489.87,רגילה,0
user_047,2024-09-01 19:22,Gett,תחבורה,67.96,ILS,67.96,רגילה,0
user_037,2024-07-22 16:52,אייבורי,חשמל,123.11,ILS,123.11,רגילה,0
user_022,2024-11-10 13:15,ספוטיפיי,פנאי,64.36,ILS,64.36,רגילה,0
user_002,2024-02-15 18:00,ביטוח,אחר,26.06,ILS,26.06,רגילה,0
user_004,2024-12-06 18:38,אייבורי,חשמל,287.91,ILS,287.91,רגילה,0
user_001,2024-01-07 10:19,פוקס,אופנה,217.33,ILS,217.33,רגילה,0
user_015,2024-05-19 09:05,דלק,דלק,172.55,ILS,172.55,רגילה,0
user_048,2024-01-11 04:39,שופרסל,סופרמרקט,1867.74,ILS,1867.74,רגילה,1
user_010,2024-03-27 08:54,עירייה,אחר,179.28,ILS,179.28,רגילה,0
user_037,2024-03-25 17:03,ביטוח,אחר,49.48,ILS,49.48,תשלומים,0
user_013,2024-07-21 13:28,נטפליקס,פנאי,74.8,ILS,74.8,רגילה,0
user_042,2024-03-21 19:17,מחסני חשמל,חשמל,10.0,ILS,10.0,רגילה,0
user_018,2024-10-14 14:29,Udemy,חינוך,194.24,ILS,194.24,תשלומים,0
user_035,2024-03-24 19:50,סונול,דלק,195.06,ILS,195.06,רגילה,0
user_003,2024-08-13 12:24,נטפליקס,פנאי,82.57,ILS,82.57,רגילה,0
user_016,2024-10-23 12:22,אייבורי,חשמל,625.73,ILS,625.73,רגילה,0
user_005,2024-08-10 09:48,רמי לוי,סופרמרקט,279.09,ILS,279.09,רגילה,0
user_004,2024-12-25 20:19,KSP,חשמל,691.9,ILS,691.9,רגילה,0
user_022,2024-02-17 15:59,Udemy,חינוך,156.6,ILS,156.6,רגילה,0
user_030,2024-09-22 10:07,סופר-פארם,פארם,182.03,ILS,182.03,הוראת קבע,0
user_036,2024-09-28 20:50,סונול,דלק,52.39,GBP,246.23,"עסקת חו""ל",0
user_033,2024-09-23 13:57,חברת חשמל,אחר,147.83,ILS,147.83,רגילה,0
user_034,2024-12-02 18:45,ויקטורי,סופרמרקט,291.33,ILS,291.33,רגילה,0
user_017,2024-10-23 22:55,יס פלאנט,פנאי,70.2,ILS,70.2,תשלומים,0
user_045,2024-03-06 20:56,רב-קו,תחבורה,68.51,ILS,68.51,תשלומים,0
user_040,2024-10-26 18:11,אוניברסיטה,חינוך,148.35,ILS,148.35,רגילה,0
user_038,2024-07-12 12:43,KSP,חשמל,278.4,EUR,1113.6,"עסקת חו""ל",0
user_048,2024-04-10 12:30,דומינוס,מסעדות,80.08,ILS,80.08,רגילה,0
user_009,2024-05-09 22:06,מקדונלד'ס,מסעדות,176.79,ILS,176.79,רגילה,0
user_011,2024-09-26 18:56,ביטוח,אחר,367.66,ILS,367.66,תשלומים,0
user_045,2024-10-07 12:34,יס פלאנט,פנאי,72.48,ILS,72.48,רגילה,0
user_044,2024-08-16 19:30,ביטוח,אחר,201.92,ILS,201.92,רגילה,0
user_030,2024-07-12 03:45,H&M,אופנה,2198.96,ILS,2198.96,רגילה,1
user_048,2024-02-08 14:49,אוניברסיטה,חינוך,402.77,ILS,402.77,רגילה,0
user_018,2024-01-23 16:37,פז,דלק,220.08,ILS,220.08,רגילה,0
user_050,2024-02-17 00:41,KSP,חשמל,10214.45,ILS,10214.45,רגילה,1
user_042,2024-12-16 18:39,ספוטיפיי,פנאי,34.56,ILS,34.56,תשלומים,0
user_032,2024-03-22 18:25,פז,דלק,182.22,ILS,182.22,רגילה,0
user_048,2024-07-01 21:27,מחסני חשמל,חשמל,271.5,GBP,1276.05,"עסקת חו""ל",0
user_020,2024-08-09 19:46,Gett,תחבורה,75.02,ILS,75.02,רגילה,0
user_035,2024-12-13 11:00,Gett,תחבורה,48.3,ILS,48.3,תשלומים,0
user_023,2024-09-12 08:31,ספוטיפיי,פנאי,8.78,GBP,41.27,"עסקת חו""ל",0
user_021,2024-08-12 08:52,טיב טעם,סופרמרקט,380.91,ILS,380.91,רגילה,0
user_041,2024-11-17 18:05,רכבת ישראל,תחבורה,59.38,ILS,59.38,רגילה,0
user_040,2024-07-25 15:52,Udemy,חינוך,183.0,ILS,183.0,רגילה,0
user_042,2024-11-03 20:30,מחסני חשמל,חשמל,401.06,ILS,401.06,רגילה,0
user_004,2024-01-26 08:07,נטפליקס,פנאי,72.88,ILS,72.88,רגילה,0
user_008,2024-09-19 18:41,Gett,תחבורה,38.05,ILS,38.05,רגילה,0
user_001,2024-10-21 19:50,אוניברסיטה,חינוך,220.45,ILS,220.45,רגילה,0
user_011,2024-09-06 21:49,סופר-פארם,פארם,40.72,GBP,191.38,"עסקת חו""ל",0
user_009,2024-05-19 20:03,טיב טעם,סופרמרקט,371.05,ILS,371.05,רגילה,0
user_023,2024-03-04 08:27,שופרסל,סופרמרקט,514.15,ILS,514.15,רגילה,0
user_010,2024-11-17 20:51,חברת חשמל,אחר,215.23,ILS,215.23,רגילה,0
user_017,2024-04-24 12:52,שופרסל,סופרמרקט,331.02,ILS,331.02,רגילה,0
user_013,2024-05-25 09:43,אייבורי,חשמל,1125.52,ILS,1125.52,רגילה,0
user_044,2024-03-23 11:09,שופרסל,סופרמרקט,274.23,ILS,274.23,רגילה,0
user_027,2024-05-26 20:35,KSP,חשמל,1043.32,ILS,1043.32,רגילה,0
user_034,2024-05-20 22:16,ויקטורי,סופרמרקט,33.11,USD,122.51,"עסקת חו""ל",0
user_024,2024-04-27 14:04,דומינוס,מסעדות,226.75,ILS,226.75,תשלומים,0
user_005,2024-04-28 09:55,דומינוס,מסעדות,125.33,ILS,125.33,רגילה,0
user_008,2024-01-01 22:53,פז,דלק,257.68,ILS,257.68,רגילה,0
user_036,2024-12-06 20:29,סופר-פארם,פארם,116.91,ILS,116.91,רגילה,0
user_044,2024-12-16 17:01,אוניברסיטה,חינוך,49.69,EUR,198.76,"עסקת חו""ל",0
user_010,2024-10-15 18:23,קסטרו,אופנה,353.11,ILS,353.11,רגילה,0
user_004,2024-01-05 16:23,שופרסל,סופרמרקט,74.08,GBP,348.18,"עסקת חו""ל",0
user_040,2024-11-20 14:57,זארה,אופנה,260.96,ILS,260.96,רגילה,0
user_035,2024-11-25 17:16,Be,פארם,26.49,USD,98.01,"עסקת חו""ל",0
user_034,2024-02-05 08:08,רב-קו,תחבורה,45.38,ILS,45.38,רגילה,0
user_044,2024-10-22 22:22,נטפליקס,פנאי,26.58,ILS,26.58,רגילה,0
user_009,2024-04-12 12:07,Udemy,חינוך,77.1,ILS,77.1,רגילה,0
user_040,2024-03-10 08:55,פז,דלק,266.55,ILS,266.55,הוראת קבע,0
user_022,2024-11-18 09:11,נטפליקס,פנאי,58.55,ILS,58.55,רגילה,0
user_012,2024-05-02 16:58,דומינוס,מסעדות,114.05,ILS,114.05,רגילה,0
user_048,2024-10-14 16:45,אוניברסיטה,חינוך,84.81,ILS,84.81,תשלומים,0
user_011,2024-05-16 10:21,ספוטיפיי,פנאי,56.19,ILS,56.19,רגילה,0
user_011,2024-11-19 12:14,Gett,תחבורה,46.61,ILS,46.61,רגילה,0
user_001,2024-09-26 12:54,טיב טעם,סופרמרקט,485.71,ILS,485.71,רגילה,0
user_038,2024-02-01 11:20,קסטרו,אופנה,61.05,GBP,286.94,"עסקת חו""ל",0
user_021,2024-12-27 09:23,מקדונלד'ס,מסעדות,61.56,ILS,61.56,רגילה,0
user_047,2024-02-15 16:45,סופר-פארם,פארם,151.54,ILS,151.54,רגילה,0
user_024,2024-10-08 22:56,עירייה,אחר,301.76,ILS,301.76,רגילה,0
user_032,2024-09-21 11:02,קפה גרג,מסעדות,136.47,ILS,136.47,רגילה,0
user_006,2024-09-23 09:25,מקדונלד'ס,מסעדות,20.68,USD,76.52,"עסקת חו""ל",0
user_044,2024-12-08 14:22,KSP,חשמל,566.55,ILS,566.55,הוראת קבע,0
user_017,2024-09-11 17:36,קפה גרג,מסעדות,101.91,ILS,101.91,רגילה,0
user_008,2024-01-06 16:20,רב-קו,תחבורה,67.59,ILS,67.59,רגילה,0
user_041,2024-03-11 16:22,סונול,דלק,168.96,ILS,168.96,רגילה,0
user_047,2024-01-24 17:35,Be,פארם,63.39,USD,234.54,"עסקת חו""ל",0
user_027,2024-05-09 13:05,ביטוח,אחר,122.58,ILS,122.58,רגילה,0
user_045,2024-11-10 18:32,Udemy,חינוך,51.29,ILS,51.29,רגילה,0
user_011,2024-08-23 17:44,אוניברסיטה,חינוך,142.0,ILS,142.0,רגילה,0
user_020,2024-07-17 17:50,אוניברסיטה,חינוך,189.81,ILS,189.81,רגילה,0
user_027,2024-03-05 08:04,נטפליקס,פנאי,76.25,ILS,76.25,רגילה,0
user_047,2024-07-20 08:39,טיב טעם,סופרמרקט,170.59,ILS,170.59,הוראת קבע,0
user_011,2024-05-26 14:36,אוניברסיטה,חינוך,327.24,ILS,327.24,תשלומים,0
user_046,2024-07-03 08:06,טיב טעם,סופרמרקט,326.37,ILS,326.37,רגילה,0
user_010,2024-02-25 11:51,דלק,דלק,192.13,ILS,192.13,רגילה,0
user_006,2024-04-16 16:41,עירייה,אחר,325.32,ILS,325.32,רגילה,0
user_033,2024-02-20 09:35,פוקס,אופנה,255.29,ILS,255.29,רגילה,0
user_043,2024-07-14 08:28,סונול,דלק,208.17,ILS,208.17,רגילה,0
user_022,2024-05-11 22:05,ויקטורי,סופרמרקט,562.73,ILS,562.73,רגילה,0
user_048,2024-09-22 10:46,H&M,אופנה,40.84,USD,151.11,"עסקת חו""ל",0
user_039,2024-05-23 18:41,ספוטיפיי,פנאי,45.22,ILS,45.22,רגילה,0
user_020,2024-01-06 03:04,דלק,דלק,1439.94,ILS,1439.94,הוראת קבע,1
user_039,2024-09-08 21:36,עירייה,אחר,198.38,ILS,198.38,רגילה,0
user_010,2024-03-24 18:38,מקדונלד'ס,מסעדות,129.91,ILS,129.91,הוראת קבע,0
user_033,2024-04-21 15:07,פוקס,אופנה,71.3,ILS,71.3,רגילה,0
user_003,2024-09-23 13:18,דלק,דלק,179.09,ILS,179.09,הוראת קבע,0
user_033,2024-03-16 04:20,Gett,תחבורה,710.35,ILS,710.35,הוראת קבע,1
user_042,2024-12-25 08:12,מחסני חשמל,חשמל,1018.91,ILS,1018.91,רגילה,0
user_011,2024-09-08 18:34,נטפליקס,פנאי,60.54,ILS,60.54,רגילה,0
user_025,2024-04-16 20:14,Be,פארם,294.24,ILS,294.24,רגילה,0
user_047,2024-02-21 12:47,Gett,תחבורה,52.33,ILS,52.33,רגילה,0
user_001,2024-03-06 17:06,דומינוס,מסעדות,77.84,ILS,77.84,רגילה,0
user_001,2024-08-14 09:51,יס פלאנט,פנאי,10.0,ILS,10.0,רגילה,0
user_013,2024-09-12 20:47,פז,דלק,279.97,ILS,279.97,רגילה,0
user_048,2024-09-13 08:19,יס פלאנט,פנאי,13.06,GBP,61.38,"עסקת חו""ל",0
user_017,2024-10-24 08:03,זארה,אופנה,14.49,ILS,14.49,רגילה,0
user_017,2024-07-25 17:34,חברת חשמל,אחר,274.05,ILS,274.05,רגילה,0
user_011,2024-12-18 09:07,שופרסל,סופרמרקט,361.63,ILS,361.63,רגילה,0
user_025,2024-12-19 19:17,אוניברסיטה,חינוך,150.5,ILS,150.5,רגילה,0
user_034,2024-09-27 15:45,מחסני חשמל,חשמל,1226.42,ILS,1226.42,תשלומים,0
user_019,2024-09-28 22:27,יס פלאנט,פנאי,68.29,ILS,68.29,רגילה,0
user_045,2024-03-15 14:30,טיב טעם,סופרמרקט,414.64,ILS,414.64,רגילה,0
user_019,2024-07-19 22:00,טיב טעם,סופרמרקט,419.49,ILS,419.49,תשלומים,0
user_001,2024-12-08 02:45,חברת חשמל,אחר,1622.71,ILS,1622.71,רגילה,1
user_049,2024-10-04 11:17,רכבת ישראל,תחבורה,57.46,ILS,57.46,רגילה,0
user_029,2024-01-26 12:54,מחסני חשמל,חשמל,44.1,ILS,44.1,תשלומים,0
user_011,2024-01-12 21:24,רמי לוי,סופרמרקט,236.81,ILS,236.81,תשלומים,0
user_008,2024-07-14 12:49,רכבת ישראל,תחבורה,70.61,ILS,70.61,רגילה,0
user_049,2024-11-17 17:34,טיב טעם,סופרמרקט,316.75,ILS,316.75,רגילה,0
user_018,2024-03-07 19:59,ויקטורי,סופרמרקט,386.31,ILS,386.31,רגילה,0
user_008,2024-02-06 19:27,אייבורי,חשמל,2212.08,ILS,2212.08,רגילה,0
user_044,2024-10-27 19:59,KSP,חשמל,1531.19,ILS,1531.19,רגילה,0
user_031,2024-11-10 09:25,אייבורי,חשמל,541.69,ILS,541.69,רגילה,0
user_023,2024-10-03 08:08,אוניברסיטה,חינוך,318.7,ILS,318.7,רגילה,0
user_005,2024-08-21 13:07,טיב טעם,סופרמרקט,539.71,ILS,539.71,רגילה,0
user_035,2024-01-04 12:51,אייבורי,חשמל,1026.58,ILS,1026.58,תשלומים,0
user_010,2024-05-09 21:06,ספוטיפיי,פנאי,58.84,ILS,58.84,תשלומים,0
user_041,2024-03-20 12:57,עירייה,אחר,84.85,ILS,84.85,רגילה,0
user_001,2024-12-22 13:43,סונול,דלק,200.18,ILS,200.18,תשלומים,0
user_030,2024-03-09 17:54,Udemy,חינוך,223.0,ILS,223.0,רגילה,0
user_048,2024-01-26 12:34,עירייה,אחר,273.21,ILS,273.21,רגילה,0
user_005,2024-03-28 16:00,חברת חשמל,אחר,58.49,ILS,58.49,הוראת קבע,0
user_016,2024-10-19 13:48,Gett,תחבורה,33.45,ILS,33.45,רגילה,0
user_050,2024-11-21 17:54,Be,פארם,93.39,ILS,93.39,רגילה,0
user_023,2024-05-15 13:19,אוניברסיטה,חינוך,61.07,ILS,61.07,הוראת קבע,0
user_028,2024-08-19 13:27,ויקטורי,סופרמרקט,410.65,ILS,410.65,רגילה,0
user_049,2024-07-16 08:59,ספוטיפיי,פנאי,102.13,ILS,102.13,רגילה,0
user_027,2024-10-25 20:37,אוניברסיטה,חינוך,327.65,ILS,327.65,רגילה,0
user_036,2024-10-05 10:55,דלק,דלק,211.26,ILS,211.26,רגילה,0
user_039,2024-12-14 18:06,Udemy,חינוך,128.02,ILS,128.02,תשלומים,0
user_033,2024-03-14 18:02,מחסני חשמל,חשמל,250.54,ILS,250.54,רגילה,0
user_017,2024-04-13 13:24,סופר-פארם,פארם,174.47,ILS,174.47,רגילה,0
user_041,2024-03-20 20:27,פז,דלק,161.11,ILS,161.11,רגילה,0
user_012,2024-07-03 21:45,נטפליקס,פנאי,54.73,ILS,54.73,רגילה,0
user_037,2024-06-03 15:38,חברת חשמל,אחר,146.65,ILS,146.65,הוראת קבע,0
user_024,2024-09-17 13:24,סופר-פארם,פארם,170.31,ILS,170.31,תשלומים,0
user_013,2024-11-22 11:21,סופר-פארם,פארם,200.8,ILS,200.8,רגילה,0
user_045,2024-12-06 08:14,עירייה,אחר,240.72,ILS,240.72,תשלומים,0
user_011,2024-11-25 18:19,Udemy,חינוך,17.87,GBP,83.99,"עסקת חו""ל",0
user_004,2024-04-25 21:57,Udemy,חינוך,331.15,ILS,331.15,רגילה,0
user_041,2024-02-16 17:47,פז,דלק,176.92,ILS,176.92,רגילה,0
user_041,2024-03-18 18:42,פז,דלק,220.46,ILS,220.46,הוראת קבע,0
user_003,2024-01-17 22:54,פז,דלק,178.85,ILS,178.85,רגילה,0
user_037,2024-09-07 09:45,אייבורי,חשמל,1081.92,ILS,1081.92,רגילה,0
user_009,2024-11-03 12:02,סופר-פארם,פארם,176.69,ILS,176.69,הוראת קבע,0
user_009,2024-04-15 03:36,יס פלאנט,פנאי,506.85,ILS,506.85,רגילה,1
user_026,2024-09-15 14:43,ויקטורי,סופרמרקט,316.81,ILS,316.81,רגילה,0
user_012,2024-06-02 14:29,Be,פארם,169.52,ILS,169.52,רגילה,0
user_039,2024-07-02 22:49,סופר-פארם,פארם,190.52,ILS,190.52,תשלומים,0
user_045,2024-12-26 16:00,רב-קו,תחבורה,59.76,ILS,59.76,רגילה,0
user_022,2024-04-10 20:15,Be,פארם,154.36,ILS,154.36,רגילה,0
user_042,2024-09-28 13:03,זארה,אופנה,270.49,ILS,270.49,רגילה,0
user_029,2024-08-22 18:54,ביטוח,אחר,246.37,ILS,246.37,רגילה,0
user_029,2024-11-12 22:09,Be,פארם,176.53,ILS,176.53,רגילה,0
user_016,2024-07-22 17:38,רב-קו,תחבורה,73.9,ILS,73.9,תשלומים,0
user_049,2024-07-09 20:11,אוניברסיטה,חינוך,255.57,ILS,255.57,תשלומים,0
user_038,2024-04-12 13:20,שופרסל,סופרמרקט,75.95,EUR,303.8,"עסקת חו""ל",0
user_042,2024-08-06 17:13,סונול,דלק,168.98,ILS,168.98,רגילה,0
user_008,2024-04-25 20:59,KSP,חשמל,614.14,ILS,614.14,רגילה,0
user_026,2024-08-14 20:24,דלק,דלק,50.15,GBP,235.71,"עסקת חו""ל",0
user_002,2024-07-17 12:30,חברת חשמל,אחר,129.73,ILS,129.73,רגילה,0
user_005,2024-08-05 13:51,זארה,אופנה,344.58,ILS,344.58,תשלומים,0
user_026,2024-04-18 17:31,חברת חשמל,אחר,289.25,ILS,289.25,רגילה,0
user_021,2024-11-18 13:32,Gett,תחבורה,58.67,ILS,58.67,הוראת קבע,0
user_001,2024-02-03 18:35,נטפליקס,פנאי,61.22,ILS,61.22,רגילה,0
user_022,2024-06-12 13:35,מחסני חשמל,חשמל,1525.35,ILS,1525.35,רגילה,0
user_027,2024-03-09 17:35,אוניברסיטה,חינוך,49.0,GBP,230.3,"עסקת חו""ל",0
user_040,2024-07-03 15:18,ספוטיפיי,פנאי,61.57,ILS,61.57,רגילה,0
user_015,2024-06-01 16:58,אייבורי,חשמל,393.64,ILS,393.64,רגילה,0
user_020,2024-06-13 17:28,קסטרו,אופנה,129.71,ILS,129.71,רגילה,0
user_018,2024-02-26 19:51,ביטוח,אחר,401.42,ILS,401.42,רגילה,0
user_042,2024-10-25 01:19,קסטרו,אופנה,1765.0,ILS,1765.0,רגילה,1
user_013,2024-11-18 22:04,קסטרו,אופנה,338.85,ILS,338.85,רגילה,0
user_045,2024-04-12 17:28,חברת חשמל,אחר,38.04,ILS,38.04,תשלומים,0
user_005,2024-03-03 18:47,מחסני חשמל,חשמל,210.64,USD,779.37,"עסקת חו""ל",0
user_020,2024-03-22 02:13,טיב טעם,סופרמרקט,777.7,EUR,3110.8,"עסקת חו""ל",1
user_012,2024-10-23 12:20,רכבת ישראל,תחבורה,57.23,ILS,57.23,רגילה,0
user_041,2024-12-19 12:36,אוניברסיטה,חינוך,208.45,ILS,208.45,רגילה,0
user_033,2024-12-15 20:51,גולדה,מסעדות,57.02,ILS,57.02,רגילה,0
user_033,2024-09-02 14:04,רב-קו,תחבורה,52.08,ILS,52.08,תשלומים,0
user_022,2024-01-25 20:19,Be,פארם,33.86,ILS,33.86,רגילה,0
user_039,2024-10-07 13:58,Gett,תחבורה,74.89,ILS,74.89,רגילה,0
user_032,2024-08-03 21:30,KSP,חשמל,736.14,ILS,736.14,רגילה,0
user_007,2024-03-04 10:46,קפה גרג,מסעדות,216.55,ILS,216.55,רגילה,0
user_003,2024-10-28 09:23,ספוטיפיי,פנאי,69.02,ILS,69.02,תשלומים,0
user_035,2024-02-05 15:43,מקדונלד'ס,מסעדות,196.64,ILS,196.64,רגילה,0
user_013,2024-12-19 02:20,סופר-פארם,פארם,1831.55,ILS,1831.55,רגילה,1
user_041,2024-04-23 10:09,KSP,חשמל,417.91,ILS,417.91,רגילה,0
user_029,2024-05-06 11:21,Udemy,חינוך,14.51,GBP,68.2,"עסקת חו""ל",0
user_048,2024-06-13 17:53,Gett,תחבורה,41.42,ILS,41.42,תשלומים,0
user_011,2024-01-17 17:28,ביטוח,אחר,10.0,ILS,10.0,רגילה,0
user_001,2024-11-05 01:05,ספוטיפיי,פנאי,739.89,ILS,739.89,רגילה,1
user_040,2024-04-13 15:48,מחסני חשמל,חשמל,689.9,ILS,689.9,רגילה,0
user_006,2024-06-24 20:16,רב-קו,תחבורה,57.39,ILS,57.39,רגילה,0
user_030,2024-01-05 13:01,אוניברסיטה,חינוך,101.97,ILS,101.97,רגילה,0
user_030,2024-04-19 14:16,זארה,אופנה,380.45,ILS,380.45,רגילה,0
user_050,2024-01-19 09:39,דלק,דלק,46.47,USD,171.94,"עסקת חו""ל",0
user_004,2024-12-28 22:50,ביטוח,אחר,77.07,ILS,77.07,רגילה,0
user_039,2024-01-21 17:39,פוקס,אופנה,48.56,ILS,48.56,רגילה,0
user_028,2024-11-04 13:16,טיב טעם,סופרמרקט,321.82,ILS,321.82,רגילה,0
user_042,2024-02-20 10:37,רמי לוי,סופרמרקט,460.77,ILS,460.77,רגילה,0
user_048,2024-08-17 08:56,דומינוס,מסעדות,157.27,ILS,157.27,רגילה,0
user_029,2024-09-09 00:41,סופר-פארם,פארם,1931.01,ILS,1931.01,תשלומים,1
user_020,2024-02-21 13:02,רכבת ישראל,תחבורה,53.95,ILS,53.95,רגילה,0
user_049,2024-01-04 22:12,דלק,דלק,68.44,EUR,273.76,"עסקת חו""ל",0
user_034,2024-09-14 21:03,Udemy,חינוך,10.0,ILS,10.0,רגילה,0
user_011,2024-06-09 08:18,ביטוח,אחר,234.12,ILS,234.12,רגילה,0
user_004,2024-06-24 09:43,עירייה,אחר,62.6,ILS,62.6,רגילה,0
user_023,2024-08-01 03:55,רב-קו,תחבורה,263.5,ILS,263.5,תשלומים,1
user_042,2024-01-01 17:16,יס פלאנט,פנאי,47.9,ILS,47.9,רגילה,0
user_036,2024-02-26 04:40,קסטרו,אופנה,2931.97,ILS,2931.97,רגילה,1
user_032,2024-02-22 13:56,סונול,דלק,167.3,ILS,167.3,רגילה,0
user_045,2024-08-09 15:28,זארה,אופנה,195.08,ILS,195.08,הוראת קבע,0
user_010,2024-10-24 15:16,פוקס,אופנה,507.27,ILS,507.27,רגילה,0
user_047,2024-05-03 16:48,Gett,תחבורה,48.71,ILS,48.71,רגילה,0
user_002,2024-11-19 10:59,רכבת ישראל,תחבורה,16.26,USD,60.16,"עסקת חו""ל",0
user_001,2024-03-25 10:17,Udemy,חינוך,422.14,ILS,422.14,רגילה,0
user_003,2024-12-20 12:02,Be,פארם,195.66,ILS,195.66,הוראת קבע,0
user_021,2024-09-28 19:36,גולדה,מסעדות,148.22,ILS,148.22,תשלומים,0
user_038,2024-07-13 12:13,Udemy,חינוך,236.54,ILS,236.54,תשלומים,0
user_049,2024-04-22 14:06,נטפליקס,פנאי,85.85,ILS,85.85,רגילה,0
user_018,2024-05-06 17:42,KSP,חשמל,1109.39,ILS,1109.39,רגילה,0
user_015,2024-08-21 10:14,עירייה,אחר,88.65,ILS,88.65,רגילה,0
user_013,2024-04-12 19:26,מחסני חשמל,חשמל,529.9,ILS,529.9,רגילה,0
user_033,2024-05-16 11:42,גולדה,מסעדות,75.11,ILS,75.11,תשלומים,0
user_033,2024-03-13 19:47,זארה,אופנה,249.71,ILS,249.71,רגילה,0
user_005,2024-06-06 10:11,פז,דלק,36.77,EUR,147.08,"עסקת חו""ל",0
user_030,2024-11-07 20:58,רב-קו,תחבורה,17.65,ILS,17.65,רגילה,0
user_002,2024-08-05 11:50,שופרסל,סופרמרקט,55.12,GBP,259.06,"עסקת חו""ל",0
user_010,2024-05-21 17:36,רכבת ישראל,תחבורה,26.74,ILS,26.74,רגילה,0
user_024,2024-01-23 19:10,יס פלאנט,פנאי,79.32,ILS,79.32,רגילה,0
user_045,2024-03-28 18:04,טיב טעם,סופרמרקט,406.12,ILS,406.12,רגילה,0
user_025,2024-10-04 14:57,רכבת ישראל,תחבורה,36.48,ILS,36.48,רגילה,0
user_006,2024-08-19 12:26,מחסני חשמל,חשמל,269.25,ILS,269.25,רגילה,0
user_032,2024-12-14 19:50,אייבורי,חשמל,1211.49,ILS,1211.49,רגילה,0
user_046,2024-08-03 15:58,גולדה,מסעדות,163.8,ILS,163.8,רגילה,0
user_033,2024-08-16 10:20,ביטוח,אחר,18.74,USD,69.34,"עסקת חו""ל",0
user_024,2024-08-16 14:05,נטפליקס,פנאי,61.99,ILS,61.99,רגילה,0
user_014,2024-12-12 20:33,גולדה,מסעדות,154.08,ILS,154.08,רגילה,0
user_036,2024-11-14 13:32,עירייה,אחר,89.93,ILS,89.93,רגילה,0
user_006,2024-10-17 19:00,H&M,אופנה,243.29,ILS,243.29,רגילה,0
user_039,2024-01-08 15:38,עירייה,אחר,415.8,ILS,415.8,תשלומים,0
user_041,2024-01-13 19:19,אוניברסיטה,חינוך,203.43,ILS,203.43,תשלומים,0
user_014,2024-12-02 15:12,אוניברסיטה,חינוך,344.82,ILS,344.82,רגילה,0
user_048,2024-01-25 22:07,דלק,דלק,220.94,ILS,220.94,רגילה,0
user_010,2024-02-28 16:53,Be,פארם,160.79,ILS,160.79,רגילה,0
user_003,2024-09-21 16:45,חברת חשמל,אחר,226.4,ILS,226.4,רגילה,0
user_009,2024-01-13 08:03,רב-קו,תחבורה,75.21,ILS,75.21,רגילה,0
user_017,2024-10-20 20:47,שופרסל,סופרמרקט,80.97,ILS,80.97,רגילה,0
user_004,2024-03-13 19:28,רב-קו,תחבורה,29.03,ILS,29.03,רגילה,0
user_049,2024-01-24 12:50,רכבת ישראל,תחבורה,52.28,ILS,52.28,רגילה,0
user_028,2024-06-22 18:09,רכבת ישראל,תחבורה,69.38,ILS,69.38,רגילה,0
user_026,2024-10-01 12:46,אייבורי,חשמל,321.12,GBP,1509.26,"עסקת חו""ל",0
user_029,2024-09-05 08:03,KSP,חשמל,1081.59,ILS,1081.59,תשלומים,0
user_040,2024-04-28 11:27,נטפליקס,פנאי,44.07,ILS,44.07,רגילה,0
user_023,2024-08-07 08:11,רכבת ישראל,תחבורה,52.99,ILS,52.99,רגילה,0
user_049,2024-05-14 13:29,ספוטיפיי,פנאי,12.87,USD,47.62,"עסקת חו""ל",0
user_003,2024-05-09 16:52,אייבורי,חשמל,1027.33,ILS,1027.33,רגילה,0
user_041,2024-10-13 19:11,מחסני חשמל,חשמל,905.78,ILS,905.78,רגילה,0
user_014,2024-04-08 09:05,זארה,אופנה,392.12,ILS,392.12,רגילה,0
user_005,2024-05-18 16:47,רב-קו,תחבורה,35.02,ILS,35.02,רגילה,0
user_015,2024-02-14 20:47,רכבת ישראל,תחבורה,42.92,ILS,42.92,רגילה,0
user_039,2024-01-20 20:00,עירייה,אחר,219.41,ILS,219.41,רגילה,0
user_044,2024-11-04 14:28,דומינוס,מסעדות,34.14,ILS,34.14,רגילה,0
user_005,2024-10-25 09:08,פז,דלק,213.07,ILS,213.07,רגילה,0
user_046,2024-01-27 20:52,חברת חשמל,אחר,384.46,ILS,384.46,רגילה,0
user_025,2024-06-23 11:33,עירייה,אחר,212.4,ILS,212.4,רגילה,0
user_008,2024-08-21 16:46,מקדונלד'ס,מסעדות,180.64,ILS,180.64,תשלומים,0
user_045,2024-01-18 19:17,נטפליקס,פנאי,70.66,ILS,70.66,רגילה,0
user_038,2024-04-25 08:10,Gett,תחבורה,11.35,USD,41.99,"עסקת חו""ל",0
user_027,2024-11-26 13:15,טיב טעם,סופרמרקט,186.88,ILS,186.88,רגילה,0
user_031,2024-06-22 16:30,סופר-פארם,פארם,167.9,ILS,167.9,תשלומים,0
user_033,2024-02-05 16:28,סופר-פארם,פארם,99.31,ILS,99.31,רגילה,0
user_016,2024-11-27 13:28,H&M,אופנה,10.0,ILS,10.0,רגילה,0
user_042,2024-11-12 13:46,רב-קו,תחבורה,52.78,ILS,52.78,רגילה,0
user_003,2024-05-03 18:45,חברת חשמל,אחר,10.0,ILS,10.0,רגילה,0
user_032,2024-03-15 20:57,קפה גרג,מסעדות,82.97,ILS,82.97,רגילה,0
user_003,2024-04-06 08:51,פוקס,אופנה,235.38,ILS,235.38,תשלומים,0
user_049,2024-04-02 08:14,דלק,דלק,106.3,ILS,106.3,רגילה,0
user_018,2024-11-24 19:08,דלק,דלק,182.84,ILS,182.84,תשלומים,0
user_032,2024-04-26 13:10,סונול,דלק,211.2,ILS,211.2,רגילה,0
user_018,2024-03-24 21:00,טיב טעם,סופרמרקט,243.05,ILS,243.05,רגילה,0
user_045,2024-05-06 20:31,דלק,דלק,213.38,ILS,213.38,רגילה,0
user_008,2024-05-04 18:09,טיב טעם,סופרמרקט,451.21,ILS,451.21,רגילה,0
user_045,2024-01-12 18:39,Gett,תחבורה,8.82,GBP,41.45,"עסקת חו""ל",0
user_020,2024-12-20 08:09,עירייה,אחר,10.0,ILS,10.0,הוראת קבע,0
user_040,2024-03-13 16:46,סופר-פארם,פארם,168.47,ILS,168.47,הוראת קבע,0
user_001,2024-12-17 22:06,יס פלאנט,פנאי,93.72,ILS,93.72,רגילה,0
user_046,2024-01-28 11:25,סופר-פארם,פארם,170.22,ILS,170.22,רגילה,0
user_016,2024-05-13 20:49,חברת חשמל,אחר,17.81,GBP,83.71,"עסקת חו""ל",0
user_020,2024-08-26 17:22,עירייה,אחר,265.59,ILS,265.59,רגילה,0
user_023,2024-12-17 17:03,רב-קו,תחבורה,12.42,EUR,49.68,"עסקת חו""ל",0
user_036,2024-10-19 11:03,גולדה,מסעדות,31.37,USD,116.07,"עסקת חו""ל",0
user_003,2024-11-14 16:56,נטפליקס,פנאי,37.56,ILS,37.56,רגילה,0
user_011,2024-10-16 08:29,עירייה,אחר,269.69,ILS,269.69,רגילה,0
user_049,2024-10-07 18:09,דומינוס,מסעדות,142.25,ILS,142.25,תשלומים,0
user_003,2024-07-19 17:55,דלק,דלק,221.69,ILS,221.69,רגילה,0
user_035,2024-04-09 12:34,Be,פארם,217.75,ILS,217.75,רגילה,0
user_024,2024-02-01 16:15,Gett,תחבורה,64.06,ILS,64.06,רגילה,0
user_046,2024-05-17 20:10,Be,פארם,173.96,ILS,173.96,תשלומים,0
user_027,2024-12-26 11:30,ספוטיפיי,פנאי,16.45,USD,60.87,"עסקת חו""ל",0
user_043,2024-07-09 18:07,Gett,תחבורה,64.04,ILS,64.04,רגילה,0
user_023,2024-02-08 18:10,H&M,אופנה,35.67,GBP,167.65,"עסקת חו""ל",0
user_007,2024-09-17 13:43,יס פלאנט,פנאי,72.79,ILS,72.79,רגילה,0
user_037,2024-11-28 13:09,Gett,תחבורה,54.61,ILS,54.61,תשלומים,0
user_012,2024-07-06 08:05,קסטרו,אופנה,231.85,ILS,231.85,הוראת קבע,0
user_005,2024-04-18 19:54,פוקס,אופנה,10.0,ILS,10.0,רגילה,0
user_031,2024-06-07 17:53,Udemy,חינוך,46.59,ILS,46.59,תשלומים,0
user_040,2024-04-03 15:15,פז,דלק,206.06,ILS,206.06,רגילה,0
user_046,2024-11-06 17:53,נטפליקס,פנאי,88.33,ILS,88.33,רגילה,0
user_009,2024-01-20 14:57,אוניברסיטה,חינוך,312.71,ILS,312.71,תשלומים,0
user_038,2024-03-06 22:17,זארה,אופנה,87.6,ILS,87.6,רגילה,0
user_011,2024-03-01 14:23,סונול,דלק,212.48,ILS,212.48,תשלומים,0
user_049,2024-12-21 14:09,Be,פארם,185.13,ILS,185.13,רגילה,0
user_009,2024-07-15 12:15,Be,פארם,68.46,ILS,68.46,רגילה,0
user_003,2024-06-14 16:23,רכבת ישראל,תחבורה,13.84,USD,51.21,"עסקת חו""ל",0
user_006,2024-11-25 15:26,קסטרו,אופנה,121.36,ILS,121.36,רגילה,0
user_028,2024-07-05 17:16,טיב טעם,סופרמרקט,503.84,ILS,503.84,רגילה,0
user_048,2024-07-15 18:51,עירייה,אחר,234.93,ILS,234.93,תשלומים,0
user_011,2024-07-16 20:36,רב-קו,תחבורה,41.11,ILS,41.11,תשלומים,0
user_005,2024-12-03 11:32,KSP,חשמל,1603.29,ILS,1603.29,רגילה,0
user_022,2024-01-13 13:52,פז,דלק,263.41,ILS,263.41,רגילה,0
user_009,2024-09-23 19:45,סופר-פארם,פארם,35.75,ILS,35.75,רגילה,0
user_046,2024-07-15 22:44,עירייה,אחר,159.28,ILS,159.28,רגילה,0
user_033,2024-09-12 09:12,רכבת ישראל,תחבורה,36.76,ILS,36.76,רגילה,0
user_018,2024-12-10 09:59,טיב טעם,סופרמרקט,416.76,ILS,416.76,רגילה,0
user_044,2024-07-17 21:51,רכבת ישראל,תחבורה,83.83,ILS,83.83,רגילה,0
user_022,2024-06-07 20:12,אוניברסיטה,חינוך,294.17,ILS,294.17,תשלומים,0
user_024,2024-10-20 09:42,פז,דלק,178.64,ILS,178.64,רגילה,0
user_022,2024-01-05 10:18,נטפליקס,פנאי,82.73,ILS,82.73,רגילה,0
user_026,2024-03-15 22:27,KSP,חשמל,1096.77,ILS,1096.77,רגילה,0
user_007,2024-01-21 22:00,אוניברסיטה,חינוך,236.07,ILS,236.07,רגילה,0
user_010,2024-06-11 20:08,קפה גרג,מסעדות,35.03,USD,129.61,"עסקת חו""ל",0
user_017,2024-08-10 13:17,סונול,דלק,56.64,EUR,226.56,"עסקת חו""ל",0
user_044,2024-03-12 17:00,נטפליקס,פנאי,33.2,ILS,33.2,רגילה,0
user_010,2024-08-03 22:10,Be,פארם,85.3,ILS,85.3,תשלומים,0
user_002,2024-09-05 12:10,סונול,דלק,224.16,ILS,224.16,תשלומים,0
user_049,2024-07-23 13:57,סופר-פארם,פארם,10.0,ILS,10.0,תשלומים,0
user_034,2024-08-17 18:02,חברת חשמל,אחר,298.89,ILS,298.89,רגילה,0
user_038,2024-01-15 16:16,אוניברסיטה,חינוך,132.36,ILS,132.36,תשלומים,0
user_013,2024-10-09 12:42,Gett,תחבורה,77.06,ILS,77.06,רגילה,0
user_012,2024-08-14 12:52,רכבת ישראל,תחבורה,47.04,ILS,47.04,רגילה,0
user_012,2024-04-17 01:50,פז,דלק,2135.59,ILS,2135.59,רגילה,1
user_015,2024-10-20 12:14,Gett,תחבורה,52.57,ILS,52.57,רגילה,0
user_014,2024-05-11 16:19,פז,דלק,142.67,ILS,142.67,רגילה,0
user_002,2024-08-24 22:48,H&M,אופנה,10.0,ILS,10.0,תשלומים,0
user_026,2024-07-09 18:15,אוניברסיטה,חינוך,153.13,ILS,153.13,רגילה,0
user_001,2024-03-21 21:49,דומינוס,מסעדות,66.47,ILS,66.47,רגילה,0
user_018,2024-03-22 00:41,סונול,דלק,1921.45,ILS,1921.45,רגילה,1
user_027,2024-10-21 13:42,פוקס,אופנה,328.37,ILS,328.37,רגילה,0
user_027,2024-01-24 08:28,רמי לוי,סופרמרקט,403.78,ILS,403.78,רגילה,0
user_007,2024-04-10 19:40,רב-קו,תחבורה,34.71,ILS,34.71,תשלומים,0
user_043,2024-11-16 08:21,קפה גרג,מסעדות,72.74,ILS,72.74,רגילה,0
user_029,2024-12-13 22:49,נטפליקס,פנאי,91.21,ILS,91.21,רגילה,0
user_002,2024-01-05 09:17,חברת חשמל,אחר,290.56,ILS,290.56,רגילה,0
user_008,2024-07-17 00:35,נטפליקס,פנאי,643.53,ILS,643.53,תשלומים,1
user_042,2024-04-19 19:54,עירייה,אחר,75.13,ILS,75.13,רגילה,0
user_050,2024-03-09 13:01,מחסני חשמל,חשמל,901.76,ILS,901.76,רגילה,0
user_019,2024-02-10 14:27,עירייה,אחר,215.21,ILS,215.21,רגילה,0
user_024,2024-02-15 13:52,ביטוח,אחר,78.23,ILS,78.23,רגילה,0
user_017,2024-08-26 14:55,נטפליקס,פנאי,63.17,ILS,63.17,רגילה,0
user_008,2024-02-08 12:14,Udemy,חינוך,86.17,EUR,344.68,"עסקת חו""ל",0
user_024,2024-10-23 10:16,גולדה,מסעדות,183.7,ILS,183.7,רגילה,0
user_017,2024-01-14 20:40,נטפליקס,פנאי,81.87,ILS,81.87,רגילה,0
user_036,2024-06-15 14:51,Gett,תחבורה,23.98,ILS,23.98,רגילה,0
user_050,2024-06-20 09:24,דומינוס,מסעדות,81.58,ILS,81.58,רגילה,0
user_026,2024-10-19 15:15,Udemy,חינוך,326.77,ILS,326.77,רגילה,0
user_038,2024-05-12 08:01,רכבת ישראל,תחבורה,54.14,ILS,54.14,רגילה,0
user_005,2024-03-26 09:39,אוניברסיטה,חינוך,386.3,ILS,386.3,רגילה,0
user_016,2024-11-03 13:16,מחסני חשמל,חשמל,1213.32,ILS,1213.32,הוראת קבע,0
user_035,2024-12-11 20:42,שופרסל,סופרמרקט,249.39,ILS,249.39,רגילה,0
user_015,2024-10-03 22:24,Be,פארם,203.6,ILS,203.6,רגילה,0
user_001,2024-05-22 20:12,דלק,דלק,147.71,ILS,147.71,רגילה,0
user_011,2024-10-02 12:23,Be,פארם,110.68,ILS,110.68,רגילה,0
user_040,2024-01-20 19:29,דלק,דלק,156.83,ILS,156.83,רגילה,0
user_033,2024-05-24 16:56,רכבת ישראל,תחבורה,21.82,ILS,21.82,תשלומים,0
user_026,2024-03-12 10:51,דלק,דלק,206.64,ILS,206.64,הוראת קבע,0
user_043,2024-05-18 08:06,Be,פארם,222.72,ILS,222.72,רגילה,0
user_021,2024-06-07 18:07,רכבת ישראל,תחבורה,41.12,ILS,41.12,רגילה,0
user_035,2024-08-10 18:05,רמי לוי,סופרמרקט,329.45,ILS,329.45,רגילה,0
user_005,2024-04-27 08:41,יס פלאנט,פנאי,12.08,EUR,48.32,"עסקת חו""ל",0
user_026,2024-02-17 08:47,עירייה,אחר,281.35,ILS,281.35,רגילה,0
user_030,2024-04-13 16:17,חברת חשמל,אחר,36.91,ILS,36.91,רגילה,0
user_008,2024-09-22 11:50,רב-קו,תחבורה,80.9,ILS,80.9,רגילה,0
user_011,2024-09-19 18:33,מקדונלד'ס,מסעדות,77.08,ILS,77.08,רגילה,0
user_010,2024-05-02 20:06,חברת חשמל,אחר,127.02,ILS,127.02,רגילה,0
user_029,2024-04-15 12:56,Gett,תחבורה,36.46,ILS,36.46,רגילה,0
user_039,2024-01-02 20:52,זארה,אופנה,431.69,ILS,431.69,רגילה,0
user_034,2024-06-23 17:26,קפה גרג,מסעדות,86.21,ILS,86.21,רגילה,0
user_041,2024-08-12 08:19,H&M,אופנה,29.36,ILS,29.36,רגילה,0
user_040,2024-10-06 22:59,Gett,תחבורה,74.31,ILS,74.31,רגילה,0
user_003,2024-09-27 08:38,סופר-פארם,פארם,216.1,ILS,216.1,רגילה,0
user_038,2024-05-19 22:10,ביטוח,אחר,108.73,ILS,108.73,הוראת קבע,0
user_001,2024-11-04 16:54,קפה גרג,מסעדות,57.1,ILS,57.1,תשלומים,0
user_032,2024-07-25 21:53,רמי לוי,סופרמרקט,354.33,ILS,354.33,רגילה,0
user_029,2024-05-13 15:07,Gett,תחבורה,5.96,GBP,28.01,"עסקת חו""ל",0
user_019,2024-09-08 13:56,נטפליקס,פנאי,57.1,ILS,57.1,רגילה,0
user_040,2024-02-22 20:24,שופרסל,סופרמרקט,279.19,ILS,279.19,רגילה,0
user_043,2024-08-26 11:49,גולדה,מסעדות,98.98,ILS,98.98,תשלומים,0
user_044,2024-10-19 19:11,רכבת ישראל,תחבורה,55.5,ILS,55.5,רגילה,0
user_013,2024-02-08 14:42,Be,פארם,134.54,ILS,134.54,תשלומים,0
user_005,2024-01-24 16:18,רכבת ישראל,תחבורה,67.31,ILS,67.31,תשלומים,0
user_003,2024-08-16 16:48,פז,דלק,157.85,ILS,157.85,רגילה,0
user_047,2024-01-16 10:55,אוניברסיטה,חינוך,40.91,USD,151.37,"עסקת חו""ל",0
user_043,2024-02-27 20:42,קסטרו,אופנה,291.79,ILS,291.79,רגילה,0
user_032,2024-07-16 15:41,Udemy,חינוך,254.38,ILS,254.38,רגילה,0
user_033,2024-07-19 20:29,נטפליקס,פנאי,71.56,ILS,71.56,רגילה,0
user_009,2024-07-08 16:09,H&M,אופנה,314.96,ILS,314.96,תשלומים,0
user_046,2024-02-09 08:57,שופרסל,סופרמרקט,507.17,ILS,507.17,תשלומים,0
user_017,2024-05-15 10:01,אייבורי,חשמל,968.36,ILS,968.36,רגילה,0
user_016,2024-10-11 17:13,סופר-פארם,פארם,242.78,ILS,242.78,תשלומים,0
user_004,2024-09-03 12:11,דומינוס,מסעדות,136.34,ILS,136.34,רגילה,0
user_008,2024-10-03 17:18,מקדונלד'ס,מסעדות,10.0,ILS,10.0,רגילה,0
user_048,2024-05-17 13:09,Gett,תחבורה,38.78,ILS,38.78,רגילה,0
user_032,2024-10-07 10:50,ויקטורי,סופרמרקט,386.22,ILS,386.22,רגילה,0
user_016,2024-12-19 16:27,שופרסל,סופרמרקט,265.08,ILS,265.08,רגילה,0
user_047,2024-03-03 14:18,סופר-פארם,פארם,148.91,ILS,148.91,רגילה,0
user_041,2024-03-17 09:11,Udemy,חינוך,62.43,USD,230.99,"עסקת חו""ל",0
user_026,2024-01-21 19:25,ויקטורי,סופרמרקט,453.66,ILS,453.66,רגילה,0
user_018,2024-11-06 21:01,פז,דלק,160.31,ILS,160.31,רגילה,0
user_043,2024-03-10 15:20,קפה גרג,מסעדות,133.22,ILS,133.22,רגילה,0
user_047,2024-04-05 08:08,טיב טעם,סופרמרקט,329.9,ILS,329.9,תשלומים,0
user_025,2024-06-19 09:09,KSP,חשמל,780.38,ILS,780.38,רגילה,0
user_007,2024-11-26 15:30,מחסני חשמל,חשמל,618.36,ILS,618.36,רגילה,0
user_014,2024-06-12 10:32,רב-קו,תחבורה,73.46,ILS,73.46,תשלומים,0
user_034,2024-02-25 20:53,Udemy,חינוך,203.51,ILS,203.51,תשלומים,0
user_001,2024-09-08 21:23,סופר-פארם,פארם,169.78,ILS,169.78,רגילה,0
user_027,2024-02-22 09:46,ויקטורי,סופרמרקט,295.37,ILS,295.37,רגילה,0
user_026,2024-09-01 02:06,עירייה,אחר,2833.2,ILS,2833.2,רגילה,1
user_018,2024-10-28 08:14,דלק,דלק,225.04,ILS,225.04,רגילה,0
user_015,2024-02-11 19:47,ביטוח,אחר,238.6,ILS,238.6,רגילה,0
user_004,2024-03-17 13:08,פז,דלק,254.48,ILS,254.48,רגילה,0
user_045,2024-07-04 21:53,Udemy,חינוך,233.65,ILS,233.65,רגילה,0
user_045,2024-12-04 01:58,מחסני חשמל,חשמל,7624.29,ILS,7624.29,רגילה,1
user_036,2024-07-27 11:49,ספוטיפיי,פנאי,18.52,EUR,74.08,"עסקת חו""ל",0
user_040,2024-08-28 15:45,Gett,תחבורה,52.3,ILS,52.3,רגילה,0
user_012,2024-04-22 08:42,טיב טעם,סופרמרקט,442.68,ILS,442.68,רגילה,0
user_011,2024-07-03 21:38,רכבת ישראל,תחבורה,65.73,ILS,65.73,רגילה,0
user_030,2024-01-19 15:20,עירייה,אחר,257.94,ILS,257.94,רגילה,0
user_036,2024-01-21 05:29,דלק,דלק,426.31,EUR,1705.24,"עסקת חו""ל",1
user_033,2024-07-16 20:41,עירייה,אחר,235.78,ILS,235.78,תשלומים,0
user_035,2024-04-20 18:23,ספוטיפיי,פנאי,73.01,ILS,73.01,רגילה,0
user_010,2024-11-04 17:45,מחסני חשמל,חשמל,686.44,ILS,686.44,רגילה,0
user_044,2024-05-10 19:27,מקדונלד'ס,מסעדות,119.64,ILS,119.64,רגילה,0
user_005,2024-12-10 08:42,דלק,דלק,222.68,ILS,222.68,רגילה,0
user_024,2024-02-07 16:02,פוקס,אופנה,600.82,ILS,600.82,תשלומים,0
user_029,2024-12-15 16:09,סופר-פארם,פארם,193.98,ILS,193.98,תשלומים,0
user_028,2024-02-15 14:05,Be,פארם,46.11,USD,170.61,"עסקת חו""ל",0
user_046,2024-01-10 14:30,דומינוס,מסעדות,50.11,ILS,50.11,רגילה,0
user_044,2024-02-02 08:52,אוניברסיטה,חינוך,24.16,ILS,24.16,רגילה,0
user_023,2024-09-04 14:17,רמי לוי,סופרמרקט,305.9,ILS,305.9,רגילה,0
user_050,2024-01-16 19:29,H&M,אופנה,10.0,ILS,10.0,רגילה,0
user_039,2024-02-13 13:08,ביטוח,אחר,131.55,ILS,131.55,הוראת קבע,0
user_032,2024-02-06 10:21,ויקטורי,סופרמרקט,226.21,ILS,226.21,רגילה,0
user_020,2024-12-27 14:42,ספוטיפיי,פנאי,66.83,ILS,66.83,תשלומים,0
user_028,2024-01-17 08:55,עירייה,אחר,301.78,ILS,301.78,רגילה,0
user_043,2024-07-05 22:05,נטפליקס,פנאי,95.52,ILS,95.52,רגילה,0
user_039,2024-05-24 19:54,סונול,דלק,55.16,USD,204.09,"עסקת חו""ל",0
user_049,2024-09-13 22:12,סונול,דלק,180.91,ILS,180.91,רגילה,0
user_040,2024-01-15 08:43,ויקטורי,סופרמרקט,244.6,ILS,244.6,תשלומים,0
user_001,2024-06-23 11:47,דלק,דלק,181.29,ILS,181.29,הוראת קבע,0
user_015,2024-06-19 22:15,סונול,דלק,220.21,ILS,220.21,רגילה,0
user_030,2024-03-12 11:57,פז,דלק,148.78,ILS,148.78,רגילה,0
user_016,2024-04-10 20:56,קפה גרג,מסעדות,138.26,ILS,138.26,רגילה,0
user_002,2024-02-09 09:17,Be,פארם,106.06,ILS,106.06,רגילה,0
user_042,2024-07-04 15:12,רב-קו,תחבורה,72.26,ILS,72.26,רגילה,0
user_037,2024-01-06 17:20,זארה,אופנה,327.29,ILS,327.29,רגילה,0
user_001,2024-02-10 17:20,פוקס,אופנה,365.33,ILS,365.33,רגילה,0
user_038,2024-08-22 09:49,מקדונלד'ס,מסעדות,96.93,ILS,96.93,רגילה,0
user_005,2024-01-05 17:04,Udemy,חינוך,243.74,ILS,243.74,רגילה,0
user_023,2024-09-27 18:57,מחסני חשמל,חשמל,964.22,ILS,964.22,רגילה,0
user_049,2024-07-22 22:30,Gett,תחבורה,29.91,ILS,29.91,תשלומים,0
user_004,2024-04-25 09:15,נטפליקס,פנאי,30.51,ILS,30.51,רגילה,0
user_014,2024-08-20 12:15,גולדה,מסעדות,21.27,ILS,21.27,רגילה,0
user_038,2024-01-14 19:51,רב-קו,תחבורה,17.84,ILS,17.84,רגילה,0
user_013,2024-11-24 19:18,סונול,דלק,49.85,USD,184.45,"עסקת חו""ל",0
user_003,2024-01-23 09:08,עירייה,אחר,404.73,ILS,404.73,רגילה,0
user_002,2024-09-03 15:25,Be,פארם,76.21,ILS,76.21,תשלומים,0
user_007,2024-03-14 18:36,Be,פארם,193.77,ILS,193.77,רגילה,0
user_033,2024-07-24 17:46,Udemy,חינוך,193.45,ILS,193.45,רגילה,0
user_003,2024-06-04 12:51,חברת חשמל,אחר,346.64,ILS,346.64,רגילה,0
user_015,2024-04-14 03:28,דלק,דלק,2513.86,ILS,2513.86,רגילה,1
user_034,2024-12-10 10:07,קפה גרג,מסעדות,121.71,ILS,121.71,רגילה,0
user_030,2024-03-03 09:07,זארה,אופנה,415.17,ILS,415.17,תשלומים,0
user_015,2024-07-22 22:25,אוניברסיטה,חינוך,42.07,EUR,168.28,"עסקת חו""ל",0
user_027,2024-09-26 09:11,KSP,חשמל,985.0,ILS,985.0,הוראת קבע,0
user_011,2024-08-08 19:27,טיב טעם,סופרמרקט,334.74,ILS,334.74,רגילה,0
user_044,2024-10-04 11:53,ספוטיפיי,פנאי,14.43,GBP,67.82,"עסקת חו""ל",0
user_049,2024-06-26 09:27,ביטוח,אחר,430.04,ILS,430.04,רגילה,0
user_014,2024-02-16 17:06,עירייה,אחר,235.19,ILS,235.19,רגילה,0
user_015,2024-05-19 09:02,יס פלאנט,פנאי,82.25,ILS,82.25,רגילה,0
user_050,2024-12-23 19:02,סונול,דלק,181.58,ILS,181.58,רגילה,0
user_044,2024-07-17 20:30,רב-קו,תחבורה,55.72,ILS,55.72,רגילה,0
user_006,2024-12-18 13:09,רב-קו,תחבורה,47.15,ILS,47.15,רגילה,0
user_019,2024-01-12 17:13,יס פלאנט,פנאי,48.71,ILS,48.71,תשלומים,0
user_011,2024-01-27 15:43,אייבורי,חשמל,94.19,GBP,442.69,"עסקת חו""ל",0
user_015,2024-04-16 14:20,זארה,אופנה,428.9,ILS,428.9,רגילה,0
user_019,2024-09-13 03:01,סונול,דלק,2144.91,ILS,2144.91,רגילה,1
user_032,2024-12-22 22:42,מחסני חשמל,חשמל,874.47,ILS,874.47,רגילה,0
user_041,2024-07-11 17:09,עירייה,אחר,82.59,ILS,82.59,רגילה,0
user_001,2024-04-25 21:30,פוקס,אופנה,221.99,ILS,221.99,רגילה,0
user_018,2024-01-07 22:57,סונול,דלק,66.42,ILS,66.42,רגילה,0
user_047,2024-05-14 09:10,זארה,אופנה,144.22,ILS,144.22,רגילה,0
user_047,2024-05-12 00:45,Gett,תחבורה,518.84,ILS,518.84,רגילה,1
user_046,2024-09-27 09:34,קסטרו,אופנה,412.94,ILS,412.94,רגילה,0
user_022,2024-01-13 09:40,רכבת ישראל,תחבורה,44.36,ILS,44.36,תשלומים,0
user_038,2024-08-09 14:26,מחסני חשמל,חשמל,752.55,ILS,752.55,רגילה,0
user_003,2024-04-16 15:28,Udemy,חינוך,126.66,ILS,126.66,הוראת קבע,0
user_048,2024-04-04 21:01,גולדה,מסעדות,100.67,ILS,100.67,רגילה,0
user_033,2024-08-17 21:37,אוניברסיטה,חינוך,80.75,ILS,80.75,רגילה,0
user_045,2024-02-03 01:05,Udemy,חינוך,1238.43,ILS,1238.43,רגילה,1
user_029,2024-08-06 14:38,אוניברסיטה,חינוך,10.0,ILS,10.0,רגילה,0
user_046,2024-06-20 15:31,ביטוח,אחר,201.41,ILS,201.41,רגילה,0
user_045,2024-08-01 10:37,זארה,אופנה,220.4,ILS,220.4,רגילה,0
user_029,2024-01-04 09:00,פז,דלק,206.02,ILS,206.02,רגילה,0
user_016,2024-06-11 15:21,שופרסל,סופרמרקט,425.7,ILS,425.7,רגילה,0
user_017,2024-04-07 18:08,Udemy,חינוך,44.59,ILS,44.59,רגילה,0
user_050,2024-01-08 11:13,גולדה,מסעדות,72.61,ILS,72.61,רגילה,0
user_028,2024-07-05 15:49,מקדונלד'ס,מסעדות,66.59,ILS,66.59,תשלומים,0
user_003,2024-11-02 12:55,KSP,חשמל,1384.34,ILS,1384.34,רגילה,0
user_028,2024-11-14 17:09,יס פלאנט,פנאי,74.23,ILS,74.23,רגילה,0
user_003,2024-09-21 19:45,מחסני חשמל,חשמל,118.82,ILS,118.82,תשלומים,0
user_011,2024-09-03 09:18,Udemy,חינוך,262.68,ILS,262.68,רגילה,0
user_036,2024-09-06 09:00,Gett,תחבורה,28.62,ILS,28.62,תשלומים,0
user_015,2024-02-08 10:54,KSP,חשמל,1133.82,ILS,1133.82,רגילה,0
user_011,2024-05-24 11:22,Udemy,חינוך,41.93,ILS,41.93,רגילה,0
user_018,2024-12-07 09:09,טיב טעם,סופרמרקט,79.31,ILS,79.31,הוראת קבע,0
user_006,2024-11-08 12:01,יס פלאנט,פנאי,64.84,ILS,64.84,רגילה,0
user_013,2024-06-24 22:52,אוניברסיטה,חינוך,192.74,ILS,192.74,רגילה,0
user_038,2024-05-11 16:16,KSP,חשמל,52.98,ILS,52.98,רגילה,0
user_025,2024-05-08 22:02,פז,דלק,34.73,EUR,138.92,"עסקת חו""ל",0
user_031,2024-02-08 16:24,רמי לוי,סופרמרקט,486.7,ILS,486.7,רגילה,0
user_007,2024-08-11 08:22,רכבת ישראל,תחבורה,69.77,ILS,69.77,רגילה,0
user_014,2024-01-03 21:47,קפה גרג,מסעדות,212.09,ILS,212.09,רגילה,0
user_015,2024-11-05 13:50,אייבורי,חשמל,2.5,EUR,10.0,"עסקת חו""ל",0
user_017,2024-11-23 17:16,רב-קו,תחבורה,59.09,ILS,59.09,רגילה,0
user_021,2024-04-14 13:14,חברת חשמל,אחר,10.0,ILS,10.0,רגילה,0
user_025,2024-08-28 17:37,סופר-פארם,פארם,92.0,ILS,92.0,רגילה,0
user_017,2024-01-13 13:16,מקדונלד'ס,מסעדות,95.58,ILS,95.58,רגילה,0
user_035,2024-03-09 08:46,אוניברסיטה,חינוך,58.17,USD,215.23,"עסקת חו""ל",0
user_029,2024-08-05 19:40,פוקס,אופנה,99.34,USD,367.56,"עסקת חו""ל",0
user_043,2024-09-14 15:42,H&M,אופנה,558.67,ILS,558.67,הוראת קבע,0
user_011,2024-01-25 11:47,טיב טעם,סופרמרקט,400.21,ILS,400.21,רגילה,0
user_027,2024-10-22 16:16,שופרסל,סופרמרקט,105.29,USD,389.57,"עסקת חו""ל",0
user_041,2024-06-26 08:21,גולדה,מסעדות,44.02,USD,162.87,"עסקת חו""ל",0
user_019,2024-12-26 15:23,פוקס,אופנה,275.57,ILS,275.57,רגילה,0
user_030,2024-06-13 16:12,Be,פארם,41.83,EUR,167.32,"עסקת חו""ל",0
user_002,2024-03-22 16:57,טיב טעם,סופרמרקט,409.4,ILS,409.4,רגילה,0
user_039,2024-01-15 22:08,KSP,חשמל,1063.28,ILS,1063.28,רגילה,0
user_033,2024-07-08 16:32,מחסני חשמל,חשמל,909.84,ILS,909.84,רגילה,0
user_024,2024-08-28 14:59,Be,פארם,91.0,ILS,91.0,רגילה,0
user_027,2024-02-03 17:53,סופר-פארם,פארם,10.0,ILS,10.0,רגילה,0
user_008,2024-09-24 08:41,נטפליקס,פנאי,35.38,ILS,35.38,הוראת קבע,0
user_015,2024-01-17 20:52,H&M,אופנה,309.47,ILS,309.47,רגילה,0
user_009,2024-06-12 11:09,Be,פארם,60.52,ILS,60.52,רגילה,0
user_012,2024-06-11 11:45,KSP,חשמל,254.65,ILS,254.65,רגילה,0
user_022,2024-10-22 12:15,יס פלאנט,פנאי,21.54,GBP,101.24,"עסקת חו""ל",0
user_021,2024-08-05 10:29,שופרסל,סופרמרקט,607.95,ILS,607.95,רגילה,0
user_005,2024-10-05 19:27,סופר-פארם,פארם,290.26,ILS,290.26,רגילה,0
user_034,2024-10-09 18:08,פוקס,אופנה,227.43,ILS,227.43,רגילה,0
user_034,2024-02-23 12:56,KSP,חשמל,654.03,ILS,654.03,רגילה,0
user_009,2024-08-01 08:51,סונול,דלק,176.62,ILS,176.62,רגילה,0
user_032,2024-11-19 11:58,רכבת ישראל,תחבורה,22.22,ILS,22.22,תשלומים,0
user_001,2024-08-28 10:33,דלק,דלק,210.55,ILS,210.55,רגילה,0
user_022,2024-10-16 12:45,פז,דלק,272.18,ILS,272.18,רגילה,0
user_008,2024-02-10 18:24,קסטרו,אופנה,138.44,ILS,138.44,רגילה,0
user_024,2024-05-07 20:21,מקדונלד'ס,מסעדות,137.3,ILS,137.3,רגילה,0
user_005,2024-02-05 16:41,רמי לוי,סופרמרקט,146.1,ILS,146.1,תשלומים,0
user_002,2024-03-16 12:46,KSP,חשמל,1001.32,ILS,1001.32,רגילה,0
user_022,2024-11-02 12:53,KSP,חשמל,1070.73,ILS,1070.73,רגילה,0
user_001,2024-12-15 20:46,נטפליקס,פנאי,22.01,ILS,22.01,רגילה,0
user_025,2024-06-23 13:17,Udemy,חינוך,40.19,ILS,40.19,רגילה,0
user_037,2024-06-15 12:27,ספוטיפיי,פנאי,57.72,ILS,57.72,תשלומים,0
user_017,2024-07-01 17:23,עירייה,אחר,278.81,ILS,278.81,רגילה,0
user_028,2024-08-21 18:26,יס פלאנט,פנאי,41.3,ILS,41.3,רגילה,0
user_050,2024-01-13 13:52,פוקס,אופנה,155.02,ILS,155.02,רגילה,0
user_047,2024-01-06 21:15,דומינוס,מסעדות,35.18,EUR,140.72,"עסקת חו""ל",0
user_016,2024-07-16 20:11,אוניברסיטה,חינוך,60.89,GBP,286.18,"עסקת חו""ל",0
user_049,2024-02-06 13:41,קפה גרג,מסעדות,123.01,ILS,123.01,רגילה,0
user_050,2024-06-16 04:05,Udemy,חינוך,2100.88,ILS,2100.88,רגילה,1
user_026,2024-07-09 21:26,סונול,דלק,172.07,ILS,172.07,רגילה,0
user_040,2024-09-19 22:06,יס פלאנט,פנאי,54.81,ILS,54.81,רגילה,0
user_034,2024-04-18 15:34,פז,דלק,161.23,ILS,161.23,רגילה,0
user_010,2024-05-21 10:06,ספוטיפיי,פנאי,51.29,ILS,51.29,רגילה,0
user_048,2024-05-21 18:18,פז,דלק,51.46,USD,190.4,"עסקת חו""ל",0
user_019,2024-08-03 18:15,קפה גרג,מסעדות,212.9,ILS,212.9,רגילה,0
user_005,2024-02-28 12:53,אייבורי,חשמל,1129.51,ILS,1129.51,רגילה,0
user_033,2024-09-26 14:45,אוניברסיטה,חינוך,274.48,ILS,274.48,רגילה,0
user_029,2024-08-10 21:00,פוקס,אופנה,230.96,ILS,230.96,רגילה,0
user_040,2024-10-26 16:07,ויקטורי,סופרמרקט,419.93,ILS,419.93,רגילה,0
user_037,2024-11-01 14:19,Gett,תחבורה,10.0,ILS,10.0,רגילה,0
user_048,2024-03-06 11:55,רב-קו,תחבורה,26.69,ILS,26.69,רגילה,0
user_033,2024-11-03 09:02,Udemy,חינוך,158.63,ILS,158.63,רגילה,0
user_008,2024-03-14 17:02,Udemy,חינוך,178.02,ILS,178.02,רגילה,0
user_026,2024-08-03 13:12,נטפליקס,פנאי,49.57,ILS,49.57,רגילה,0
user_003,2024-11-11 13:05,אייבורי,חשמל,1246.5,ILS,1246.5,תשלומים,0
user_002,2024-08-15 09:20,סופר-פארם,פארם,26.64,USD,98.57,"עסקת חו""ל",0
user_037,2024-03-03 12:07,Udemy,חינוך,29.14,EUR,116.56,"עסקת חו""ל",0
user_006,2024-10-10 13:16,אוניברסיטה,חינוך,213.11,ILS,213.11,רגילה,0
user_002,2024-06-27 12:26,אוניברסיטה,חינוך,326.97,ILS,326.97,תשלומים,0
user_006,2024-05-24 10:42,KSP,חשמל,1198.49,ILS,1198.49,רגילה,0
user_027,2024-05-09 18:07,טיב טעם,סופרמרקט,347.02,ILS,347.02,רגילה,0
user_032,2024-02-26 17:00,נטפליקס,פנאי,72.24,ILS,72.24,רגילה,0
user_001,2024-09-06 16:10,סופר-פארם,פארם,179.56,ILS,179.56,רגילה,0
user_016,2024-03-12 13:21,שופרסל,סופרמרקט,410.23,ILS,410.23,רגילה,0
user_033,2024-08-17 17:07,פז,דלק,174.51,ILS,174.51,רגילה,0
user_027,2024-06-03 10:31,סופר-פארם,פארם,196.69,ILS,196.69,רגילה,0
user_018,2024-03-10 17:20,סופר-פארם,פארם,42.71,ILS,42.71,תשלומים,0
user_029,2024-05-24 14:57,רכבת ישראל,תחבורה,25.91,ILS,25.91,רגילה,0
user_036,2024-08-28 20:49,ספוטיפיי,פנאי,72.5,ILS,72.5,רגילה,0
user_027,2024-05-07 10:38,Udemy,חינוך,25.2,ILS,25.2,רגילה,0
user_003,2024-09-06 04:11,זארה,אופנה,3191.11,ILS,3191.11,רגילה,1
user_023,2024-05-19 17:27,סופר-פארם,פארם,138.28,ILS,138.28,רגילה,0
user_041,2024-05-18 10:42,אוניברסיטה,חינוך,266.32,ILS,266.32,רגילה,0
user_009,2024-09-10 09:47,Udemy,חינוך,130.55,ILS,130.55,רגילה,0
user_003,2024-01-20 14:36,ביטוח,אחר,33.62,EUR,134.48,"עסקת חו""ל",0
user_003,2024-06-14 14:46,יס פלאנט,פנאי,40.58,ILS,40.58,הוראת קבע,0
user_026,2024-09-07 22:15,אייבורי,חשמל,156.89,EUR,627.56,"עסקת חו""ל",0
user_010,2024-05-11 13:40,רב-קו,תחבורה,27.8,ILS,27.8,רגילה,0
user_046,2024-05-26 13:31,סופר-פארם,פארם,176.73,ILS,176.73,רגילה,0
user_023,2024-08-16 15:52,גולדה,מסעדות,215.76,ILS,215.76,רגילה,0
user_042,2024-10-16 10:14,גולדה,מסעדות,14.84,ILS,14.84,תשלומים,0
user_046,2024-12-01 10:33,ביטוח,אחר,185.43,ILS,185.43,רגילה,0
user_037,2024-01-26 08:24,שופרסל,סופרמרקט,469.52,ILS,469.52,רגילה,0
user_039,2024-05-19 03:38,Gett,תחבורה,501.77,ILS,501.77,רגילה,1
user_003,2024-06-08 11:10,Gett,תחבורה,34.5,ILS,34.5,תשלומים,0
user_012,2024-07-14 10:46,Be,פארם,54.69,EUR,218.76,"עסקת חו""ל",0
user_027,2024-11-05 20:03,ספוטיפיי,פנאי,37.43,ILS,37.43,רגילה,0
user_048,2024-04-13 11:38,פוקס,אופנה,417.98,ILS,417.98,רגילה,0
user_040,2024-06-22 22:42,אייבורי,חשמל,1149.33,ILS,1149.33,רגילה,0
user_021,2024-01-02 10:39,פוקס,אופנה,330.68,ILS,330.68,הוראת קבע,0
user_020,2024-07-11 08:41,דלק,דלק,239.86,ILS,239.86,הוראת קבע,0
user_007,2024-10-19 15:49,חברת חשמל,אחר,221.63,ILS,221.63,הוראת קבע,0
user_001,2024-07-19 15:04,רמי לוי,סופרמרקט,356.9,ILS,356.9,רגילה,0
user_037,2024-12-15 10:22,עירייה,אחר,325.21,ILS,325.21,רגילה,0
user_019,2024-06-13 22:47,Udemy,חינוך,267.44,ILS,267.44,רגילה,0
user_030,2024-07-28 10:54,סונול,דלק,214.14,ILS,214.14,רגילה,0
user_045,2024-05-08 21:54,KSP,חשמל,255.77,GBP,1202.12,"עסקת חו""ל",0
user_042,2024-03-15 08:21,ביטוח,אחר,10.0,ILS,10.0,רגילה,0
user_012,2024-07-18 10:06,סופר-פארם,פארם,268.46,ILS,268.46,הוראת קבע,0
user_017,2024-10-14 12:09,רמי לוי,סופרמרקט,435.99,ILS,435.99,רגילה,0
user_029,2024-12-22 21:42,KSP,חשמל,10.0,ILS,10.0,רגילה,0
user_050,2024-04-03 10:34,סונול,דלק,230.18,ILS,230.18,רגילה,0
user_007,2024-12-17 21:30,Gett,תחבורה,10.0,ILS,10.0,תשלומים,0
user_022,2024-04-14 09:00,מחסני חשמל,חשמל,684.82,ILS,684.82,תשלומים,0
user_001,2024-03-26 20:05,Gett,תחבורה,22.09,ILS,22.09,רגילה,0
user_035,2024-02-16 10:45,KSP,חשמל,1102.52,ILS,1102.52,רגילה,0
user_028,2024-07-07 10:11,סונול,דלק,268.98,ILS,268.98,רגילה,0
user_024,2024-05-26 18:54,Gett,תחבורה,64.52,ILS,64.52,רגילה,0
user_005,2024-03-05 10:42,גולדה,מסעדות,138.22,ILS,138.22,רגילה,0
user_009,2024-12-19 12:41,מקדונלד'ס,מסעדות,139.89,ILS,139.89,רגילה,0
user_039,2024-06-21 11:49,אוניברסיטה,חינוך,35.86,ILS,35.86,רגילה,0
user_040,2024-08-10 16:06,סופר-פארם,פארם,172.58,ILS,172.58,רגילה,0
user_018,2024-08-21 16:49,סונול,דלק,216.82,ILS,216.82,רגילה,0
user_004,2024-08-25 13:44,סופר-פארם,פארם,78.83,ILS,78.83,רגילה,0
user_024,2024-11-15 19:09,זארה,אופנה,310.33,ILS,310.33,רגילה,0
user_023,2024-09-10 11:48,נטפליקס,פנאי,65.28,ILS,65.28,רגילה,0
user_018,2024-07-12 18:13,סונול,דלק,190.76,ILS,190.76,רגילה,0
user_026,2024-12-07 17:38,שופרסל,סופרמרקט,387.94,ILS,387.94,רגילה,0
user_032,2024-01-18 12:11,דלק,דלק,186.46,ILS,186.46,תשלומים,0
user_006,2024-10-04 11:00,KSP,חשמל,1534.03,ILS,1534.03,רגילה,0
user_010,2024-04-11 08:10,Be,פארם,133.2,ILS,133.2,רגילה,0
user_012,2024-08-10 04:18,מחסני חשמל,חשמל,1388.75,USD,5138.38,"עסקת חו""ל",1
user_046,2024-02-21 18:36,Be,פארם,137.77,ILS,137.77,רגילה,0
user_042,2024-05-17 21:05,אוניברסיטה,חינוך,140.02,ILS,140.02,תשלומים,0
user_046,2024-11-08 10:53,רב-קו,תחבורה,12.11,GBP,56.92,"עסקת חו""ל",0
user_031,2024-11-11 10:39,קפה גרג,מסעדות,269.94,ILS,269.94,רגילה,0
user_001,2024-03-06 11:04,ויקטורי,סופרמרקט,349.9,ILS,349.9,רגילה,0
user_016,2024-01-01 19:05,קפה גרג,מסעדות,10.0,ILS,10.0,תשלומים,0
user_008,2024-11-22 19:10,טיב טעם,סופרמרקט,289.83,ILS,289.83,רגילה,0
user_031,2024-02-27 11:13,Udemy,חינוך,372.22,ILS,372.22,רגילה,0
user_041,2024-10-13 18:15,Be,פארם,186.47,ILS,186.47,הוראת קבע,0
user_005,2024-07-09 05:56,Be,פארם,2194.85,ILS,2194.85,רגילה,1
user_036,2024-10-26 04:52,פוקס,אופנה,527.17,USD,1950.53,"עסקת חו""ל",1
user_012,2024-04-05 13:11,גולדה,מסעדות,121.46,ILS,121.46,רגילה,0
user_050,2024-03-27 13:27,רב-קו,תחבורה,73.09,ILS,73.09,תשלומים,0
user_033,2024-12-24 22:54,מחסני חשמל,חשמל,308.09,GBP,1448.02,"עסקת חו""ל",0
user_022,2024-02-21 20:46,רכבת ישראל,תחבורה,16.68,ILS,16.68,רגילה,0
user_049,2024-04-18 14:33,רב-קו,תחבורה,18.55,ILS,18.55,רגילה,0
user_005,2024-09-25 18:53,קפה גרג,מסעדות,18.29,GBP,85.96,"עסקת חו""ל",0
user_002,2024-12-23 13:50,רכבת ישראל,תחבורה,9.82,GBP,46.15,"עסקת חו""ל",0
user_023,2024-10-14 22:52,יס פלאנט,פנאי,40.91,ILS,40.91,רגילה,0
user_037,2024-11-04 10:32,מחסני חשמל,חשמל,298.98,ILS,298.98,רגילה,0
user_009,2024-08-16 08:52,פוקס,אופנה,285.11,ILS,285.11,רגילה,0
user_032,2024-06-15 18:43,Be,פארם,209.47,ILS,209.47,רגילה,0
user_014,2024-12-21 22:29,חברת חשמל,אחר,193.46,ILS,193.46,רגילה,0
user_018,2024-07-08 16:29,נטפליקס,פנאי,86.42,ILS,86.42,רגילה,0
user_023,2024-08-15 20:30,אוניברסיטה,חינוך,387.52,ILS,387.52,רגילה,0
user_021,2024-12-22 21:28,פז,דלק,141.05,ILS,141.05,רגילה,0
user_009,2024-06-16 22:34,סונול,דלק,45.95,USD,170.02,"עסקת חו""ל",0
user_036,2024-12-22 22:17,שופרסל,סופרמרקט,271.57,ILS,271.57,תשלומים,0
user_013,2024-11-13 13:32,Be,פארם,181.54,ILS,181.54,רגילה,0
user_019,2024-07-08 19:52,ויקטורי,סופרמרקט,202.52,ILS,202.52,רגילה,0
user_017,2024-04-16 13:36,אוניברסיטה,חינוך,10.0,ILS,10.0,הוראת קבע,0
user_038,2024-07-16 10:00,גולדה,מסעדות,70.8,ILS,70.8,תשלומים,0
user_027,2024-05-02 20:32,H&M,אופנה,174.94,ILS,174.94,רגילה,0
user_046,2024-01-03 19:26,טיב טעם,סופרמרקט,392.16,ILS,392.16,תשלומים,0
user_006,2024-10-27 16:44,רכבת ישראל,תחבורה,16.2,ILS,16.2,רגילה,0
user_033,2024-03-20 12:51,ספוטיפיי,פנאי,49.27,ILS,49.27,רגילה,0
user_050,2024-01-02 09:23,Udemy,חינוך,232.1,ILS,232.1,תשלומים,0
user_022,2024-10-10 00:58,פוקס,אופנה,1729.89,ILS,1729.89,רגילה,1
user_035,2024-11-04 10:06,פוקס,אופנה,152.43,ILS,152.43,רגילה,0
user_023,2024-02-25 08:11,Udemy,חינוך,10.0,ILS,10.0,רגילה,0
user_049,2024-10-15 17:30,עירייה,אחר,185.34,ILS,185.34,תשלומים,0
user_014,2024-06-26 13:38,Gett,תחבורה,55.42,ILS,55.42,תשלומים,0
user_013,2024-08-18 12:09,ויקטורי,סופרמרקט,357.64,ILS,357.64,תשלומים,0
user_039,2024-06-11 11:52,פוקס,אופנה,101.71,ILS,101.71,רגילה,0
user_006,2024-08-26 21:35,נטפליקס,פנאי,45.14,ILS,45.14,רגילה,0
user_020,2024-07-04 14:27,KSP,חשמל,745.03,ILS,745.03,תשלומים,0
user_018,2024-07-05 09:16,יס פלאנט,פנאי,14.15,GBP,66.51,"עסקת חו""ל",0
user_049,2024-11-24 19:21,פז,דלק,164.11,ILS,164.11,רגילה,0
user_034,2024-04-07 20:19,Udemy,חינוך,239.35,ILS,239.35,רגילה,0
user_027,2024-06-01 15:47,נטפליקס,פנאי,42.7,ILS,42.7,הוראת קבע,0
user_021,2024-04-04 13:26,סופר-פארם,פארם,340.62,ILS,340.62,תשלומים,0
user_020,2024-07-22 14:40,פז,דלק,247.16,ILS,247.16,רגילה,0
user_022,2024-09-08 17:54,דלק,דלק,111.65,ILS,111.65,רגילה,0
user_042,2024-02-25 01:44,פז,דלק,360.28,GBP,1693.32,"עסקת חו""ל",1
user_024,2024-05-17 09:47,שופרסל,סופרמרקט,177.61,ILS,177.61,רגילה,0
user_028,2024-11-09 13:58,פז,דלק,208.62,ILS,208.62,תשלומים,0
user_012,2024-07-26 04:08,חברת חשמל,אחר,1248.66,ILS,1248.66,רגילה,1
user_017,2024-03-14 15:36,דלק,דלק,44.59,USD,164.98,"עסקת חו""ל",0
user_004,2024-08-02 09:26,נטפליקס,פנאי,68.85,ILS,68.85,רגילה,0
user_027,2024-04-17 22:22,דלק,דלק,231.66,ILS,231.66,רגילה,0
user_029,2024-04-11 11:43,Gett,תחבורה,87.21,ILS,87.21,רגילה,0
user_009,2024-11-05 13:50,ויקטורי,סופרמרקט,82.34,GBP,387.0,"עסקת חו""ל",0
user_033,2024-09-05 19:08,טיב טעם,סופרמרקט,425.44,ILS,425.44,רגילה,0
user_014,2024-04-19 15:07,יס פלאנט,פנאי,14.06,ILS,14.06,הוראת קבע,0
user_038,2024-08-11 22:02,אייבורי,חשמל,1286.69,ILS,1286.69,תשלומים,0
user_005,2024-11-05 17:44,אוניברסיטה,חינוך,208.09,ILS,208.09,רגילה,0
user_025,2024-01-20 21:55,ספוטיפיי,פנאי,18.79,ILS,18.79,רגילה,0
user_018,2024-07-24 21:31,פז,דלק,225.19,ILS,225.19,תשלומים,0
user_031,2024-05-19 10:44,אוניברסיטה,חינוך,268.54,ILS,268.54,רגילה,0
user_019,2024-02-19 15:38,אייבורי,חשמל,313.19,ILS,313.19,רגילה,0
user_014,2024-08-26 17:57,H&M,אופנה,438.92,ILS,438.92,רגילה,0
user_010,2024-12-08 20:51,דומינוס,מסעדות,142.25,ILS,142.25,רגילה,0
user_028,2024-07-23 20:08,אוניברסיטה,חינוך,161.87,ILS,161.87,רגילה,0
user_042,2024-05-26 08:27,אוניברסיטה,חינוך,239.84,ILS,239.84,רגילה,0
user_034,2024-07-01 08:40,דומינוס,מסעדות,124.07,ILS,124.07,רגילה,0
user_021,2024-09-09 09:08,Udemy,חינוך,111.39,ILS,111.39,הוראת קבע,0
user_046,2024-09-14 10:20,מחסני חשמל,חשמל,884.85,ILS,884.85,רגילה,0
user_048,2024-12-06 17:35,מחסני חשמל,חשמל,583.32,ILS,583.32,רגילה,0
user_005,2024-12-09 14:08,Udemy,חינוך,289.43,ILS,289.43,רגילה,0
user_011,2024-06-27 19:33,רמי לוי,סופרמרקט,470.36,ILS,470.36,רגילה,0
user_045,2024-07-13 18:04,דלק,דלק,272.34,ILS,272.34,רגילה,0
user_022,2024-10-05 17:52,שופרסל,סופרמרקט,147.48,ILS,147.48,תשלומים,0
user_042,2024-12-11 12:32,מחסני חשמל,חשמל,592.73,ILS,592.73,רגילה,0
user_045,2024-05-16 19:56,ספוטיפיי,פנאי,85.22,ILS,85.22,רגילה,0
user_028,2024-03-13 22:23,נטפליקס,פנאי,22.2,ILS,22.2,רגילה,0
user_013,2024-09-22 09:45,פוקס,אופנה,335.62,ILS,335.62,רגילה,0
user_012,2024-07-09 17:47,רכבת ישראל,תחבורה,34.26,ILS,34.26,רגילה,0
user_039,2024-02-17 16:25,Gett,תחבורה,87.78,ILS,87.78,רגילה,0
user_024,2024-05-23 10:27,מחסני חשמל,חשמל,216.84,ILS,216.84,רגילה,0
user_022,2024-08-14 12:29,עירייה,אחר,228.11,ILS,228.11,הוראת קבע,0
user_017,2024-08-01 11:24,Udemy,חינוך,405.69,ILS,405.69,רגילה,0
user_010,2024-07-19 21:35,Be,פארם,26.62,ILS,26.62,רגילה,0
user_026,2024-08-14 18:59,מחסני חשמל,חשמל,854.52,ILS,854.52,רגילה,0
user_002,2024-03-26 20:43,אייבורי,חשמל,1253.94,ILS,1253.94,רגילה,0
user_027,2024-01-02 16:47,ביטוח,אחר,175.71,ILS,175.71,רגילה,0
user_049,2024-04-17 13:00,אוניברסיטה,חינוך,211.36,ILS,211.36,תשלומים,0
user_024,2024-10-28 21:16,KSP,חשמל,1151.37,ILS,1151.37,רגילה,0
user_027,2024-08-13 20:11,Be,פארם,22.74,ILS,22.74,רגילה,0
user_042,2024-09-18 13:40,טיב טעם,סופרמרקט,424.58,ILS,424.58,תשלומים,0
user_012,2024-11-07 11:59,ביטוח,אחר,142.39,ILS,142.39,רגילה,0
user_027,2024-02-21 10:02,מחסני חשמל,חשמל,741.8,ILS,741.8,רגילה,0
user_013,2024-05-21 16:44,פז,דלק,78.4,USD,290.08,"עסקת חו""ל",0
user_014,2024-12-18 20:19,ביטוח,אחר,446.36,ILS,446.36,תשלומים,0
user_028,2024-04-20 22:09,קסטרו,אופנה,2.13,GBP,10.01,"עסקת חו""ל",0
user_020,2024-04-18 16:35,פז,דלק,148.58,ILS,148.58,רגילה,0
user_042,2024-05-05 17:14,Be,פארם,87.08,ILS,87.08,רגילה,0
user_008,2024-12-06 18:20,דלק,דלק,175.48,ILS,175.48,רגילה,0
user_019,2024-12-23 11:40,מחסני חשמל,חשמל,10.0,ILS,10.0,רגילה,0
user_003,2024-02-08 11:49,ספוטיפיי,פנאי,35.07,ILS,35.07,רגילה,0
user_045,2024-03-17 17:14,דלק,דלק,229.49,ILS,229.49,רגילה,0
user_010,2024-11-27 19:03,רכבת ישראל,תחבורה,54.78,ILS,54.78,רגילה,0
user_043,2024-07-18 19:05,H&M,אופנה,389.78,ILS,389.78,רגילה,0
user_003,2024-10-03 16:29,קפה גרג,מסעדות,112.47,ILS,112.47,רגילה,0
user_039,2024-01-19 15:49,Be,פארם,50.98,ILS,50.98,רגילה,0
user_023,2024-01-23 11:46,Udemy,חינוך,263.91,ILS,263.91,רגילה,0
user_001,2024-06-08 14:16,אוניברסיטה,חינוך,50.21,GBP,235.99,"עסקת חו""ל",0
user_043,2024-10-11 13:00,טיב טעם,סופרמרקט,336.29,ILS,336.29,רגילה,0
user_006,2024-10-11 14:14,רכבת ישראל,תחבורה,54.29,ILS,54.29,רגילה,0
user_029,2024-11-15 13:06,KSP,חשמל,1118.34,ILS,1118.34,רגילה,0
user_025,2024-08-24 20:51,פז,דלק,256.65,ILS,256.65,רגילה,0
user_007,2024-11-10 09:11,Be,פארם,135.16,ILS,135.16,רגילה,0
user_048,2024-11-24 09:56,דומינוס,מסעדות,126.3,ILS,126.3,רגילה,0
user_003,2024-04-21 18:49,ספוטיפיי,פנאי,10.0,ILS,10.0,רגילה,0
user_039,2024-03-20 14:26,מחסני חשמל,חשמל,801.52,ILS,801.52,רגילה,0
user_027,2024-07-21 08:16,Be,פארם,139.16,ILS,139.16,רגילה,0
user_009,2024-08-23 20:52,זארה,אופנה,127.54,ILS,127.54,רגילה,0
user_017,2024-05-08 15:30,Udemy,חינוך,217.56,ILS,217.56,רגילה,0
user_024,2024-05-28 22:58,רכבת ישראל,תחבורה,12.77,GBP,60.02,"עסקת חו""ל",0
user_045,2024-08-17 15:02,פז,דלק,54.92,USD,203.2,"עסקת חו""ל",0
user_015,2024-08-28 20:20,ויקטורי,סופרמרקט,550.75,ILS,550.75,רגילה,0
user_004,2024-04-01 21:13,Udemy,חינוך,137.49,ILS,137.49,רגילה,0
user_050,2024-11-04 20:15,Be,פארם,56.71,ILS,56.71,תשלומים,0
user_002,2024-03-13 16:12,Be,פארם,81.29,ILS,81.29,רגילה,0
user_030,2024-11-12 17:44,חברת חשמל,אחר,247.16,ILS,247.16,הוראת קבע,0
user_009,2024-11-09 11:33,גולדה,מסעדות,167.69,ILS,167.69,רגילה,0
user_012,2024-09-05 11:45,KSP,חשמל,915.29,ILS,915.29,רגילה,0
user_016,2024-03-22 08:24,מחסני חשמל,חשמל,406.1,USD,1502.57,"עסקת חו""ל",0
user_013,2024-10-28 09:28,יס פלאנט,פנאי,86.55,ILS,86.55,רגילה,0
user_049,2024-07-01 02:07,סופר-פארם,פארם,1700.77,ILS,1700.77,רגילה,1
user_049,2024-09-14 18:48,דלק,דלק,188.23,ILS,188.23,רגילה,0
user_022,2024-06-04 14:28,מקדונלד'ס,מסעדות,117.54,ILS,117.54,תשלומים,0
user_032,2024-01-02 16:43,נטפליקס,פנאי,52.55,ILS,52.55,הוראת קבע,0
user_038,2024-06-01 16:14,עירייה,אחר,152.92,ILS,152.92,רגילה,0
user_048,2024-10-05 20:43,רב-קו,תחבורה,19.64,USD,72.67,"עסקת חו""ל",0
user_013,2024-10-12 11:25,רכבת ישראל,תחבורה,53.0,ILS,53.0,רגילה,0
user_032,2024-09-15 10:16,דלק,דלק,191.29,ILS,191.29,רגילה,0
user_021,2024-10-07 20:07,Be,פארם,80.98,ILS,80.98,רגילה,0
user_007,2024-11-10 14:18,Gett,תחבורה,50.84,ILS,50.84,רגילה,0
user_005,2024-06-10 08:19,ביטוח,אחר,243.77,ILS,243.77,רגילה,0
user_046,2024-09-02 08:14,טיב טעם,סופרמרקט,271.4,ILS,271.4,רגילה,0
user_038,2024-06-28 14:47,אוניברסיטה,חינוך,218.21,ILS,218.21,תשלומים,0
user_010,2024-03-25 15:27,ספוטיפיי,פנאי,18.1,GBP,85.07,"עסקת חו""ל",0
user_031,2024-06-17 14:31,אוניברסיטה,חינוך,266.19,ILS,266.19,רגילה,0
user_034,2024-12-23 13:42,גולדה,מסעדות,165.96,ILS,165.96,רגילה,0
user_038,2024-04-25 20:49,דומינוס,מסעדות,186.76,ILS,186.76,רגילה,0
user_034,2024-01-26 21:52,אוניברסיטה,חינוך,174.26,ILS,174.26,רגילה,0
user_023,2024-11-23 04:57,KSP,חשמל,7727.8,ILS,7727.8,רגילה,1
user_016,2024-07-15 11:31,סופר-פארם,פארם,58.08,ILS,58.08,רגילה,0
user_004,2024-04-07 15:36,H&M,אופנה,495.87,ILS,495.87,רגילה,0
user_037,2024-12-11 11:30,רכבת ישראל,תחבורה,98.15,ILS,98.15,הוראת קבע,0
user_042,2024-10-11 15:05,ספוטיפיי,פנאי,54.27,ILS,54.27,הוראת קבע,0
user_001,2024-12-21 21:10,סופר-פארם,פארם,94.43,ILS,94.43,רגילה,0
user_017,2024-05-14 00:07,פוקס,אופנה,2063.68,ILS,2063.68,רגילה,1
user_040,2024-09-07 11:42,מחסני חשמל,חשמל,883.77,ILS,883.77,רגילה,0
user_004,2024-03-20 10:09,אוניברסיטה,חינוך,351.63,ILS,351.63,רגילה,0
user_036,2024-04-14 11:56,עירייה,אחר,278.89,ILS,278.89,רגילה,0
user_005,2024-09-13 17:31,ספוטיפיי,פנאי,61.96,ILS,61.96,הוראת קבע,0
user_042,2024-12-24 00:14,H&M,אופנה,2535.88,ILS,2535.88,רגילה,1
user_028,2024-08-10 21:12,פז,דלק,274.57,ILS,274.57,רגילה,0
user_050,2024-10-19 18:39,Be,פארם,209.43,ILS,209.43,רגילה,0
user_007,2024-07-15 22:51,נטפליקס,פנאי,65.6,ILS,65.6,רגילה,0
user_006,2024-11-10 13:37,גולדה,מסעדות,102.76,ILS,102.76,תשלומים,0
user_046,2024-12-13 21:57,גולדה,מסעדות,214.33,ILS,214.33,רגילה,0
user_047,2024-12-15 20:17,קסטרו,אופנה,489.57,ILS,489.57,רגילה,0
user_026,2024-11-11 17:50,דלק,דלק,181.52,ILS,181.52,רגילה,0
user_007,2024-06-28 16:22,קפה גרג,מסעדות,112.22,ILS,112.22,רגילה,0
user_046,2024-11-11 19:39,קסטרו,אופנה,438.83,ILS,438.83,רגילה,0
user_045,2024-09-06 09:49,פוקס,אופנה,249.19,ILS,249.19,תשלומים,0
user_050,2024-01-24 19:14,קסטרו,אופנה,472.85,ILS,472.85,הוראת קבע,0
user_046,2024-06-17 15:57,מחסני חשמל,חשמל,799.97,ILS,799.97,רגילה,0
user_014,2024-10-14 09:35,דומינוס,מסעדות,170.41,ILS,170.41,רגילה,0
user_028,2024-03-02 20:56,Udemy,חינוך,294.36,ILS,294.36,רגילה,0
user_040,2024-07-11 08:42,ביטוח,אחר,69.03,ILS,69.03,רגילה,0
user_023,2024-11-24 14:40,מקדונלד'ס,מסעדות,111.07,ILS,111.07,תשלומים,0
user_046,2024-11-19 20:55,עירייה,אחר,97.79,ILS,97.79,הוראת קבע,0
user_022,2024-07-13 02:38,סונול,דלק,510.35,GBP,2398.64,"עסקת חו""ל",1
user_010,2024-09-10 20:05,Udemy,חינוך,212.15,ILS,212.15,רגילה,0
user_001,2024-09-07 12:33,אוניברסיטה,חינוך,273.22,ILS,273.22,הוראת קבע,0
user_027,2024-06-24 13:10,אייבורי,חשמל,648.17,ILS,648.17,רגילה,0
user_045,2024-05-02 18:12,חברת חשמל,אחר,94.2,EUR,376.8,"עסקת חו""ל",0
user_004,2024-05-16 14:20,רכבת ישראל,תחבורה,12.76,ILS,12.76,רגילה,0
user_046,2024-02-07 15:18,רמי לוי,סופרמרקט,310.2,ILS,310.2,תשלומים,0
user_046,2024-04-02 22:58,Gett,תחבורה,54.69,ILS,54.69,תשלומים,0
user_036,2024-04-22 13:51,נטפליקס,פנאי,29.41,ILS,29.41,הוראת קבע,0
user_039,2024-11-08 03:00,רב-קו,תחבורה,508.81,ILS,508.81,רגילה,1
user_046,2024-07-27 04:57,סונול,דלק,1310.63,ILS,1310.63,רגילה,1
user_026,2024-11-04 11:58,מקדונלד'ס,מסעדות,200.72,ILS,200.72,תשלומים,0
user_007,2024-08-14 15:34,זארה,אופנה,113.8,ILS,113.8,תשלומים,0
user_042,2024-06-25 18:39,Be,פארם,158.88,ILS,158.88,רגילה,0
user_009,2024-06-25 18:17,זארה,אופנה,2.7,USD,9.99,"עסקת חו""ל",0
user_020,2024-01-18 16:00,פז,דלק,167.01,ILS,167.01,הוראת קבע,0
user_048,2024-05-11 22:50,מחסני חשמל,חשמל,1423.75,ILS,1423.75,רגילה,0
user_009,2024-07-11 11:48,מקדונלד'ס,מסעדות,42.44,EUR,169.76,"עסקת חו""ל",0
user_044,2024-08-02 21:05,עירייה,אחר,445.95,ILS,445.95,תשלומים,0
user_023,2024-03-11 15:38,מחסני חשמל,חשמל,813.33,ILS,813.33,תשלומים,0
user_015,2024-05-05 09:27,דלק,דלק,204.22,ILS,204.22,רגילה,0
user_044,2024-01-02 08:57,דלק,דלק,180.5,ILS,180.5,רגילה,0
user_007,2024-08-23 19:32,חברת חשמל,אחר,191.05,ILS,191.05,רגילה,0
user_031,2024-12-21 14:56,Be,פארם,136.18,ILS,136.18,רגילה,0
user_041,2024-11-28 17:18,סונול,דלק,198.52,ILS,198.52,רגילה,0
user_036,2024-08-10 14:34,אוניברסיטה,חינוך,375.7,ILS,375.7,רגילה,0
user_015,2024-01-21 14:56,שופרסל,סופרמרקט,488.52,ILS,488.52,רגילה,0
user_018,2024-02-27 12:23,ביטוח,אחר,88.08,ILS,88.08,רגילה,0
user_035,2024-09-24 15:52,דלק,דלק,84.23,ILS,84.23,רגילה,0
user_017,2024-06-03 14:00,שופרסל,סופרמרקט,236.34,ILS,236.34,רגילה,0
user_019,2024-07-11 04:49,Gett,תחבורה,459.18,ILS,459.18,רגילה,1
user_032,2024-05-24 22:52,ספוטיפיי,פנאי,15.01,GBP,70.55,"עסקת חו""ל",0
user_021,2024-08-04 10:49,רכבת ישראל,תחבורה,40.01,ILS,40.01,רגילה,0
user_021,2024-10-16 09:40,עירייה,אחר,186.49,ILS,186.49,רגילה,0
user_030,2024-10-05 19:36,רמי לוי,סופרמרקט,67.41,USD,249.42,"עסקת חו""ל",0
user_017,2024-03-14 12:20,קפה גרג,מסעדות,54.6,ILS,54.6,רגילה,0
user_002,2024-01-28 17:34,ויקטורי,סופרמרקט,183.01,ILS,183.01,רגילה,0
user_049,2024-11-15 18:31,יס פלאנט,פנאי,90.2,ILS,90.2,רגילה,0
user_046,2024-01-23 21:11,Gett,תחבורה,6.09,GBP,28.62,"עסקת חו""ל",0
user_013,2024-05-03 21:18,מקדונלד'ס,מסעדות,99.84,ILS,99.84,תשלומים,0
user_028,2024-06-03 09:50,רב-קו,תחבורה,69.01,ILS,69.01,רגילה,0
user_007,2024-04-14 13:38,עירייה,אחר,318.19,ILS,318.19,רגילה,0
user_050,2024-03-13 09:41,Udemy,חינוך,61.7,USD,228.29,"עסקת חו""ל",0
user_013,2024-10-24 08:23,ספוטיפיי,פנאי,22.17,USD,82.03,"עסקת חו""ל",0
user_040,2024-10-10 17:35,מחסני חשמל,חשמל,318.1,EUR,1272.4,"עסקת חו""ל",0
user_017,2024-05-20 14:04,רכבת ישראל,תחבורה,27.75,ILS,27.75,רגילה,0
user_007,2024-05-17 08:34,טיב טעם,סופרמרקט,174.07,ILS,174.07,רגילה,0
user_004,2024-04-22 08:40,KSP,חשמל,1526.46,ILS,1526.46,רגילה,0
user_008,2024-05-13 20:30,דלק,דלק,131.67,ILS,131.67,רגילה,0
user_050,2024-12-21 16:21,חברת חשמל,אחר,150.99,ILS,150.99,רגילה,0
user_045,2024-09-07 05:08,KSP,חשמל,7266.75,ILS,7266.75,רגילה,1
user_029,2024-07-26 18:06,רמי לוי,סופרמרקט,424.29,ILS,424.29,תשלומים,0
user_030,2024-12-26 05:26,יס פלאנט,פנאי,667.24,ILS,667.24,רגילה,1
user_027,2024-02-23 08:05,חברת חשמל,אחר,299.99,ILS,299.99,רגילה,0
user_011,2024-04-22 12:01,שופרסל,סופרמרקט,184.68,ILS,184.68,רגילה,0
user_038,2024-12-19 18:56,Be,פארם,142.85,ILS,142.85,רגילה,0
user_025,2024-10-15 22:17,מחסני חשמל,חשמל,160.03,ILS,160.03,רגילה,0
user_003,2024-02-15 19:19,ספוטיפיי,פנאי,66.23,ILS,66.23,רגילה,0
user_014,2024-09-08 09:56,פוקס,אופנה,517.69,ILS,517.69,רגילה,0
user_010,2024-10-01 12:14,קפה גרג,מסעדות,165.83,ILS,165.83,רגילה,0
user_035,2024-12-15 18:07,טיב טעם,סופרמרקט,137.3,EUR,549.2,"עסקת חו""ל",0
user_012,2024-09-03 20:52,Be,פארם,110.76,ILS,110.76,תשלומים,0
user_045,2024-05-17 10:57,רכבת ישראל,תחבורה,42.98,ILS,42.98,רגילה,0
user_019,2024-05-21 16:59,סופר-פארם,פארם,55.74,ILS,55.74,רגילה,0
user_046,2024-10-25 12:05,עירייה,אחר,278.03,ILS,278.03,רגילה,0
user_005,2024-08-11 14:35,רמי לוי,סופרמרקט,376.8,ILS,376.8,תשלומים,0
user_043,2024-10-17 11:00,רכבת ישראל,תחבורה,52.45,ILS,52.45,רגילה,0
user_042,2024-12-19 13:59,דלק,דלק,229.21,ILS,229.21,רגילה,0
user_006,2024-11-06 11:28,חברת חשמל,אחר,154.94,ILS,154.94,רגילה,0
user_013,2024-10-28 09:56,עירייה,אחר,65.95,ILS,65.95,רגילה,0
user_050,2024-06-09 09:49,ויקטורי,סופרמרקט,294.15,ILS,294.15,רגילה,0
user_036,2024-02-27 09:46,דומינוס,מסעדות,128.95,ILS,128.95,רגילה,0
user_029,2024-12-26 09:06,רכבת ישראל,תחבורה,45.19,ILS,45.19,הוראת קבע,0
user_005,2024-03-04 13:33,אוניברסיטה,חינוך,23.15,ILS,23.15,תשלומים,0
user_032,2024-12-21 11:23,אייבורי,חשמל,1179.42,ILS,1179.42,רגילה,0
user_036,2024-04-11 14:12,קפה גרג,מסעדות,106.42,ILS,106.42,רגילה,0
user_020,2024-01-28 19:55,סונול,דלק,188.34,ILS,188.34,רגילה,0
user_038,2024-01-13 08:24,KSP,חשמל,1700.7,ILS,1700.7,הוראת קבע,0
user_001,2024-12-15 12:28,רכבת ישראל,תחבורה,39.18,ILS,39.18,רגילה,0
user_036,2024-06-25 14:46,H&M,אופנה,124.15,ILS,124.15,רגילה,0
user_012,2024-10-18 15:19,מקדונלד'ס,מסעדות,135.3,ILS,135.3,רגילה,0
user_002,2024-05-15 10:36,אוניברסיטה,חינוך,266.35,ILS,266.35,רגילה,0
user_023,2024-05-24 09:20,Be,פארם,171.03,ILS,171.03,רגילה,0
user_037,2024-07-02 19:44,דלק,דלק,252.05,ILS,252.05,הוראת קבע,0
user_016,2024-04-08 08:05,Udemy,חינוך,23.79,GBP,111.81,"עסקת חו""ל",0
user_013,2024-08-26 18:31,רמי לוי,סופרמרקט,117.36,USD,434.23,"עסקת חו""ל",0
user_013,2024-07-23 16:01,רכבת ישראל,תחבורה,26.46,ILS,26.46,הוראת קבע,0
user_006,2024-08-13 01:43,מחסני חשמל,חשמל,7768.2,ILS,7768.2,רגילה,1
user_025,2024-11-13 13:16,KSP,חשמל,33.29,EUR,133.16,"עסקת חו""ל",0
user_004,2024-10-16 16:36,קפה גרג,מסעדות,100.66,ILS,100.66,רגילה,0
user_012,2024-08-04 03:57,נטפליקס,פנאי,633.26,ILS,633.26,רגילה,1
user_040,2024-02-07 18:46,שופרסל,סופרמרקט,239.57,ILS,239.57,רגילה,0
user_047,2024-02-19 09:26,מקדונלד'ס,מסעדות,46.56,USD,172.27,"עסקת חו""ל",0
user_040,2024-04-07 22:11,חברת חשמל,אחר,141.08,ILS,141.08,רגילה,0
user_024,2024-02-06 15:46,שופרסל,סופרמרקט,244.13,ILS,244.13,רגילה,0
user_022,2024-09-24 17:19,ביטוח,אחר,196.6,ILS,196.6,רגילה,0
user_025,2024-04-07 16:19,רב-קו,תחבורה,83.93,ILS,83.93,רגילה,0
user_014,2024-10-14 13:29,Udemy,חינוך,206.82,ILS,206.82,רגילה,0
user_019,2024-10-22 19:03,Udemy,חינוך,192.3,ILS,192.3,תשלומים,0
user_013,2024-06-16 18:25,רכבת ישראל,תחבורה,51.59,ILS,51.59,רגילה,0
user_009,2024-08-16 11:19,אוניברסיטה,חינוך,223.72,ILS,223.72,רגילה,0
user_026,2024-05-17 15:30,ביטוח,אחר,219.42,ILS,219.42,הוראת קבע,0
user_028,2024-03-11 16:57,גולדה,מסעדות,47.32,ILS,47.32,רגילה,0
user_042,2024-02-03 08:01,רב-קו,תחבורה,12.31,EUR,49.24,"עסקת חו""ל",0
user_024,2024-06-22 21:36,פוקס,אופנה,10.0,ILS,10.0,רגילה,0
user_002,2024-12-17 21:44,מקדונלד'ס,מסעדות,202.19,ILS,202.19,רגילה,0
user_015,2024-10-25 15:41,טיב טעם,סופרמרקט,383.31,ILS,383.31,הוראת קבע,0
user_024,2024-07-28 21:44,אייבורי,חשמל,829.22,ILS,829.22,רגילה,0
user_024,2024-04-23 11:03,קסטרו,אופנה,10.0,ILS,10.0,רגילה,0
user_025,2024-12-04 17:30,דומינוס,מסעדות,49.43,ILS,49.43,רגילה,0
user_043,2024-03-18 04:35,Udemy,חינוך,1254.9,ILS,1254.9,רגילה,1
user_009,2024-02-25 10:57,סופר-פארם,פארם,57.59,ILS,57.59,רגילה,0
user_021,2024-03-25 08:00,מחסני חשמל,חשמל,644.05,ILS,644.05,רגילה,0
user_023,2024-05-28 20:31,מחסני חשמל,חשמל,885.0,ILS,885.0,רגילה,0
user_026,2024-01-20 10:16,פז,דלק,153.31,ILS,153.31,רגילה,0
user_027,2024-02-05 16:33,אוניברסיטה,חינוך,293.74,ILS,293.74,רגילה,0
user_025,2024-08-18 15:38,פז,דלק,225.52,ILS,225.52,רגילה,0
user_050,2024-05-06 20:04,KSP,חשמל,1613.07,ILS,1613.07,רגילה,0
user_045,2024-04-05 13:05,אייבורי,חשמל,309.18,EUR,1236.72,"עסקת חו""ל",0
user_034,2024-05-19 18:11,אוניברסיטה,חינוך,172.94,ILS,172.94,רגילה,0
user_021,2024-05-20 19:40,קסטרו,אופנה,215.08,ILS,215.08,רגילה,0
user_013,2024-05-18 18:33,רכבת ישראל,תחבורה,69.02,ILS,69.02,תשלומים,0
user_032,2024-06-06 19:14,סופר-פארם,פארם,237.55,ILS,237.55,רגילה,0
user_028,2024-04-15 14:44,ויקטורי,סופרמרקט,582.37,ILS,582.37,רגילה,0
user_027,2024-05-01 17:24,Udemy,חינוך,33.91,EUR,135.64,"עסקת חו""ל",0
user_018,2024-05-23 15:29,אייבורי,חשמל,139.6,ILS,139.6,רגילה,0
user_041,2024-12-12 16:30,מחסני חשמל,חשמל,1514.02,ILS,1514.02,רגילה,0
user_024,2024-06-06 11:12,ספוטיפיי,פנאי,71.16,ILS,71.16,רגילה,0
user_021,2024-08-10 14:33,רב-קו,תחבורה,44.79,ILS,44.79,רגילה,0
user_016,2024-10-20 14:59,Udemy,חינוך,34.66,ILS,34.66,תשלומים,0
user_017,2024-06-22 13:42,סופר-פארם,פארם,191.68,ILS,191.68,רגילה,0
user_035,2024-03-12 20:01,פז,דלק,187.84,ILS,187.84,רגילה,0
user_006,2024-10-19 14:27,דומינוס,מסעדות,151.57,ILS,151.57,רגילה,0
user_041,2024-02-25 16:47,רמי לוי,סופרמרקט,316.89,ILS,316.89,תשלומים,0
user_014,2024-04-12 11:54,רכבת ישראל,תחבורה,43.08,ILS,43.08,רגילה,0
user_024,2024-10-07 14:21,אייבורי,חשמל,1675.23,ILS,1675.23,רגילה,0
user_010,2024-08-28 10:32,קפה גרג,מסעדות,18.33,USD,67.82,"עסקת חו""ל",0
user_008,2024-05-05 08:44,סונול,דלק,135.21,ILS,135.21,תשלומים,0
user_014,2024-08-05 19:14,קסטרו,אופנה,328.72,ILS,328.72,רגילה,0
user_047,2024-07-21 03:25,רכבת ישראל,תחבורה,706.55,ILS,706.55,רגילה,1
user_015,2024-02-16 17:43,שופרסל,סופרמרקט,417.29,ILS,417.29,הוראת קבע,0
user_009,2024-04-14 10:35,סונול,דלק,220.23,ILS,220.23,רגילה,0
user_050,2024-05-08 16:40,נטפליקס,פנאי,70.75,ILS,70.75,תשלומים,0
user_008,2024-02-26 14:29,דלק,דלק,160.07,ILS,160.07,רגילה,0
user_033,2024-06-20 12:16,נטפליקס,פנאי,72.43,ILS,72.43,רגילה,0
user_037,2024-04-10 12:16,יס פלאנט,פנאי,25.67,ILS,25.67,רגילה,0
user_043,2024-04-03 10:31,אוניברסיטה,חינוך,101.03,ILS,101.03,תשלומים,0
user_043,2024-06-19 11:07,מקדונלד'ס,מסעדות,149.22,ILS,149.22,רגילה,0
user_044,2024-12-25 08:05,מחסני חשמל,חשמל,1178.26,ILS,1178.26,רגילה,0
user_012,2024-03-10 08:28,אייבורי,חשמל,1128.88,ILS,1128.88,רגילה,0
user_039,2024-01-14 00:30,Gett,תחבורה,655.27,ILS,655.27,הוראת קבע,1
user_031,2024-11-10 10:56,Udemy,חינוך,182.51,ILS,182.51,רגילה,0
user_030,2024-11-20 21:36,סונול,דלק,34.31,USD,126.95,"עסקת חו""ל",0
user_017,2024-05-14 13:34,פוקס,אופנה,127.56,USD,471.97,"עסקת חו""ל",0
user_036,2024-10-23 14:43,נטפליקס,פנאי,71.88,ILS,71.88,רגילה,0
user_032,2024-07-17 13:08,Be,פארם,25.41,ILS,25.41,רגילה,0
user_002,2024-12-25 16:35,Udemy,חינוך,140.41,ILS,140.41,רגילה,0
user_025,2024-06-04 18:00,פוקס,אופנה,169.19,ILS,169.19,רגילה,0
user_047,2024-02-23 22:11,רמי לוי,סופרמרקט,356.83,ILS,356.83,רגילה,0
user_018,2024-10-10 13:15,רב-קו,תחבורה,64.7,ILS,64.7,רגילה,0
user_047,2024-11-23 12:15,אייבורי,חשמל,10.0,ILS,10.0,רגילה,0
user_042,2024-01-16 13:08,חברת חשמל,אחר,327.1,ILS,327.1,רגילה,0
user_034,2024-02-10 08:29,ביטוח,אחר,213.59,ILS,213.59,רגילה,0
user_024,2024-07-11 01:18,רב-קו,תחבורה,518.44,ILS,518.44,רגילה,1
user_033,2024-10-13 11:32,זארה,אופנה,281.29,ILS,281.29,רגילה,0
user_047,2024-03-16 14:28,דומינוס,מסעדות,94.79,ILS,94.79,רגילה,0
user_040,2024-12-27 17:21,עירייה,אחר,22.95,ILS,22.95,רגילה,0
user_047,2024-11-09 13:20,Udemy,חינוך,176.93,ILS,176.93,רגילה,0
user_006,2024-10-21 09:41,KSP,חשמל,855.16,ILS,855.16,תשלומים,0
user_017,2024-02-08 17:44,מחסני חשמל,חשמל,1249.15,ILS,1249.15,רגילה,0
user_020,2024-12-04 16:55,H&M,אופנה,405.48,ILS,405.48,רגילה,0
user_005,2024-04-28 13:59,אוניברסיטה,חינוך,292.97,ILS,292.97,רגילה,0
user_042,2024-02-18 14:42,נטפליקס,פנאי,70.92,ILS,70.92,תשלומים,0
user_015,2024-02-12 18:19,נטפליקס,פנאי,62.48,ILS,62.48,רגילה,0
user_017,2024-07-04 18:46,סופר-פארם,פארם,164.73,ILS,164.73,רגילה,0
user_026,2024-09-24 16:00,שופרסל,סופרמרקט,463.98,ILS,463.98,הוראת קבע,0
user_005,2024-01-11 20:34,ספוטיפיי,פנאי,59.7,ILS,59.7,הוראת קבע,0
user_039,2024-02-05 18:09,רמי לוי,סופרמרקט,578.31,ILS,578.31,תשלומים,0
user_021,2024-09-08 12:01,טיב טעם,סופרמרקט,335.21,ILS,335.21,רגילה,0
user_023,2024-01-14 08:41,דומינוס,מסעדות,147.51,ILS,147.51,רגילה,0
user_019,2024-01-26 02:33,קסטרו,אופנה,2268.79,ILS,2268.79,תשלומים,1
user_013,2024-11-03 14:45,סופר-פארם,פארם,167.93,ILS,167.93,רגילה,0
user_038,2024-02-02 15:48,רב-קו,תחבורה,41.24,ILS,41.24,רגילה,0
user_011,2024-08-27 17:27,דלק,דלק,279.15,ILS,279.15,רגילה,0
user_027,2024-10-17 13:00,יס פלאנט,פנאי,51.07,ILS,51.07,תשלומים,0
user_002,2024-03-06 19:17,Udemy,חינוך,84.62,ILS,84.62,רגילה,0
user_049,2024-12-17 13:41,Udemy,חינוך,275.81,ILS,275.81,הוראת קבע,0
user_043,2024-05-10 08:13,פז,דלק,242.35,ILS,242.35,רגילה,0
user_049,2024-08-13 18:12,דומינוס,מסעדות,10.0,ILS,10.0,רגילה,0
user_040,2024-10-06 22:00,נטפליקס,פנאי,77.84,ILS,77.84,תשלומים,0
user_033,2024-04-01 20:29,קפה גרג,מסעדות,134.09,ILS,134.09,תשלומים,0
user_004,2024-06-24 17:40,אייבורי,חשמל,1160.53,ILS,1160.53,רגילה,0
user_032,2024-02-19 17:28,Udemy,חינוך,113.08,ILS,113.08,רגילה,0
user_014,2024-05-22 14:09,H&M,אופנה,334.34,ILS,334.34,תשלומים,0
user_015,2024-10-09 09:50,אוניברסיטה,חינוך,39.76,GBP,186.87,"עסקת חו""ל",0
user_015,2024-07-20 18:35,סופר-פארם,פארם,46.5,ILS,46.5,רגילה,0
user_043,2024-06-17 13:09,אייבורי,חשמל,395.9,ILS,395.9,רגילה,0
user_039,2024-02-26 14:50,נטפליקס,פנאי,98.93,ILS,98.93,רגילה,0
user_026,2024-11-13 11:15,דומינוס,מסעדות,192.03,ILS,192.03,רגילה,0
user_037,2024-06-28 14:55,עירייה,אחר,175.03,ILS,175.03,רגילה,0
user_033,2024-08-13 16:00,קסטרו,אופנה,151.74,ILS,151.74,תשלומים,0
user_045,2024-03-12 15:45,נטפליקס,פנאי,76.37,ILS,76.37,רגילה,0
user_009,2024-09-09 12:23,Be,פארם,160.29,ILS,160.29,רגילה,0
user_030,2024-06-11 04:15,אייבורי,חשמל,11933.79,ILS,11933.79,רגילה,1
user_029,2024-07-09 14:02,Be,פארם,240.46,ILS,240.46,רגילה,0
user_038,2024-04-20 13:25,ויקטורי,סופרמרקט,373.5,ILS,373.5,רגילה,0
user_004,2024-07-07 12:51,רב-קו,תחבורה,71.88,ILS,71.88,הוראת קבע,0
user_015,2024-02-23 11:14,נטפליקס,פנאי,57.89,ILS,57.89,תשלומים,0
user_042,2024-01-27 12:00,סונול,דלק,241.9,ILS,241.9,תשלומים,0
user_044,2024-12-03 09:46,פז,דלק,229.29,ILS,229.29,רגילה,0
user_038,2024-05-09 20:46,גולדה,מסעדות,92.08,ILS,92.08,רגילה,0
user_029,2024-12-26 16:40,זארה,אופנה,169.47,ILS,169.47,רגילה,0
user_047,2024-03-15 18:08,רמי לוי,סופרמרקט,110.43,USD,408.59,"עסקת חו""ל",0
user_039,2024-09-04 13:02,Be,פארם,178.34,ILS,178.34,רגילה,0
user_046,2024-07-15 21:05,טיב טעם,סופרמרקט,286.86,ILS,286.86,הוראת קבע,0
user_008,2024-06-09 08:32,Udemy,חינוך,514.01,ILS,514.01,רגילה,0
user_019,2024-02-25 13:04,סופר-פארם,פארם,115.95,ILS,115.95,רגילה,0
user_049,2024-02-24 12:58,פז,דלק,176.52,ILS,176.52,רגילה,0
user_003,2024-04-20 12:09,ביטוח,אחר,42.26,ILS,42.26,רגילה,0
user_038,2024-01-13 21:32,מקדונלד'ס,מסעדות,89.89,ILS,89.89,רגילה,0
user_048,2024-01-18 19:02,אייבורי,חשמל,672.88,ILS,672.88,רגילה,0
user_004,2024-06-15 15:14,KSP,חשמל,249.16,ILS,249.16,רגילה,0
user_004,2024-08-23 10:14,זארה,אופנה,304.54,ILS,304.54,רגילה,0
user_036,2024-03-08 13:33,יס פלאנט,פנאי,55.5,ILS,55.5,תשלומים,0
user_049,2024-12-28 18:12,חברת חשמל,אחר,70.0,EUR,280.0,"עסקת חו""ל",0
user_025,2024-03-08 15:17,דומינוס,מסעדות,82.82,ILS,82.82,רגילה,0
user_050,2024-02-15 09:41,דומינוס,מסעדות,171.29,ILS,171.29,רגילה,0
user_002,2024-08-03 21:54,טיב טעם,סופרמרקט,166.18,ILS,166.18,רגילה,0
user_046,2024-03-06 09:47,KSP,חשמל,905.08,ILS,905.08,רגילה,0
user_023,2024-03-11 19:01,עירייה,אחר,138.14,ILS,138.14,רגילה,0
user_042,2024-06-10 20:22,דלק,דלק,225.99,ILS,225.99,רגילה,0
user_042,2024-11-03 01:27,Be,פארם,1759.5,ILS,1759.5,תשלומים,1
user_047,2024-06-19 13:51,פז,דלק,183.36,ILS,183.36,רגילה,0
user_017,2024-02-24 10:27,סופר-פארם,פארם,167.36,ILS,167.36,רגילה,0
user_011,2024-02-09 11:36,חברת חשמל,אחר,245.49,ILS,245.49,תשלומים,0
user_045,2024-04-20 01:20,Udemy,חינוך,2739.08,ILS,2739.08,רגילה,1
user_011,2024-01-21 09:04,Be,פארם,103.57,ILS,103.57,רגילה,0
user_039,2024-02-10 21:12,רב-קו,תחבורה,18.74,ILS,18.74,רגילה,0
user_034,2024-11-13 08:21,עירייה,אחר,269.69,ILS,269.69,תשלומים,0
user_011,2024-10-14 13:29,רכבת ישראל,תחבורה,31.6,ILS,31.6,תשלומים,0
user_041,2024-04-09 19:19,חברת חשמל,אחר,240.61,ILS,240.61,תשלומים,0
user_048,2024-08-25 12:55,אייבורי,חשמל,866.38,ILS,866.38,רגילה,0
user_012,2024-10-26 17:42,דלק,דלק,158.39,ILS,158.39,רגילה,0
user_040,2024-06-17 14:37,דומינוס,מסעדות,118.05,ILS,118.05,רגילה,0
user_015,2024-03-19 19:23,עירייה,אחר,172.98,ILS,172.98,רגילה,0
user_049,2024-12-07 20:02,KSP,חשמל,939.53,ILS,939.53,הוראת קבע,0
user_045,2024-09-14 15:43,יס פלאנט,פנאי,73.12,ILS,73.12,רגילה,0
user_022,2024-01-19 12:00,נטפליקס,פנאי,48.77,ILS,48.77,רגילה,0
user_024,2024-10-09 15:51,Udemy,חינוך,207.09,ILS,207.09,רגילה,0
user_031,2024-07-27 14:27,קפה גרג,מסעדות,66.35,ILS,66.35,רגילה,0
user_026,2024-08-07 14:31,עירייה,אחר,90.79,ILS,90.79,רגילה,0
user_010,2024-12-13 13:33,רמי לוי,סופרמרקט,351.48,ILS,351.48,רגילה,0
user_026,2024-12-27 14:35,דלק,דלק,260.38,ILS,260.38,רגילה,0
user_019,2024-04-19 22:56,פז,דלק,192.03,ILS,192.03,רגילה,0
user_032,2024-12-16 08:30,מחסני חשמל,חשמל,471.55,ILS,471.55,רגילה,0
user_005,2024-05-22 18:03,מחסני חשמל,חשמל,645.34,ILS,645.34,רגילה,0
user_041,2024-07-27 13:43,שופרסל,סופרמרקט,211.0,ILS,211.0,רגילה,0
user_020,2024-08-15 10:54,KSP,חשמל,366.63,ILS,366.63,רגילה,0
user_017,2024-08-02 19:41,זארה,אופנה,236.77,ILS,236.77,רגילה,0
user_028,2024-11-19 05:35,גולדה,מסעדות,1680.9,ILS,1680.9,תשלומים,1
user_016,2024-06-06 15:08,פז,דלק,59.18,EUR,236.72,"עסקת חו""ל",0
user_026,2024-02-11 13:13,סונול,דלק,27.94,GBP,131.32,"עסקת חו""ל",0
user_037,2024-11-13 18:47,קסטרו,אופנה,248.16,ILS,248.16,רגילה,0
user_029,2024-07-24 21:00,נטפליקס,פנאי,69.71,ILS,69.71,רגילה,0
user_027,2024-05-18 19:30,מקדונלד'ס,מסעדות,40.78,ILS,40.78,רגילה,0
user_001,2024-12-07 13:23,אייבורי,חשמל,1293.51,ILS,1293.51,רגילה,0
user_018,2024-04-22 09:50,שופרסל,סופרמרקט,66.94,EUR,267.76,"עסקת חו""ל",0
user_041,2024-12-25 12:00,מחסני חשמל,חשמל,1672.16,ILS,1672.16,רגילה,0
user_011,2024-07-16 17:17,דומינוס,מסעדות,76.47,ILS,76.47,רגילה,0
user_014,2024-04-07 09:26,מחסני חשמל,חשמל,1076.39,ILS,1076.39,רגילה,0
user_045,2024-03-23 10:41,סונול,דלק,305.32,ILS,305.32,רגילה,0
user_026,2024-05-10 16:54,יס פלאנט,פנאי,80.86,ILS,80.86,רגילה,0
user_008,2024-11-09 20:12,אוניברסיטה,חינוך,254.77,ILS,254.77,רגילה,0
user_042,2024-08-25 16:19,H&M,אופנה,306.9,ILS,306.9,רגילה,0
user_049,2024-10-14 18:23,ויקטורי,סופרמרקט,345.65,ILS,345.65,הוראת קבע,0
user_015,2024-03-13 21:44,סופר-פארם,פארם,150.9,ILS,150.9,רגילה,0
user_047,2024-10-15 11:41,מחסני חשמל,חשמל,769.02,ILS,769.02,רגילה,0
user_002,2024-12-05 17:57,ויקטורי,סופרמרקט,397.1,ILS,397.1,רגילה,0
user_004,2024-04-15 11:28,אוניברסיטה,חינוך,301.75,ILS,301.75,רגילה,0
user_031,2024-08-11 08:35,Be,פארם,141.83,ILS,141.83,רגילה,0
user_009,2024-05-15 21:21,סונול,דלק,139.08,ILS,139.08,רגילה,0
user_023,2024-11-10 14:41,נטפליקס,פנאי,66.57,ILS,66.57,רגילה,0
user_044,2024-01-28 14:11,טיב טעם,סופרמרקט,410.52,ILS,410.52,רגילה,0
user_023,2024-12-04 20:54,פז,דלק,191.14,ILS,191.14,רגילה,0
user_049,2024-05-08 12:03,קפה גרג,מסעדות,73.03,ILS,73.03,רגילה,0
user_001,2024-04-21 16:55,אייבורי,חשמל,984.98,ILS,984.98,רגילה,0
user_018,2024-11-23 18:56,אייבורי,חשמל,1008.14,ILS,1008.14,רגילה,0
user_025,2024-10-17 13:13,קפה גרג,מסעדות,165.03,ILS,165.03,רגילה,0
user_002,2024-04-09 12:57,יס פלאנט,פנאי,71.13,ILS,71.13,רגילה,0
user_001,2024-09-28 18:09,אוניברסיטה,חינוך,285.46,ILS,285.46,תשלומים,0
user_038,2024-07-22 09:46,ספוטיפיי,פנאי,41.19,ILS,41.19,רגילה,0
user_050,2024-02-22 17:51,סופר-פארם,פארם,156.95,ILS,156.95,רגילה,0
user_042,2024-07-15 12:47,קסטרו,אופנה,97.38,EUR,389.52,"עסקת חו""ל",0
user_020,2024-06-01 21:25,מחסני חשמל,חשמל,1247.3,ILS,1247.3,רגילה,0
user_029,2024-01-13 10:21,רב-קו,תחבורה,54.16,ILS,54.16,רגילה,0
user_010,2024-10-27 16:44,קפה גרג,מסעדות,25.06,USD,92.72,"עסקת חו""ל",0
user_020,2024-10-05 14:12,KSP,חשמל,1033.55,ILS,1033.55,רגילה,0
user_006,2024-11-18 13:19,גולדה,מסעדות,216.31,ILS,216.31,רגילה,0
user_038,2024-10-26 08:31,קפה גרג,מסעדות,113.88,ILS,113.88,הוראת קבע,0
user_034,2024-02-11 17:55,Be,פארם,248.03,ILS,248.03,רגילה,0
user_032,2024-08-18 08:51,קסטרו,אופנה,112.74,ILS,112.74,רגילה,0
user_048,2024-10-27 14:43,רכבת ישראל,תחבורה,29.36,ILS,29.36,רגילה,0
user_031,2024-09-06 19:33,שופרסל,סופרמרקט,424.36,ILS,424.36,תשלומים,0
user_045,2024-02-08 16:05,פז,דלק,263.54,ILS,263.54,הוראת קבע,0
user_001,2024-02-04 15:49,Gett,תחבורה,47.24,ILS,47.24,רגילה,0
user_012,2024-04-07 13:57,עירייה,אחר,289.44,ILS,289.44,רגילה,0
user_043,2024-03-28 14:45,רב-קו,תחבורה,49.05,ILS,49.05,רגילה,0
user_042,2024-06-06 08:43,דומינוס,מסעדות,131.59,ILS,131.59,רגילה,0
user_028,2024-01-22 14:37,רכבת ישראל,תחבורה,47.32,ILS,47.32,רגילה,0
user_022,2024-03-26 05:34,רכבת ישראל,תחבורה,494.84,ILS,494.84,רגילה,1
user_006,2024-09-01 13:51,סופר-פארם,פארם,164.02,ILS,164.02,תשלומים,0
user_020,2024-02-02 11:07,דומינוס,מסעדות,250.08,ILS,250.08,רגילה,0
user_016,2024-07-15 08:16,נטפליקס,פנאי,54.25,ILS,54.25,תשלומים,0
user_016,2024-04-13 19:36,Be,פארם,134.85,ILS,134.85,תשלומים,0
user_020,2024-06-19 17:03,חברת חשמל,אחר,85.33,EUR,341.32,"עסקת חו""ל",0
user_027,2024-02-26 17:14,ביטוח,אחר,148.51,ILS,148.51,הוראת קבע,0
user_045,2024-01-13 16:06,יס פלאנט,פנאי,69.22,ILS,69.22,רגילה,0
user_010,2024-01-27 08:30,KSP,חשמל,638.48,ILS,638.48,תשלומים,0
user_038,2024-11-23 22:23,ספוטיפיי,פנאי,33.19,ILS,33.19,רגילה,0
user_034,2024-01-06 19:44,ביטוח,אחר,88.69,ILS,88.69,רגילה,0
user_014,2024-04-08 12:55,אייבורי,חשמל,1680.84,ILS,1680.84,רגילה,0
user_029,2024-01-07 12:06,Gett,תחבורה,21.12,ILS,21.12,תשלומים,0
user_038,2024-03-24 16:48,פוקס,אופנה,175.76,ILS,175.76,רגילה,0
user_026,2024-07-02 09:38,קסטרו,אופנה,489.29,ILS,489.29,רגילה,0
user_010,2024-09-12 22:08,סונול,דלק,205.0,ILS,205.0,תשלומים,0
user_011,2024-04-23 12:14,מחסני חשמל,חשמל,571.02,ILS,571.02,רגילה,0
user_037,2024-02-23 14:09,סונול,דלק,157.87,ILS,157.87,רגילה,0
user_008,2024-11-19 09:48,אוניברסיטה,חינוך,158.18,ILS,158.18,תשלומים,0
user_006,2024-11-18 08:09,Udemy,חינוך,234.28,ILS,234.28,תשלומים,0
user_031,2024-04-01 22:51,Gett,תחבורה,61.63,ILS,61.63,רגילה,0
user_039,2024-05-28 16:35,אוניברסיטה,חינוך,170.73,ILS,170.73,רגילה,0
user_042,2024-01-03 01:30,עירייה,אחר,2144.65,ILS,2144.65,רגילה,1
user_047,2024-06-10 15:28,ספוטיפיי,פנאי,25.82,ILS,25.82,תשלומים,0
user_050,2024-05-12 21:26,עירייה,אחר,55.59,USD,205.68,"עסקת חו""ל",0
user_017,2024-03-05 14:45,גולדה,מסעדות,145.53,ILS,145.53,רגילה,0
user_013,2024-06-01 16:25,יס פלאנט,פנאי,58.95,ILS,58.95,הוראת קבע,0
user_014,2024-07-01 15:40,ויקטורי,סופרמרקט,100.01,USD,370.04,"עסקת חו""ל",0
user_009,2024-08-19 09:56,Be,פארם,129.35,ILS,129.35,רגילה,0
user_050,2024-04-11 01:09,מקדונלד'ס,מסעדות,353.96,USD,1309.65,"עסקת חו""ל",1
user_006,2024-01-02 18:42,ביטוח,אחר,246.22,ILS,246.22,תשלומים,0
user_028,2024-03-06 22:03,זארה,אופנה,458.29,ILS,458.29,רגילה,0
user_024,2024-12-22 16:36,סונול,דלק,187.29,ILS,187.29,תשלומים,0
user_025,2024-05-08 21:27,יס פלאנט,פנאי,67.94,ILS,67.94,רגילה,0
user_009,2024-04-18 21:39,דלק,דלק,142.21,ILS,142.21,רגילה,0
user_048,2024-08-18 19:50,יס פלאנט,פנאי,68.78,ILS,68.78,רגילה,0
user_045,2024-10-25 16:10,Gett,תחבורה,33.19,ILS,33.19,רגילה,0
user_026,2024-06-18 19:20,סופר-פארם,פארם,195.02,ILS,195.02,רגילה,0
user_037,2024-09-28 10:46,קפה גרג,מסעדות,127.89,ILS,127.89,הוראת קבע,0
user_027,2024-01-12 13:26,מחסני חשמל,חשמל,102.75,EUR,411.0,"עסקת חו""ל",0
user_035,2024-05-01 03:01,נטפליקס,פנאי,629.34,ILS,629.34,רגילה,1
user_009,2024-03-15 12:14,שופרסל,סופרמרקט,326.37,ILS,326.37,רגילה,0
user_036,2024-03-25 22:34,Gett,תחבורה,62.38,ILS,62.38,רגילה,0
user_018,2024-07-05 11:44,מחסני חשמל,חשמל,1063.96,ILS,1063.96,תשלומים,0
user_002,2024-03-18 04:56,פוקס,אופנה,3741.39,ILS,3741.39,תשלומים,1
user_009,2024-01-14 21:33,קפה גרג,מסעדות,68.38,ILS,68.38,רגילה,0
user_038,2024-11-06 20:44,יס פלאנט,פנאי,60.04,ILS,60.04,רגילה,0
user_045,2024-03-07 16:34,ויקטורי,סופרמרקט,437.26,ILS,437.26,רגילה,0
user_016,2024-09-22 14:11,רכבת ישראל,תחבורה,85.53,ILS,85.53,רגילה,0
user_032,2024-07-14 16:34,גולדה,מסעדות,128.33,ILS,128.33,רגילה,0
user_022,2024-03-06 21:06,סונול,דלק,161.85,ILS,161.85,רגילה,0
user_015,2024-09-12 14:04,מקדונלד'ס,מסעדות,156.33,ILS,156.33,תשלומים,0
user_047,2024-06-02 11:42,קסטרו,אופנה,55.9,GBP,262.73,"עסקת חו""ל",0
user_029,2024-03-07 21:15,רכבת ישראל,תחבורה,35.53,ILS,35.53,רגילה,0
user_003,2024-03-18 17:42,חברת חשמל,אחר,223.53,ILS,223.53,רגילה,0
user_011,2024-11-20 18:52,עירייה,אחר,89.79,ILS,89.79,רגילה,0
user_029,2024-12-15 17:40,חברת חשמל,אחר,154.65,ILS,154.65,רגילה,0
user_050,2024-10-13 14:24,Udemy,חינוך,399.89,ILS,399.89,רגילה,0
user_049,2024-12-26 14:33,ביטוח,אחר,62.79,USD,232.32,"עסקת חו""ל",0
user_016,2024-05-21 14:22,מחסני חשמל,חשמל,165.7,USD,613.09,"עסקת חו""ל",0
user_013,2024-06-27 20:59,Be,פארם,10.49,GBP,49.3,"עסקת חו""ל",0
user_019,2024-10-07 11:41,שופרסל,סופרמרקט,412.95,ILS,412.95,תשלומים,0
user_020,2024-03-25 09:12,אייבורי,חשמל,91.14,GBP,428.36,"עסקת חו""ל",0
user_048,2024-10-18 08:52,מחסני חשמל,חשמל,1500.28,ILS,1500.28,רגילה,0
user_049,2024-09-06 13:29,גולדה,מסעדות,189.12,ILS,189.12,רגילה,0
user_029,2024-05-05 13:41,פוקס,אופנה,10.0,ILS,10.0,תשלומים,0
user_011,2024-01-08 15:45,Be,פארם,154.73,ILS,154.73,רגילה,0
user_050,2024-07-19 05:58,רכבת ישראל,תחבורה,453.65,ILS,453.65,רגילה,1
user_031,2024-05-22 20:27,Udemy,חינוך,311.32,ILS,311.32,רגילה,0
user_002,2024-11-13 17:02,רכבת ישראל,תחבורה,38.46,ILS,38.46,רגילה,0
user_001,2024-10-21 14:29,גולדה,מסעדות,194.86,ILS,194.86,רגילה,0
user_033,2024-05-14 17:55,Be,פארם,55.65,ILS,55.65,רגילה,0
user_046,2024-09-01 17:28,ספוטיפיי,פנאי,53.46,ILS,53.46,רגילה,0
user_002,2024-03-11 15:04,סונול,דלק,192.43,ILS,192.43,רגילה,0
user_049,2024-12-25 01:56,ויקטורי,סופרמרקט,4897.46,ILS,4897.46,רגילה,1
user_026,2024-10-13 13:02,אוניברסיטה,חינוך,201.71,ILS,201.71,תשלומים,0
user_044,2024-05-26 16:19,אייבורי,חשמל,998.53,ILS,998.53,רגילה,0
user_035,2024-06-14 10:15,סונול,דלק,50.82,EUR,203.28,"עסקת חו""ל",0
user_045,2024-06-05 21:10,סופר-פארם,פארם,137.0,ILS,137.0,רגילה,0
user_008,2024-04-14 19:38,גולדה,מסעדות,134.43,ILS,134.43,תשלומים,0
user_018,2024-04-10 21:30,מחסני חשמל,חשמל,135.91,ILS,135.91,רגילה,0
user_022,2024-05-22 17:05,KSP,חשמל,1589.97,ILS,1589.97,רגילה,0
user_040,2024-05-15 20:13,ספוטיפיי,פנאי,37.68,ILS,37.68,רגילה,0
user_028,2024-11-08 02:33,ביטוח,אחר,1184.34,ILS,1184.34,רגילה,1
user_049,2024-05-13 16:22,סופר-פארם,פארם,99.04,ILS,99.04,רגילה,0
user_003,2024-08-03 22:16,ביטוח,אחר,181.48,ILS,181.48,רגילה,0
user_028,2024-07-21 09:30,ויקטורי,סופרמרקט,351.9,ILS,351.9,תשלומים,0
user_003,2024-06-10 01:30,אוניברסיטה,חינוך,1263.89,ILS,1263.89,תשלומים,1
user_046,2024-10-15 17:10,רכבת ישראל,תחבורה,59.38,ILS,59.38,רגילה,0
user_030,2024-09-04 17:34,Gett,תחבורה,38.76,ILS,38.76,רגילה,0
user_007,2024-01-21 18:40,סופר-פארם,פארם,44.63,GBP,209.76,"עסקת חו""ל",0
user_040,2024-02-23 15:58,מקדונלד'ס,מסעדות,136.26,ILS,136.26,תשלומים,0
user_018,2024-06-20 11:10,Udemy,חינוך,242.29,ILS,242.29,תשלומים,0
user_033,2024-07-08 16:40,אייבורי,חשמל,72.03,EUR,288.12,"עסקת חו""ל",0
user_020,2024-04-02 14:05,טיב טעם,סופרמרקט,223.05,ILS,223.05,רגילה,0
user_047,2024-03-08 18:00,קפה גרג,מסעדות,219.53,ILS,219.53,רגילה,0
user_007,2024-05-22 11:00,טיב טעם,סופרמרקט,374.51,ILS,374.51,הוראת קבע,0
user_013,2024-08-01 12:30,מחסני חשמל,חשמל,1034.2,ILS,1034.2,רגילה,0
user_029,2024-09-01 09:37,עירייה,אחר,320.87,ILS,320.87,רגילה,0
user_019,2024-07-02 11:32,קפה גרג,מסעדות,93.21,ILS,93.21,רגילה,0
user_030,2024-09-17 21:49,עירייה,אחר,234.18,ILS,234.18,רגילה,0
user_036,2024-02-18 13:27,Be,פארם,32.59,ILS,32.59,רגילה,0
user_034,2024-07-01 09:44,KSP,חשמל,870.86,ILS,870.86,רגילה,0
user_016,2024-05-22 08:18,Udemy,חינוך,363.66,ILS,363.66,תשלומים,0
user_044,2024-09-05 16:37,פוקס,אופנה,63.58,GBP,298.83,"עסקת חו""ל",0
user_008,2024-12-19 21:09,מקדונלד'ס,מסעדות,6.29,EUR,25.16,"עסקת חו""ל",0
user_023,2024-02-07 17:18,קסטרו,אופנה,281.71,ILS,281.71,רגילה,0
user_032,2024-02-14 14:41,ויקטורי,סופרמרקט,289.8,ILS,289.8,רגילה,0
user_021,2024-05-15 14:08,חברת חשמל,אחר,75.72,EUR,302.88,"עסקת חו""ל",0
user_041,2024-09-22 20:48,סופר-פארם,פארם,21.65,GBP,101.75,"עסקת חו""ל",0
user_033,2024-06-25 19:17,פוקס,אופנה,254.54,ILS,254.54,רגילה,0
user_049,2024-07-28 14:54,רמי לוי,סופרמרקט,72.17,EUR,288.68,"עסקת חו""ל",0
user_042,2024-10-25 18:34,אוניברסיטה,חינוך,71.34,USD,263.96,"עסקת חו""ל",0
user_015,2024-02-21 09:26,גולדה,מסעדות,140.16,ILS,140.16,רגילה,0
user_046,2024-03-21 09:32,יס פלאנט,פנאי,99.07,ILS,99.07,רגילה,0
user_029,2024-03-24 17:47,אייבורי,חשמל,1790.76,ILS,1790.76,תשלומים,0
user_033,2024-10-15 17:52,סונול,דלק,182.69,ILS,182.69,רגילה,0
user_039,2024-08-17 09:45,רכבת ישראל,תחבורה,68.1,ILS,68.1,רגילה,0
user_005,2024-02-26 21:37,טיב טעם,סופרמרקט,63.18,GBP,296.95,"עסקת חו""ל",0
user_050,2024-12-12 11:19,ביטוח,אחר,254.58,ILS,254.58,רגילה,0
user_037,2024-05-21 11:26,H&M,אופנה,369.9,ILS,369.9,רגילה,0
user_044,2024-01-27 21:16,Gett,תחבורה,68.63,ILS,68.63,תשלומים,0
user_018,2024-01-16 09:55,H&M,אופנה,39.77,ILS,39.77,רגילה,0
user_019,2024-05-16 09:01,רמי לוי,סופרמרקט,472.7,ILS,472.7,רגילה,0
user_046,2024-04-03 10:12,פז,דלק,68.47,EUR,273.88,"עסקת חו""ל",0
user_026,2024-09-10 21:22,אוניברסיטה,חינוך,316.35,ILS,316.35,רגילה,0
user_028,2024-07-12 10:38,מחסני חשמל,חשמל,1087.15,ILS,1087.15,רגילה,0
user_035,2024-06-21 17:29,פז,דלק,140.6,ILS,140.6,רגילה,0
user_012,2024-09-19 19:22,Be,פארם,180.13,ILS,180.13,רגילה,0
user_046,2024-04-15 08:02,ביטוח,אחר,21.51,GBP,101.1,"עסקת חו""ל",0
user_009,2024-03-12 18:33,קפה גרג,מסעדות,99.63,ILS,99.63,הוראת קבע,0
user_025,2024-10-10 17:23,רב-קו,תחבורה,10.42,GBP,48.97,"עסקת חו""ל",0
user_025,2024-07-26 15:47,נטפליקס,פנאי,63.25,ILS,63.25,רגילה,0
user_026,2024-02-10 21:20,רב-קו,תחבורה,27.16,ILS,27.16,תשלומים,0
user_042,2024-10-03 15:12,עירייה,אחר,262.17,ILS,262.17,רגילה,0
user_038,2024-04-20 09:33,ביטוח,אחר,284.37,ILS,284.37,רגילה,0
user_007,2024-12-17 13:41,רב-קו,תחבורה,64.02,ILS,64.02,רגילה,0
user_049,2024-05-22 18:27,H&M,אופנה,374.67,ILS,374.67,רגילה,0
user_039,2024-08-15 13:59,H&M,אופנה,422.54,ILS,422.54,רגילה,0
user_030,2024-07-24 12:40,חברת חשמל,אחר,377.54,ILS,377.54,תשלומים,0
user_012,2024-03-25 08:55,אוניברסיטה,חינוך,274.62,ILS,274.62,הוראת קבע,0
user_020,2024-12-27 09:57,חברת חשמל,אחר,238.93,ILS,238.93,רגילה,0
user_026,2024-05-11 22:13,מחסני חשמל,חשמל,33.91,ILS,33.91,רגילה,0
user_043,2024-10-22 18:34,מחסני חשמל,חשמל,219.18,ILS,219.18,הוראת קבע,0
user_009,2024-11-06 13:20,ביטוח,אחר,284.4,ILS,284.4,רגילה,0
user_046,2024-02-14 15:44,גולדה,מסעדות,55.59,USD,205.68,"עסקת חו""ל",0
user_046,2024-08-20 18:45,רב-קו,תחבורה,71.45,ILS,71.45,רגילה,0
user_008,2024-09-22 17:13,קפה גרג,מסעדות,59.08,ILS,59.08,רגילה,0
user_037,2024-12-04 14:09,Gett,תחבורה,25.12,ILS,25.12,תשלומים,0
user_007,2024-12-24 18:32,סופר-פארם,פארם,34.66,EUR,138.64,"עסקת חו""ל",0
user_011,2024-10-26 09:34,שופרסל,סופרמרקט,81.96,GBP,385.21,"עסקת חו""ל",0
user_030,2024-08-26 17:11,יס פלאנט,פנאי,58.27,ILS,58.27,תשלומים,0
user_037,2024-08-06 09:13,מקדונלד'ס,מסעדות,64.66,ILS,64.66,תשלומים,0
user_011,2024-04-08 22:30,זארה,אופנה,157.55,ILS,157.55,תשלומים,0
user_007,2024-07-04 14:19,ויקטורי,סופרמרקט,266.76,ILS,266.76,תשלומים,0
user_021,2024-07-08 08:52,מחסני חשמל,חשמל,1406.55,ILS,1406.55,רגילה,0
user_038,2024-07-04 17:00,סופר-פארם,פארם,90.72,ILS,90.72,רגילה,0
user_050,2024-12-10 18:40,אוניברסיטה,חינוך,302.62,ILS,302.62,רגילה,0
user_013,2024-02-19 11:26,פז,דלק,64.83,USD,239.87,"עסקת חו""ל",0
user_024,2024-09-15 21:49,קפה גרג,מסעדות,151.93,ILS,151.93,רגילה,0
user_004,2024-08-14 16:37,חברת חשמל,אחר,217.98,ILS,217.98,רגילה,0
user_020,2024-05-04 21:56,נטפליקס,פנאי,72.87,ILS,72.87,רגילה,0
user_039,2024-10-21 21:31,נטפליקס,פנאי,72.39,ILS,72.39,רגילה,0
user_036,2024-10-17 11:22,סופר-פארם,פארם,153.83,ILS,153.83,תשלומים,0
user_025,2024-12-16 15:04,פוקס,אופנה,44.15,ILS,44.15,רגילה,0
user_010,2024-07-03 16:36,Gett,תחבורה,64.11,ILS,64.11,תשלומים,0
user_050,2024-02-12 21:38,KSP,חשמל,10.0,ILS,10.0,תשלומים,0
user_027,2024-10-09 13:02,H&M,אופנה,170.74,ILS,170.74,רגילה,0
user_040,2024-04-23 18:41,Gett,תחבורה,11.37,ILS,11.37,רגילה,0
user_032,2024-08-09 18:24,אייבורי,חשמל,10.0,ILS,10.0,רגילה,0
user_022,2024-06-25 09:15,נטפליקס,פנאי,55.62,ILS,55.62,רגילה,0
user_007,2024-11-24 16:54,פוקס,אופנה,153.91,EUR,615.64,"עסקת חו""ל",0
user_007,2024-08-24 19:46,Gett,תחבורה,69.99,ILS,69.99,רגילה,0
user_029,2024-09-07 12:51,רמי לוי,סופרמרקט,171.87,ILS,171.87,רגילה,0
user_009,2024-10-02 22:18,ביטוח,אחר,193.63,ILS,193.63,תשלומים,0
user_041,2024-06-08 01:27,Udemy,חינוך,581.48,EUR,2325.92,"עסקת חו""ל",1
user_011,2024-05-26 20:27,Udemy,חינוך,160.59,ILS,160.59,רגילה,0
user_003,2024-09-11 16:34,סונול,דלק,179.54,ILS,179.54,רגילה,0
user_034,2024-10-22 17:19,עירייה,אחר,26.27,EUR,105.08,"עסקת חו""ל",0
user_002,2024-09-04 02:19,ביטוח,אחר,2782.46,ILS,2782.46,רגילה,1
user_006,2024-06-02 14:32,דלק,דלק,224.96,ILS,224.96,תשלומים,0
user_048,2024-06-19 16:07,מחסני חשמל,חשמל,1390.36,ILS,1390.36,רגילה,0
user_007,2024-06-16 14:43,אוניברסיטה,חינוך,216.89,ILS,216.89,הוראת קבע,0
user_033,2024-06-21 09:14,נטפליקס,פנאי,77.3,ILS,77.3,רגילה,0
user_046,2024-09-12 22:03,Udemy,חינוך,388.94,ILS,388.94,תשלומים,0
user_035,2024-02-16 13:20,סופר-פארם,פארם,76.42,ILS,76.42,רגילה,0
user_008,2024-10-07 10:27,שופרסל,סופרמרקט,60.86,USD,225.18,"עסקת חו""ל",0
user_044,2024-12-26 21:38,זארה,אופנה,191.79,ILS,191.79,רגילה,0
user_049,2024-05-04 17:21,Udemy,חינוך,161.85,ILS,161.85,רגילה,0
user_017,2024-07-09 08:12,Be,פארם,149.5,ILS,149.5,רגילה,0
user_047,2024-02-11 14:23,Be,פארם,152.7,ILS,152.7,רגילה,0
user_030,2024-08-21 09:26,עירייה,אחר,55.21,GBP,259.49,"עסקת חו""ל",0
user_007,2024-05-09 14:08,H&M,אופנה,195.57,ILS,195.57,רגילה,0
user_009,2024-03-02 11:51,ביטוח,אחר,44.43,GBP,208.82,"עסקת חו""ל",0
user_025,2024-07-03 20:40,Udemy,חינוך,351.36,ILS,351.36,רגילה,0
user_041,2024-10-03 14:10,מחסני חשמל,חשמל,711.0,ILS,711.0,רגילה,0
user_038,2024-09-19 22:38,שופרסל,סופרמרקט,246.42,ILS,246.42,רגילה,0
user_013,2024-01-11 15:54,פז,דלק,36.85,USD,136.34,"עסקת חו""ל",0
user_025,2024-08-12 15:18,רכבת ישראל,תחבורה,45.11,ILS,45.11,רגילה,0
user_043,2024-02-11 16:01,Udemy,חינוך,395.32,ILS,395.32,תשלומים,0
user_033,2024-08-22 18:56,דלק,דלק,204.71,ILS,204.71,רגילה,0
user_016,2024-12-16 19:54,שופרסל,סופרמרקט,290.41,ILS,290.41,הוראת קבע,0
user_030,2024-08-08 21:38,גולדה,מסעדות,151.2,ILS,151.2,רגילה,0
user_022,2024-01-07 08:51,זארה,אופנה,181.21,ILS,181.21,רגילה,0
user_002,2024-07-28 19:07,Be,פארם,107.98,ILS,107.98,רגילה,0
user_012,2024-06-17 09:48,קסטרו,אופנה,190.58,ILS,190.58,רגילה,0
user_038,2024-06-13 17:10,זארה,אופנה,65.93,ILS,65.93,רגילה,0
user_029,2024-06-20 12:49,רכבת ישראל,תחבורה,45.34,ILS,45.34,רגילה,0
user_021,2024-06-18 08:38,רמי לוי,סופרמרקט,285.09,ILS,285.09,תשלומים,0
user_034,2024-04-03 20:41,נטפליקס,פנאי,47.47,ILS,47.47,רגילה,0
user_037,2024-01-16 18:38,ביטוח,אחר,122.09,ILS,122.09,רגילה,0
user_004,2024-02-20 22:03,זארה,אופנה,210.98,ILS,210.98,רגילה,0
user_007,2024-04-02 08:44,נטפליקס,פנאי,39.7,ILS,39.7,רגילה,0
user_008,2024-09-25 15:39,H&M,אופנה,253.63,ILS,253.63,רגילה,0
user_015,2024-04-13 11:32,חברת חשמל,אחר,280.65,ILS,280.65,רגילה,0
user_022,2024-02-03 10:08,מחסני חשמל,חשמל,1054.41,ILS,1054.41,רגילה,0
user_026,2024-04-25 11:46,Gett,תחבורה,55.22,ILS,55.22,רגילה,0
user_010,2024-06-22 09:24,יס פלאנט,פנאי,71.09,ILS,71.09,תשלומים,0
user_027,2024-09-22 10:27,סופר-פארם,פארם,323.49,ILS,323.49,תשלומים,0
user_020,2024-03-27 17:10,חברת חשמל,אחר,10.0,ILS,10.0,רגילה,0
user_025,2024-08-27 11:28,אוניברסיטה,חינוך,430.97,ILS,430.97,הוראת קבע,0
user_019,2024-04-01 14:12,Udemy,חינוך,255.57,ILS,255.57,רגילה,0
user_018,2024-06-23 08:04,סונול,דלק,209.97,ILS,209.97,רגילה,0
user_034,2024-12-04 18:41,רמי לוי,סופרמרקט,277.82,ILS,277.82,תשלומים,0
user_032,2024-04-11 10:39,סונול,דלק,245.65,ILS,245.65,רגילה,0
user_001,2024-09-08 16:46,אייבורי,חשמל,959.86,ILS,959.86,רגילה,0
user_028,2024-10-12 18:09,אוניברסיטה,חינוך,247.26,ILS,247.26,רגילה,0
user_021,2024-03-19 20:37,רכבת ישראל,תחבורה,4.11,USD,15.21,"עסקת חו""ל",0
user_012,2024-07-15 20:16,פז,דלק,179.11,ILS,179.11,רגילה,0
user_020,2024-06-16 09:18,סונול,דלק,187.14,ILS,187.14,רגילה,0
user_024,2024-08-25 10:58,פז,דלק,182.33,ILS,182.33,הוראת קבע,0
user_010,2024-05-19 15:00,חברת חשמל,אחר,155.78,ILS,155.78,רגילה,0
user_038,2024-11-12 20:30,דומינוס,מסעדות,103.87,ILS,103.87,תשלומים,0
user_031,2024-04-22 11:22,ביטוח,אחר,30.88,USD,114.26,"עסקת חו""ל",0
user_046,2024-10-08 11:29,נטפליקס,פנאי,19.28,GBP,90.62,"עסקת חו""ל",0
user_032,2024-06-18 13:53,חברת חשמל,אחר,10.0,ILS,10.0,רגילה,0
user_002,2024-01-25 11:35,ספוטיפיי,פנאי,50.98,ILS,50.98,רגילה,0
user_024,2024-01-15 22:09,מחסני חשמל,חשמל,10.0,ILS,10.0,רגילה,0
user_035,2024-07-24 13:45,זארה,אופנה,321.71,ILS,321.71,תשלומים,0
user_018,2024-11-17 08:11,ספוטיפיי,פנאי,54.65,ILS,54.65,רגילה,0
user_007,2024-05-25 08:14,ביטוח,אחר,146.44,ILS,146.44,תשלומים,0
user_014,2024-06-18 18:31,Gett,תחבורה,59.34,ILS,59.34,רגילה,0
user_005,2024-12-12 10:08,זארה,אופנה,204.27,ILS,204.27,רגילה,0
user_033,2024-05-11 15:06,דלק,דלק,208.6,ILS,208.6,רגילה,0
user_035,2024-07-23 11:58,Be,פארם,125.36,ILS,125.36,רגילה,0
user_028,2024-02-10 15:38,מחסני חשמל,חשמל,1125.46,ILS,1125.46,רגילה,0
user_005,2024-07-12 22:50,יס פלאנט,פנאי,48.89,ILS,48.89,רגילה,0
user_049,2024-02-16 16:06,חברת חשמל,אחר,33.47,ILS,33.47,רגילה,0
user_005,2024-03-03 22:34,נטפליקס,פנאי,40.81,ILS,40.81,רגילה,0
user_015,2024-08-03 04:15,רכבת ישראל,תחבורה,524.48,ILS,524.48,רגילה,1
user_049,2024-05-11 18:11,Be,פארם,124.15,ILS,124.15,רגילה,0
user_029,2024-04-04 16:05,ביטוח,אחר,272.45,ILS,272.45,רגילה,0
user_034,2024-08-09 20:43,סופר-פארם,פארם,108.72,ILS,108.72,רגילה,0
user_044,2024-02-10 03:43,אוניברסיטה,חינוך,1209.72,ILS,1209.72,רגילה,1
user_028,2024-11-11 10:37,גולדה,מסעדות,83.68,ILS,83.68,רגילה,0
user_026,2024-12-22 12:29,Udemy,חינוך,162.9,ILS,162.9,רגילה,0
user_024,2024-03-24 22:28,נטפליקס,פנאי,14.59,USD,53.98,"עסקת חו""ל",0
user_027,2024-12-03 10:06,סופר-פארם,פארם,199.12,ILS,199.12,רגילה,0
user_016,2024-07-19 17:43,אוניברסיטה,חינוך,267.69,ILS,267.69,הוראת קבע,0
user_017,2024-02-11 16:25,סונול,דלק,211.34,ILS,211.34,הוראת קבע,0
user_018,2024-02-08 16:28,קפה גרג,מסעדות,36.2,ILS,36.2,תשלומים,0
user_035,2024-01-19 13:26,רכבת ישראל,תחבורה,13.53,EUR,54.12,"עסקת חו""ל",0
user_045,2024-10-12 19:10,אוניברסיטה,חינוך,18.62,EUR,74.48,"עסקת חו""ל",0
user_010,2024-07-09 11:50,H&M,אופנה,8.42,USD,31.15,"עסקת חו""ל",0
user_043,2024-08-09 18:02,חברת חשמל,אחר,197.36,ILS,197.36,רגילה,0
user_022,2024-03-23 05:06,סופר-פארם,פארם,2233.78,ILS,2233.78,רגילה,1
user_034,2024-02-09 22:27,שופרסל,סופרמרקט,385.32,ILS,385.32,רגילה,0
user_006,2024-12-17 15:23,מקדונלד'ס,מסעדות,112.78,ILS,112.78,רגילה,0
user_044,2024-06-10 02:38,אייבורי,חשמל,6579.8,ILS,6579.8,רגילה,1
user_003,2024-03-12 21:37,Udemy,חינוך,44.2,ILS,44.2,תשלומים,0
user_035,2024-11-18 11:16,דלק,דלק,245.83,ILS,245.83,תשלומים,0
user_042,2024-10-21 12:48,H&M,אופנה,160.99,ILS,160.99,הוראת קבע,0
user_024,2024-12-05 18:35,רמי לוי,סופרמרקט,87.45,GBP,411.02,"עסקת חו""ל",0
user_032,2024-10-03 12:11,שופרסל,סופרמרקט,413.69,ILS,413.69,רגילה,0
user_037,2024-12-15 08:14,דלק,דלק,184.84,ILS,184.84,רגילה,0
user_045,2024-06-16 11:23,ויקטורי,סופרמרקט,309.46,ILS,309.46,תשלומים,0
user_001,2024-06-06 01:46,רמי לוי,סופרמרקט,2270.02,ILS,2270.02,רגילה,1
user_002,2024-04-09 12:28,קפה גרג,מסעדות,26.87,ILS,26.87,רגילה,0
user_013,2024-04-08 08:12,אוניברסיטה,חינוך,296.33,ILS,296.33,רגילה,0
user_012,2024-04-09 12:52,קפה גרג,מסעדות,127.82,ILS,127.82,רגילה,0
user_044,2024-09-09 04:05,גולדה,מסעדות,1594.63,ILS,1594.63,רגילה,1
user_009,2024-02-24 16:58,יס פלאנט,פנאי,50.36,ILS,50.36,רגילה,0
user_005,2024-10-12 11:11,KSP,חשמל,1279.69,ILS,1279.69,רגילה,0
user_012,2024-03-04 12:02,טיב טעם,סופרמרקט,375.23,ILS,375.23,רגילה,0
user_010,2024-03-16 20:51,עירייה,אחר,330.02,ILS,330.02,רגילה,0
user_029,2024-11-13 20:03,רמי לוי,סופרמרקט,448.52,ILS,448.52,רגילה,0
user_016,2024-09-02 16:22,ויקטורי,סופרמרקט,410.53,ILS,410.53,רגילה,0
user_006,2024-11-24 05:12,רב-קו,תחבורה,681.3,ILS,681.3,רגילה,1
user_040,2024-06-20 17:20,ויקטורי,סופרמרקט,490.19,ILS,490.19,רגילה,0
user_038,2024-03-26 22:02,סופר-פארם,פארם,152.24,ILS,152.24,רגילה,0
user_035,2024-01-24 16:01,מקדונלד'ס,מסעדות,135.67,ILS,135.67,רגילה,0
user_026,2024-12-15 11:18,גולדה,מסעדות,38.3,ILS,38.3,רגילה,0
user_024,2024-04-04 16:56,גולדה,מסעדות,15.65,EUR,62.6,"עסקת חו""ל",0
user_030,2024-08-18 14:53,רכבת ישראל,תחבורה,31.42,ILS,31.42,רגילה,0
user_038,2024-11-09 17:55,ביטוח,אחר,110.64,ILS,110.64,רגילה,0
user_045,2024-11-07 17:41,Be,פארם,20.41,EUR,81.64,"עסקת חו""ל",0
user_017,2024-01-16 11:55,אייבורי,חשמל,843.68,ILS,843.68,רגילה,0
user_006,2024-01-03 11:58,רכבת ישראל,תחבורה,78.49,ILS,78.49,רגילה,0
user_009,2024-10-13 21:25,סופר-פארם,פארם,143.96,ILS,143.96,רגילה,0
user_016,2024-01-04 19:30,ויקטורי,סופרמרקט,302.97,ILS,302.97,רגילה,0
user_014,2024-04-26 22:36,Udemy,חינוך,198.5,ILS,198.5,רגילה,0
user_034,2024-03-10 22:48,סונול,דלק,164.94,ILS,164.94,תשלומים,0
user_014,2024-08-02 18:02,חברת חשמל,אחר,70.76,ILS,70.76,רגילה,0
user_021,2024-11-09 12:40,אוניברסיטה,חינוך,194.57,ILS,194.57,רגילה,0
user_025,2024-10-12 14:14,מקדונלד'ס,מסעדות,126.02,ILS,126.02,רגילה,0
user_015,2024-04-13 09:23,סונול,דלק,218.31,ILS,218.31,רגילה,0
user_030,2024-09-28 11:14,ויקטורי,סופרמרקט,97.63,EUR,390.52,"עסקת חו""ל",0
user_036,2024-12-11 18:05,Udemy,חינוך,207.84,ILS,207.84,רגילה,0
user_031,2024-11-09 22:03,ספוטיפיי,פנאי,56.57,ILS,56.57,רגילה,0
user_025,2024-02-12 09:34,רב-קו,תחבורה,80.29,ILS,80.29,רגילה,0
user_015,2024-05-27 08:28,פוקס,אופנה,277.07,ILS,277.07,רגילה,0
user_044,2024-04-25 13:23,רכבת ישראל,תחבורה,70.43,ILS,70.43,רגילה,0
user_031,2024-10-10 12:21,זארה,אופנה,61.82,ILS,61.82,רגילה,0
user_010,2024-05-25 16:21,רב-קו,תחבורה,61.49,ILS,61.49,רגילה,0
user_048,2024-09-01 14:01,ויקטורי,סופרמרקט,145.04,ILS,145.04,רגילה,0
user_042,2024-01-16 15:32,Gett,תחבורה,10.0,GBP,47.0,"עסקת חו""ל",0
user_033,2024-10-05 15:57,מחסני חשמל,חשמל,178.79,USD,661.52,"עסקת חו""ל",0
user_023,2024-04-19 11:25,אוניברסיטה,חינוך,315.79,ILS,315.79,רגילה,0
user_025,2024-01-20 11:57,מקדונלד'ס,מסעדות,70.74,ILS,70.74,תשלומים,0
user_031,2024-08-01 20:03,דומינוס,מסעדות,69.84,ILS,69.84,רגילה,0
user_034,2024-12-12 20:20,קפה גרג,מסעדות,178.56,ILS,178.56,רגילה,0
user_022,2024-08-26 08:24,פוקס,אופנה,273.8,ILS,273.8,רגילה,0
user_005,2024-12-26 13:14,נטפליקס,פנאי,35.45,ILS,35.45,רגילה,0
user_006,2024-03-26 19:07,טיב טעם,סופרמרקט,372.69,ILS,372.69,רגילה,0
user_028,2024-05-28 13:51,פז,דלק,154.81,ILS,154.81,רגילה,0
user_013,2024-07-02 10:07,ביטוח,אחר,178.06,ILS,178.06,רגילה,0
user_013,2024-11-04 09:49,גולדה,מסעדות,158.38,ILS,158.38,רגילה,0
user_048,2024-03-16 09:46,דומינוס,מסעדות,93.5,ILS,93.5,רגילה,0
user_048,2024-05-27 16:54,Be,פארם,177.14,ILS,177.14,רגילה,0
user_011,2024-06-20 20:43,Be,פארם,70.38,ILS,70.38,רגילה,0
user_009,2024-11-02 12:11,סונול,דלק,260.51,ILS,260.51,הוראת קבע,0
user_026,2024-01-07 13:27,סונול,דלק,196.8,ILS,196.8,הוראת קבע,0
user_013,2024-03-15 09:43,ביטוח,אחר,118.16,ILS,118.16,רגילה,0
user_004,2024-07-12 17:13,Be,פארם,111.42,ILS,111.42,רגילה,0
user_007,2024-06-27 18:08,H&M,אופנה,169.49,ILS,169.49,רגילה,0
user_028,2024-09-25 09:35,מחסני חשמל,חשמל,820.77,ILS,820.77,רגילה,0
user_024,2024-10-24 14:48,אייבורי,חשמל,259.58,ILS,259.58,רגילה,0
user_036,2024-07-26 22:35,פז,דלק,191.58,ILS,191.58,רגילה,0
user_002,2024-05-11 20:52,Be,פארם,51.68,EUR,206.72,"עסקת חו""ל",0
user_004,2024-01-09 08:10,אוניברסיטה,חינוך,258.19,ILS,258.19,רגילה,0
user_007,2024-02-14 20:24,ביטוח,אחר,142.65,ILS,142.65,רגילה,0
user_009,2024-02-01 16:54,אייבורי,חשמל,1091.39,ILS,1091.39,רגילה,0
user_013,2024-11-23 15:42,סופר-פארם,פארם,85.83,ILS,85.83,תשלומים,0
user_050,2024-02-13 22:31,עירייה,אחר,277.05,ILS,277.05,רגילה,0
user_007,2024-06-03 22:30,שופרסל,סופרמרקט,356.49,ILS,356.49,רגילה,0
user_036,2024-09-14 18:22,עירייה,אחר,145.71,ILS,145.71,רגילה,0
user_005,2024-01-09 20:48,ספוטיפיי,פנאי,43.7,ILS,43.7,רגילה,0
user_004,2024-09-06 08:48,ביטוח,אחר,307.54,ILS,307.54,רגילה,0
user_004,2024-02-17 08:45,רכבת ישראל,תחבורה,54.17,ILS,54.17,רגילה,0
user_023,2024-07-10 13:02,דלק,דלק,178.56,ILS,178.56,רגילה,0
user_033,2024-07-22 17:18,סופר-פארם,פארם,222.7,ILS,222.7,רגילה,0
user_034,2024-01-23 09:32,פז,דלק,228.16,ILS,228.16,רגילה,0
user_010,2024-11-05 15:00,Udemy,חינוך,392.5,ILS,392.5,רגילה,0
user_042,2024-03-06 08:49,Be,פארם,142.23,ILS,142.23,רגילה,0
user_034,2024-04-27 08:59,סופר-פארם,פארם,195.5,ILS,195.5,רגילה,0
user_004,2024-12-11 14:59,עירייה,אחר,313.33,ILS,313.33,רגילה,0
user_036,2024-07-03 13:14,Be,פארם,299.19,ILS,299.19,רגילה,0
user_045,2024-07-07 09:52,דלק,דלק,107.63,ILS,107.63,רגילה,0
user_005,2024-05-11 21:18,חברת חשמל,אחר,282.05,ILS,282.05,רגילה,0
user_004,2024-06-05 19:37,רב-קו,תחבורה,16.68,EUR,66.72,"עסקת חו""ל",0
user_006,2024-09-22 15:24,יס פלאנט,פנאי,56.46,ILS,56.46,רגילה,0
user_018,2024-03-22 13:52,סונול,דלק,167.19,ILS,167.19,רגילה,0
user_020,2024-06-18 11:40,Be,פארם,104.49,ILS,104.49,הוראת קבע,0
user_039,2024-08-15 02:52,נטפליקס,פנאי,155.57,EUR,622.28,"עסקת חו""ל",1
user_035,2024-03-08 18:09,קפה גרג,מסעדות,46.7,ILS,46.7,רגילה,0
user_037,2024-07-21 17:08,Gett,תחבורה,33.16,ILS,33.16,הוראת קבע,0
user_050,2024-03-14 17:06,סונול,דלק,188.85,ILS,188.85,רגילה,0
user_039,2024-06-09 10:44,עירייה,אחר,212.57,ILS,212.57,רגילה,0
user_017,2024-05-28 22:15,H&M,אופנה,174.69,ILS,174.69,רגילה,0
user_045,2024-02-28 18:35,קפה גרג,מסעדות,136.08,ILS,136.08,רגילה,0
user_005,2024-02-21 09:04,אוניברסיטה,חינוך,225.21,ILS,225.21,רגילה,0
user_001,2024-10-23 14:50,פז,דלק,265.23,ILS,265.23,רגילה,0
user_031,2024-03-17 19:03,H&M,אופנה,511.11,ILS,511.11,רגילה,0
user_049,2024-06-01 21:06,דומינוס,מסעדות,45.49,USD,168.31,"עסקת חו""ל",0
user_006,2024-05-13 13:03,סונול,דלק,224.45,ILS,224.45,רגילה,0
user_033,2024-09-05 18:16,Be,פארם,173.72,ILS,173.72,רגילה,0
user_012,2024-01-24 15:36,רמי לוי,סופרמרקט,328.26,ILS,328.26,רגילה,0
user_039,2024-11-11 22:41,נטפליקס,פנאי,20.97,ILS,20.97,רגילה,0
user_017,2024-05-20 14:17,ויקטורי,סופרמרקט,422.74,ILS,422.74,רגילה,0
user_018,2024-08-17 14:51,דומינוס,מסעדות,224.97,ILS,224.97,תשלומים,0
user_007,2024-08-21 19:58,אייבורי,חשמל,121.87,USD,450.92,"עסקת חו""ל",0
user_046,2024-11-22 15:38,טיב טעם,סופרמרקט,310.81,ILS,310.81,רגילה,0
user_019,2024-05-18 13:58,פז,דלק,277.13,ILS,277.13,רגילה,0
user_005,2024-07-22 16:36,קפה גרג,מסעדות,99.07,ILS,99.07,רגילה,0
user_003,2024-11-27 18:04,סופר-פארם,פארם,258.25,ILS,258.25,רגילה,0
user_029,2024-02-11 20:20,סונול,דלק,180.8,ILS,180.8,תשלומים,0
user_025,2024-09-11 19:06,עירייה,אחר,234.67,ILS,234.67,רגילה,0
user_041,2024-08-01 10:29,אוניברסיטה,חינוך,92.31,EUR,369.24,"עסקת חו""ל",0
user_040,2024-10-27 09:46,ויקטורי,סופרמרקט,232.7,ILS,232.7,רגילה,0
user_050,2024-04-25 15:39,עירייה,אחר,162.02,ILS,162.02,רגילה,0
user_045,2024-07-16 10:29,פז,דלק,219.0,ILS,219.0,רגילה,0
user_009,2024-02-20 18:14,אוניברסיטה,חינוך,263.57,ILS,263.57,תשלומים,0
user_011,2024-01-19 20:05,פוקס,אופנה,349.66,ILS,349.66,רגילה,0
user_019,2024-08-19 16:03,ספוטיפיי,פנאי,39.04,ILS,39.04,רגילה,0
user_042,2024-09-27 17:01,Be,פארם,222.64,ILS,222.64,תשלומים,0
user_008,2024-03-26 14:10,סופר-פארם,פארם,111.48,ILS,111.48,רגילה,0
user_020,2024-02-24 20:27,רמי לוי,סופרמרקט,217.85,ILS,217.85,רגילה,0
user_010,2024-02-01 19:57,סופר-פארם,פארם,276.35,ILS,276.35,רגילה,0
user_011,2024-05-25 13:58,Gett,תחבורה,12.72,GBP,59.78,"עסקת חו""ל",0
user_043,2024-10-08 17:47,דלק,דלק,257.79,ILS,257.79,רגילה,0
user_006,2024-09-07 20:28,אייבורי,חשמל,465.04,ILS,465.04,רגילה,0
user_009,2024-12-27 22:18,חברת חשמל,אחר,388.08,ILS,388.08,רגילה,0
user_013,2024-04-01 09:07,סונול,דלק,198.48,ILS,198.48,רגילה,0
user_018,2024-03-08 17:10,שופרסל,סופרמרקט,101.7,EUR,406.8,"עסקת חו""ל",0
user_016,2024-03-22 18:48,Gett,תחבורה,47.5,ILS,47.5,תשלומים,0
user_039,2024-07-22 19:42,מקדונלד'ס,מסעדות,5.02,EUR,20.08,"עסקת חו""ל",0
user_013,2024-07-03 13:46,גולדה,מסעדות,160.45,ILS,160.45,תשלומים,0
user_002,2024-04-01 09:03,Be,פארם,27.36,ILS,27.36,תשלומים,0
user_018,2024-03-21 18:01,רמי לוי,סופרמרקט,106.87,GBP,502.29,"עסקת חו""ל",0
user_050,2024-08-20 14:56,מקדונלד'ס,מסעדות,205.3,ILS,205.3,הוראת קבע,0
user_004,2024-09-14 16:25,H&M,אופנה,194.16,ILS,194.16,רגילה,0
user_047,2024-03-10 10:01,נטפליקס,פנאי,41.8,ILS,41.8,רגילה,0
user_044,2024-10-17 09:21,H&M,אופנה,19.17,ILS,19.17,רגילה,0
user_016,2024-05-02 11:43,פז,דלק,174.83,ILS,174.83,רגילה,0
user_027,2024-01-18 10:52,גולדה,מסעדות,6.22,GBP,29.23,"עסקת חו""ל",0
user_014,2024-04-20 10:44,רמי לוי,סופרמרקט,407.58,ILS,407.58,רגילה,0
user_023,2024-03-20 12:04,ספוטיפיי,פנאי,54.22,ILS,54.22,רגילה,0
user_044,2024-08-18 22:17,ביטוח,אחר,168.74,ILS,168.74,תשלומים,0
user_044,2024-09-09 22:01,Be,פארם,98.19,ILS,98.19,רגילה,0
user_011,2024-03-26 16:16,מקדונלד'ס,מסעדות,92.85,ILS,92.85,רגילה,0
user_031,2024-07-25 20:39,ספוטיפיי,פנאי,12.18,EUR,48.72,"עסקת חו""ל",0
user_003,2024-10-03 09:42,יס פלאנט,פנאי,64.1,ILS,64.1,רגילה,0
user_016,2024-05-27 22:22,אוניברסיטה,חינוך,293.98,ILS,293.98,תשלומים,0
user_010,2024-01-04 04:28,פז,דלק,2853.43,ILS,2853.43,רגילה,1
user_043,2024-01-14 10:03,נטפליקס,פנאי,36.84,ILS,36.84,רגילה,0
user_039,2024-09-02 16:18,חברת חשמל,אחר,169.61,ILS,169.61,רגילה,0
user_010,2024-09-24 21:21,סופר-פארם,פארם,112.15,ILS,112.15,רגילה,0
user_041,2024-08-21 11:20,רב-קו,תחבורה,65.03,ILS,65.03,רגילה,0
user_031,2024-06-23 15:36,רב-קו,תחבורה,38.51,ILS,38.51,רגילה,0
user_021,2024-07-10 14:24,רכבת ישראל,תחבורה,65.15,ILS,65.15,רגילה,0
user_013,2024-07-05 21:00,Udemy,חינוך,184.43,ILS,184.43,הוראת קבע,0
user_034,2024-06-27 08:45,אייבורי,חשמל,154.67,EUR,618.68,"עסקת חו""ל",0
user_048,2024-05-24 00:10,נטפליקס,פנאי,538.41,ILS,538.41,רגילה,1
user_034,2024-04-02 09:04,ספוטיפיי,פנאי,61.93,ILS,61.93,רגילה,0
user_037,2024-08-07 18:41,Udemy,חינוך,424.41,ILS,424.41,רגילה,0
user_015,2024-04-10 10:18,Be,פארם,150.64,ILS,150.64,רגילה,0
user_019,2024-06-23 12:27,ספוטיפיי,פנאי,47.24,ILS,47.24,רגילה,0
user_037,2024-11-18 02:23,חברת חשמל,אחר,463.27,USD,1714.1,"עסקת חו""ל",1
user_016,2024-02-18 05:43,H&M,אופנה,3087.87,ILS,3087.87,רגילה,1
user_013,2024-02-07 13:38,דומינוס,מסעדות,163.87,ILS,163.87,רגילה,0
user_040,2024-11-09 20:38,סופר-פארם,פארם,106.82,ILS,106.82,רגילה,0
user_023,2024-07-11 18:12,KSP,חשמל,379.75,ILS,379.75,תשלומים,0
user_039,2024-09-21 17:35,Udemy,חינוך,66.18,EUR,264.72,"עסקת חו""ל",0
user_021,2024-11-03 11:19,סופר-פארם,פארם,132.92,ILS,132.92,תשלומים,0
user_040,2024-03-10 11:32,מחסני חשמל,חשמל,1236.99,ILS,1236.99,רגילה,0
user_020,2024-08-18 04:55,טיב טעם,סופרמרקט,4732.53,ILS,4732.53,רגילה,1
user_018,2024-05-10 16:01,סונול,דלק,195.39,ILS,195.39,תשלומים,0
user_039,2024-07-08 13:17,ויקטורי,סופרמרקט,662.3,ILS,662.3,רגילה,0
user_013,2024-02-27 17:59,KSP,חשמל,422.96,ILS,422.96,תשלומים,0
user_040,2024-03-24 13:18,סופר-פארם,פארם,195.68,ILS,195.68,רגילה,0
user_024,2024-05-15 13:48,רמי לוי,סופרמרקט,445.54,ILS,445.54,רגילה,0
user_036,2024-06-28 18:42,עירייה,אחר,267.51,ILS,267.51,רגילה,0
user_011,2024-07-11 15:50,שופרסל,סופרמרקט,288.56,ILS,288.56,רגילה,0
user_029,2024-08-25 16:15,Gett,תחבורה,48.57,ILS,48.57,רגילה,0
user_044,2024-10-14 13:49,סופר-פארם,פארם,101.66,ILS,101.66,הוראת קבע,0
user_010,2024-09-20 09:54,גולדה,מסעדות,193.95,ILS,193.95,רגילה,0
user_009,2024-09-26 17:50,דלק,דלק,264.73,ILS,264.73,רגילה,0
user_045,2024-06-15 09:46,Gett,תחבורה,71.11,ILS,71.11,רגילה,0
user_019,2024-12-11 16:21,סונול,דלק,169.4,ILS,169.4,רגילה,0
user_004,2024-05-26 19:41,אייבורי,חשמל,1217.67,ILS,1217.67,רגילה,0
user_038,2024-06-12 17:58,ויקטורי,סופרמרקט,309.92,ILS,309.92,הוראת קבע,0
user_012,2024-01-08 15:52,Udemy,חינוך,42.64,ILS,42.64,תשלומים,0
user_016,2024-08-19 16:45,דומינוס,מסעדות,45.24,ILS,45.24,רגילה,0
user_020,2024-01-08 10:22,פז,דלק,195.29,ILS,195.29,רגילה,0
user_021,2024-06-18 21:11,Be,פארם,187.09,ILS,187.09,רגילה,0
user_025,2024-01-09 17:18,טיב טעם,סופרמרקט,491.22,ILS,491.22,רגילה,0
user_045,2024-05-25 15:26,Be,פארם,184.01,ILS,184.01,רגילה,0
user_050,2024-11-15 12:58,סונול,דלק,192.95,ILS,192.95,רגילה,0
user_043,2024-04-03 18:12,חברת חשמל,אחר,151.18,ILS,151.18,רגילה,0
user_017,2024-06-23 21:14,סופר-פארם,פארם,62.57,ILS,62.57,תשלומים,0
user_023,2024-04-20 08:25,ספוטיפיי,פנאי,75.97,ILS,75.97,רגילה,0
user_024,2024-07-11 18:59,רב-קו,תחבורה,28.38,ILS,28.38,תשלומים,0
user_019,2024-12-12 08:23,ויקטורי,סופרמרקט,183.34,ILS,183.34,רגילה,0
user_012,2024-05-14 15:26,סונול,דלק,154.35,ILS,154.35,רגילה,0
user_049,2024-11-01 13:22,קסטרו,אופנה,371.91,ILS,371.91,רגילה,0
user_033,2024-11-12 15:07,סופר-פארם,פארם,134.82,ILS,134.82,רגילה,0
user_030,2024-08-13 21:33,עירייה,אחר,51.69,USD,191.25,"עסקת חו""ל",0
user_028,2024-08-20 20:26,רב-קו,תחבורה,58.34,ILS,58.34,רגילה,0
user_046,2024-07-21 16:08,עירייה,אחר,335.34,ILS,335.34,תשלומים,0
user_014,2024-10-10 10:00,ביטוח,אחר,363.37,ILS,363.37,רגילה,0
user_044,2024-09-10 15:53,חברת חשמל,אחר,10.0,ILS,10.0,רגילה,0
user_050,2024-09-01 20:32,Udemy,חינוך,222.16,ILS,222.16,רגילה,0
user_007,2024-11-12 17:01,קסטרו,אופנה,182.04,ILS,182.04,רגילה,0
user_021,2024-11-07 14:12,אוניברסיטה,חינוך,213.0,ILS,213.0,רגילה,0
user_048,2024-01-06 11:13,שופרסל,סופרמרקט,357.66,ILS,357.66,תשלומים,0
user_014,2024-09-11 13:46,אייבורי,חשמל,10.0,ILS,10.0,רגילה,0
user_035,2024-10-08 11:51,ספוטיפיי,פנאי,16.81,USD,62.2,"עסקת חו""ל",0
user_050,2024-11-27 10:47,ספוטיפיי,פנאי,83.64,ILS,83.64,תשלומים,0
user_005,2024-04-18 19:54,ביטוח,אחר,142.17,ILS,142.17,רגילה,0
user_002,2024-04-04 13:51,רכבת ישראל,תחבורה,78.08,ILS,78.08,רגילה,0
user_006,2024-09-27 18:50,נטפליקס,פנאי,92.96,ILS,92.96,רגילה,0
user_014,2024-10-17 13:38,יס פלאנט,פנאי,50.82,ILS,50.82,רגילה,0
user_049,2024-06-11 20:35,רכבת ישראל,תחבורה,42.42,ILS,42.42,הוראת קבע,0
user_017,2024-11-23 21:05,סופר-פארם,פארם,36.9,USD,136.53,"עסקת חו""ל",0
user_049,2024-12-13 11:11,סופר-פארם,פארם,17.36,EUR,69.44,"עסקת חו""ל",0
user_003,2024-01-03 08:18,חברת חשמל,אחר,247.58,ILS,247.58,רגילה,0
user_038,2024-04-22 10:01,קסטרו,אופנה,479.64,ILS,479.64,רגילה,0
user_036,2024-01-06 11:54,Gett,תחבורה,10.0,ILS,10.0,רגילה,0
user_031,2024-06-28 15:58,דומינוס,מסעדות,185.81,ILS,185.81,רגילה,0
user_002,2024-12-20 10:38,Gett,תחבורה,20.77,GBP,97.62,"עסקת חו""ל",0
user_027,2024-05-17 22:25,ביטוח,אחר,141.13,ILS,141.13,רגילה,0
user_032,2024-08-04 20:40,דומינוס,מסעדות,49.54,ILS,49.54,תשלומים,0
user_016,2024-02-10 11:04,רכבת ישראל,תחבורה,84.2,ILS,84.2,רגילה,0
user_048,2024-02-28 09:05,יס פלאנט,פנאי,70.14,ILS,70.14,רגילה,0
user_042,2024-04-07 14:24,דומינוס,מסעדות,138.99,ILS,138.99,תשלומים,0
user_023,2024-09-18 17:30,פז,דלק,166.13,ILS,166.13,רגילה,0
user_035,2024-11-27 15:00,זארה,אופנה,81.59,ILS,81.59,רגילה,0
user_035,2024-12-07 11:07,סונול,דלק,161.46,ILS,161.46,הוראת קבע,0
user_021,2024-11-12 08:57,טיב טעם,סופרמרקט,251.39,ILS,251.39,רגילה,0
user_042,2024-03-04 03:00,אייבורי,חשמל,6900.3,ILS,6900.3,רגילה,1
user_004,2024-07-18 20:46,טיב טעם,סופרמרקט,500.75,ILS,500.75,רגילה,0
user_038,2024-12-19 20:45,קסטרו,אופנה,261.57,ILS,261.57,רגילה,0
user_025,2024-10-15 10:37,ביטוח,אחר,248.39,ILS,248.39,רגילה,0
user_031,2024-06-24 12:40,KSP,חשמל,1281.16,ILS,1281.16,רגילה,0
user_043,2024-10-10 22:30,זארה,אופנה,10.0,ILS,10.0,תשלומים,0
user_032,2024-06-15 08:06,Udemy,חינוך,52.01,ILS,52.01,רגילה,0
user_045,2024-09-12 12:52,קפה גרג,מסעדות,100.69,ILS,100.69,רגילה,0
user_028,2024-07-11 09:18,Udemy,חינוך,92.73,ILS,92.73,רגילה,0
user_039,2024-07-25 20:23,סופר-פארם,פארם,216.41,ILS,216.41,רגילה,0
user_045,2024-06-23 12:07,פז,דלק,235.16,ILS,235.16,רגילה,0
user_038,2024-12-10 17:39,טיב טעם,סופרמרקט,143.55,ILS,143.55,תשלומים,0
user_020,2024-05-01 22:21,KSP,חשמל,1132.79,ILS,1132.79,רגילה,0
user_019,2024-12-12 08:50,רב-קו,תחבורה,47.73,ILS,47.73,תשלומים,0
user_018,2024-08-16 15:33,זארה,אופנה,10.0,ILS,10.0,רגילה,0
user_028,2024-09-01 11:34,מקדונלד'ס,מסעדות,204.11,ILS,204.11,רגילה,0
user_028,2024-02-21 16:16,דלק,דלק,135.73,ILS,135.73,רגילה,0
user_004,2024-11-20 12:59,רב-קו,תחבורה,25.29,ILS,25.29,רגילה,0
user_019,2024-07-16 19:48,פוקס,אופנה,496.94,ILS,496.94,תשלומים,0
user_035,2024-09-19 11:30,KSP,חשמל,975.23,ILS,975.23,רגילה,0
user_023,2024-08-12 16:49,KSP,חשמל,824.82,ILS,824.82,רגילה,0
user_029,2024-11-19 10:47,אייבורי,חשמל,966.07,ILS,966.07,רגילה,0
user_031,2024-02-11 21:48,דלק,דלק,67.62,EUR,270.48,"עסקת חו""ל",0
user_027,2024-04-25 05:07,אייבורי,חשמל,5152.93,ILS,5152.93,רגילה,1
user_041,2024-10-23 10:06,אוניברסיטה,חינוך,256.05,ILS,256.05,רגילה,0
user_030,2024-12-12 20:24,גולדה,מסעדות,89.61,ILS,89.61,רגילה,0
user_020,2024-10-08 10:41,סופר-פארם,פארם,147.45,ILS,147.45,הוראת קבע,0
user_042,2024-08-25 13:21,מקדונלד'ס,מסעדות,174.22,ILS,174.22,רגילה,0
user_013,2024-11-15 10:39,קסטרו,אופנה,193.73,ILS,193.73,רגילה,0
user_015,2024-06-10 21:55,סופר-פארם,פארם,121.23,ILS,121.23,רגילה,0
user_014,2024-02-21 12:02,סופר-פארם,פארם,231.19,ILS,231.19,רגילה,0
user_047,2024-11-02 14:26,KSP,חשמל,1017.18,ILS,1017.18,הוראת קבע,0
user_041,2024-05-18 20:35,טיב טעם,סופרמרקט,135.81,USD,502.5,"עסקת חו""ל",0
user_028,2024-08-21 17:59,חברת חשמל,אחר,145.09,ILS,145.09,תשלומים,0
user_022,2024-04-20 21:46,אייבורי,חשמל,1047.85,ILS,1047.85,רגילה,0
user_049,2024-10-27 09:44,עירייה,אחר,86.06,ILS,86.06,תשלומים,0
user_005,2024-07-02 08:04,אוניברסיטה,חינוך,173.87,ILS,173.87,רגילה,0
user_042,2024-12-13 11:51,סונול,דלק,222.1,ILS,222.1,תשלומים,0
user_026,2024-09-05 13:54,KSP,חשמל,1194.04,ILS,1194.04,תשלומים,0
user_004,2024-06-05 11:37,חברת חשמל,אחר,244.41,ILS,244.41,רגילה,0
user_044,2024-08-23 18:47,ויקטורי,סופרמרקט,238.52,ILS,238.52,תשלומים,0
user_042,2024-10-27 22:28,רב-קו,תחבורה,18.74,USD,69.34,"עסקת חו""ל",0
user_009,2024-01-02 15:39,דומינוס,מסעדות,130.38,ILS,130.38,רגילה,0
user_018,2024-02-14 21:51,קפה גרג,מסעדות,177.51,ILS,177.51,תשלומים,0
user_040,2024-12-24 18:23,Gett,תחבורה,74.1,ILS,74.1,רגילה,0
user_031,2024-05-11 22:19,ביטוח,אחר,230.65,ILS,230.65,רגילה,0
user_048,2024-07-04 22:42,אוניברסיטה,חינוך,67.02,ILS,67.02,תשלומים,0
user_020,2024-04-01 11:53,אייבורי,חשמל,1670.51,ILS,1670.51,רגילה,0
user_031,2024-06-10 08:24,אוניברסיטה,חינוך,76.77,ILS,76.77,תשלומים,0
user_026,2024-08-19 14:52,פז,דלק,250.82,ILS,250.82,רגילה,0
user_037,2024-12-08 11:40,סופר-פארם,פארם,10.0,ILS,10.0,רגילה,0
user_028,2024-04-05 08:41,רכבת ישראל,תחבורה,65.82,ILS,65.82,רגילה,0
user_018,2024-07-15 17:15,Be,פארם,186.99,ILS,186.99,רגילה,0
user_028,2024-01-13 11:38,Udemy,חינוך,70.98,ILS,70.98,רגילה,0
user_012,2024-10-05 18:03,פז,דלק,305.31,ILS,305.31,רגילה,0
user_038,2024-02-09 15:58,ביטוח,אחר,119.57,ILS,119.57,רגילה,0
user_045,2024-04-15 09:17,גולדה,מסעדות,95.85,ILS,95.85,רגילה,0
user_013,2024-12-11 17:37,Udemy,חינוך,248.15,ILS,248.15,תשלומים,0
user_045,2024-07-13 13:53,מחסני חשמל,חשמל,911.96,ILS,911.96,רגילה,0
user_044,2024-12-15 12:33,רכבת ישראל,תחבורה,37.28,ILS,37.28,רגילה,0
user_014,2024-08-02 21:47,Be,פארם,144.75,ILS,144.75,תשלומים,0
user_010,2024-05-22 15:30,רכבת ישראל,תחבורה,35.22,ILS,35.22,רגילה,0
user_043,2024-10-25 12:13,דומינוס,מסעדות,67.24,ILS,67.24,רגילה,0
user_003,2024-07-06 17:05,מקדונלד'ס,מסעדות,104.09,ILS,104.09,רגילה,0
user_015,2024-04-08 15:22,KSP,חשמל,951.7,ILS,951.7,רגילה,0
user_021,2024-11-27 21:11,מקדונלד'ס,מסעדות,16.1,GBP,75.67,"עסקת חו""ל",0
user_042,2024-07-09 14:57,אוניברסיטה,חינוך,225.32,ILS,225.32,הוראת קבע,0
user_023,2024-06-20 12:39,אוניברסיטה,חינוך,85.48,ILS,85.48,רגילה,0
user_022,2024-04-25 18:27,רכבת ישראל,תחבורה,53.95,ILS,53.95,רגילה,0
user_037,2024-05-12 18:59,פוקס,אופנה,232.05,ILS,232.05,רגילה,0
user_003,2024-02-17 17:37,רכבת ישראל,תחבורה,36.97,ILS,36.97,רגילה,0
user_021,2024-01-06 13:52,מחסני חשמל,חשמל,338.7,ILS,338.7,רגילה,0
user_048,2024-06-28 18:25,ביטוח,אחר,275.19,ILS,275.19,רגילה,0
user_039,2024-02-07 18:32,דלק,דלק,126.27,ILS,126.27,רגילה,0
user_033,2024-09-20 08:08,ביטוח,אחר,133.74,ILS,133.74,רגילה,0
user_034,2024-01-19 03:19,ספוטיפיי,פנאי,376.83,ILS,376.83,רגילה,1
user_030,2024-08-22 12:42,קסטרו,אופנה,250.44,ILS,250.44,רגילה,0
user_015,2024-05-03 08:54,מחסני חשמל,חשמל,680.29,ILS,680.29,רגילה,0
user_003,2024-11-18 13:18,H&M,אופנה,10.0,ILS,10.0,תשלומים,0
user_018,2024-06-04 19:59,H&M,אופנה,142.59,ILS,142.59,תשלומים,0
user_033,2024-11-20 19:38,סופר-פארם,פארם,24.31,ILS,24.31,רגילה,0
user_009,2024-03-14 05:22,גולדה,מסעדות,1475.14,ILS,1475.14,רגילה,1
user_034,2024-08-28 16:26,ספוטיפיי,פנאי,77.74,ILS,77.74,רגילה,0
user_030,2024-12-02 19:29,חברת חשמל,אחר,227.65,ILS,227.65,רגילה,0
user_038,2024-01-17 21:35,עירייה,אחר,133.11,ILS,133.11,רגילה,0
user_021,2024-12-24 10:46,טיב טעם,סופרמרקט,505.1,ILS,505.1,תשלומים,0
user_038,2024-04-21 20:06,ספוטיפיי,פנאי,33.81,ILS,33.81,רגילה,0
user_006,2024-06-15 19:36,ויקטורי,סופרמרקט,207.12,ILS,207.12,תשלומים,0
user_014,2024-07-21 16:39,טיב טעם,סופרמרקט,345.55,ILS,345.55,רגילה,0
user_008,2024-03-21 19:19,חברת חשמל,אחר,34.08,ILS,34.08,רגילה,0
user_019,2024-03-04 09:41,Gett,תחבורה,61.53,ILS,61.53,הוראת קבע,0
user_011,2024-10-12 20:00,דומינוס,מסעדות,151.55,ILS,151.55,רגילה,0
user_026,2024-12-23 16:05,פוקס,אופנה,479.95,ILS,479.95,רגילה,0
user_004,2024-11-23 19:47,שופרסל,סופרמרקט,328.18,ILS,328.18,רגילה,0
user_023,2024-04-24 08:09,KSP,חשמל,787.34,ILS,787.34,רגילה,0
user_025,2024-12-20 12:32,סונול,דלק,163.36,ILS,163.36,תשלומים,0
user_002,2024-10-26 11:48,אייבורי,חשמל,648.64,ILS,648.64,רגילה,0
user_042,2024-08-19 22:09,קפה גרג,מסעדות,191.66,ILS,191.66,רגילה,0
user_042,2024-09-10 14:40,Udemy,חינוך,265.03,ILS,265.03,רגילה,0
user_005,2024-08-21 16:26,דומינוס,מסעדות,148.21,ILS,148.21,רגילה,0
user_012,2024-12-09 20:29,עירייה,אחר,129.19,ILS,129.19,רגילה,0
user_009,2024-12-16 16:02,קפה גרג,מסעדות,86.85,ILS,86.85,רגילה,0
user_048,2024-04-23 03:22,רב-קו,תחבורה,680.72,ILS,680.72,רגילה,1
user_020,2024-05-23 16:51,אוניברסיטה,חינוך,286.26,ILS,286.26,תשלומים,0
user_011,2024-01-19 15:48,רכבת ישראל,תחבורה,42.07,ILS,42.07,רגילה,0
user_014,2024-02-03 09:13,Gett,תחבורה,28.31,ILS,28.31,רגילה,0
user_027,2024-03-01 18:46,דלק,דלק,194.08,ILS,194.08,רגילה,0
user_010,2024-12-28 22:29,סופר-פארם,פארם,17.52,ILS,17.52,הוראת קבע,0
user_046,2024-11-06 16:38,Udemy,חינוך,10.0,ILS,10.0,רגילה,0
user_022,2024-07-16 19:06,רכבת ישראל,תחבורה,23.84,ILS,23.84,תשלומים,0
user_024,2024-05-12 08:30,גולדה,מסעדות,108.82,ILS,108.82,תשלומים,0
user_023,2024-04-23 09:41,טיב טעם,סופרמרקט,324.42,ILS,324.42,רגילה,0
user_041,2024-06-11 21:22,טיב טעם,סופרמרקט,447.24,ILS,447.24,רגילה,0
user_004,2024-05-24 10:47,סונול,דלק,228.59,ILS,228.59,רגילה,0
user_049,2024-08-27 09:37,סופר-פארם,פארם,189.65,ILS,189.65,תשלומים,0
user_042,2024-07-15 11:07,KSP,חשמל,943.14,ILS,943.14,רגילה,0
user_031,2024-05-26 17:30,H&M,אופנה,189.0,ILS,189.0,רגילה,0
user_010,2024-08-05 08:06,יס פלאנט,פנאי,64.47,ILS,64.47,תשלומים,0
user_038,2024-04-04 15:38,קסטרו,אופנה,303.09,ILS,303.09,רגילה,0
user_017,2024-02-20 10:42,פז,דלק,150.68,ILS,150.68,רגילה,0
user_046,2024-02-16 19:37,Be,פארם,114.04,ILS,114.04,רגילה,0
user_044,2024-09-11 17:58,חברת חשמל,אחר,256.72,ILS,256.72,רגילה,0
user_034,2024-06-03 17:55,פוקס,אופנה,59.35,GBP,278.94,"עסקת חו""ל",0
user_004,2024-01-22 18:03,אוניברסיטה,חינוך,408.6,ILS,408.6,תשלומים,0
user_010,2024-03-13 18:49,Gett,תחבורה,83.91,ILS,83.91,רגילה,0
user_019,2024-11-05 14:51,זארה,אופנה,540.62,ILS,540.62,רגילה,0
user_004,2024-07-05 09:32,קפה גרג,מסעדות,166.4,ILS,166.4,רגילה,0
user_023,2024-03-07 13:27,סונול,דלק,258.07,ILS,258.07,רגילה,0
user_040,2024-05-28 09:37,ביטוח,אחר,238.1,ILS,238.1,רגילה,0
user_025,2024-05-26 16:19,Be,פארם,106.01,ILS,106.01,רגילה,0
user_047,2024-01-26 22:10,פוקס,אופנה,321.43,ILS,321.43,תשלומים,0
user_022,2024-05-06 11:17,H&M,אופנה,329.9,ILS,329.9,רגילה,0
user_004,2024-12-13 16:55,שופרסל,סופרמרקט,375.71,ILS,375.71,רגילה,0
user_013,2024-06-16 21:00,Udemy,חינוך,38.33,EUR,153.32,"עסקת חו""ל",0
user_011,2024-09-06 11:34,ויקטורי,סופרמרקט,202.14,ILS,202.14,רגילה,0
user_028,2024-12-16 21:46,ביטוח,אחר,35.84,GBP,168.45,"עסקת חו""ל",0
user_038,2024-09-24 17:36,Be,פארם,34.8,ILS,34.8,תשלומים,0
user_020,2024-05-13 14:18,H&M,אופנה,99.52,GBP,467.74,"עסקת חו""ל",0
user_037,2024-11-21 02:05,ספוטיפיי,פנאי,554.1,ILS,554.1,רגילה,1
user_025,2024-06-04 20:16,KSP,חשמל,685.15,ILS,685.15,רגילה,0
user_005,2024-06-19 19:25,KSP,חשמל,461.96,ILS,461.96,רגילה,0
user_021,2024-01-03 02:50,מקדונלד'ס,מסעדות,1117.4,ILS,1117.4,רגילה,1
user_010,2024-04-21 18:52,רכבת ישראל,תחבורה,65.91,ILS,65.91,רגילה,0
user_011,2024-11-20 17:29,דלק,דלק,60.86,EUR,243.44,"עסקת חו""ל",0
user_040,2024-09-21 15:31,סונול,דלק,184.42,ILS,184.42,תשלומים,0
user_010,2024-01-22 11:30,זארה,אופנה,254.23,ILS,254.23,רגילה,0
user_031,2024-04-03 09:00,סופר-פארם,פארם,12.88,GBP,60.54,"עסקת חו""ל",0
user_001,2024-12-11 19:43,מקדונלד'ס,מסעדות,131.27,ILS,131.27,רגילה,0
user_016,2024-11-07 22:55,Udemy,חינוך,220.66,ILS,220.66,רגילה,0
user_020,2024-09-23 20:32,KSP,חשמל,1162.42,ILS,1162.42,רגילה,0
user_025,2024-12-27 16:35,דלק,דלק,143.04,ILS,143.04,תשלומים,0
user_047,2024-05-03 18:13,KSP,חשמל,614.62,ILS,614.62,רגילה,0
user_048,2024-05-16 21:51,רב-קו,תחבורה,49.88,ILS,49.88,הוראת קבע,0
user_022,2024-11-20 08:45,רמי לוי,סופרמרקט,156.39,ILS,156.39,רגילה,0
user_026,2024-01-08 13:57,רב-קו,תחבורה,24.75,ILS,24.75,רגילה,0
user_001,2024-01-17 19:43,Udemy,חינוך,14.84,ILS,14.84,תשלומים,0
user_005,2024-05-03 14:36,קסטרו,אופנה,282.8,ILS,282.8,תשלומים,0
user_044,2024-12-19 01:47,Gett,תחבורה,641.09,ILS,641.09,רגילה,1
user_014,2024-10-19 22:15,קסטרו,אופנה,209.34,ILS,209.34,הוראת קבע,0
user_027,2024-11-10 21:55,סופר-פארם,פארם,164.17,ILS,164.17,רגילה,0
user_021,2024-08-23 03:07,דומינוס,מסעדות,1208.11,ILS,1208.11,הוראת קבע,1
user_041,2024-09-05 13:57,רמי לוי,סופרמרקט,511.61,ILS,511.61,רגילה,0
user_004,2024-06-03 10:32,רב-קו,תחבורה,27.66,ILS,27.66,רגילה,0
user_029,2024-08-17 12:00,מקדונלד'ס,מסעדות,118.57,ILS,118.57,רגילה,0
user_012,2024-01-15 20:04,KSP,חשמל,41.05,USD,151.88,"עסקת חו""ל",0
user_027,2024-05-05 10:07,נטפליקס,פנאי,31.39,ILS,31.39,רגילה,0
user_042,2024-08-11 09:42,זארה,אופנה,133.5,ILS,133.5,רגילה,0
user_013,2024-10-24 20:43,שופרסל,סופרמרקט,239.51,ILS,239.51,רגילה,0
user_019,2024-07-08 14:52,אוניברסיטה,חינוך,367.01,ILS,367.01,רגילה,0
user_044,2024-03-10 09:30,נטפליקס,פנאי,39.51,ILS,39.51,תשלומים,0
user_016,2024-12-05 02:40,ביטוח,אחר,1017.28,ILS,1017.28,רגילה,1
user_015,2024-08-05 20:44,ויקטורי,סופרמרקט,308.62,ILS,308.62,רגילה,0
user_049,2024-09-11 15:10,Be,פארם,157.2,ILS,157.2,רגילה,0
user_041,2024-04-08 09:52,סופר-פארם,פארם,71.38,ILS,71.38,רגילה,0
user_049,2024-05-26 12:09,מקדונלד'ס,מסעדות,36.48,ILS,36.48,רגילה,0
user_001,2024-06-26 16:00,שופרסל,סופרמרקט,303.93,ILS,303.93,רגילה,0
user_019,2024-09-26 14:03,עירייה,אחר,278.65,ILS,278.65,רגילה,0
user_027,2024-06-03 16:58,עירייה,אחר,160.61,ILS,160.61,רגילה,0
user_031,2024-06-07 17:07,זארה,אופנה,264.16,ILS,264.16,רגילה,0
user_021,2024-01-03 12:10,H&M,אופנה,265.33,ILS,265.33,רגילה,0
user_026,2024-07-04 21:45,מקדונלד'ס,מסעדות,91.28,ILS,91.28,תשלומים,0
user_039,2024-06-01 12:45,H&M,אופנה,196.01,ILS,196.01,הוראת קבע,0
user_033,2024-02-27 08:10,חברת חשמל,אחר,5.77,USD,21.35,"עסקת חו""ל",0
user_040,2024-05-10 02:05,רמי לוי,סופרמרקט,4781.74,ILS,4781.74,רגילה,1
user_031,2024-04-06 02:42,מחסני חשמל,חשמל,9158.71,ILS,9158.71,רגילה,1
user_028,2024-11-10 10:50,ביטוח,אחר,180.84,ILS,180.84,רגילה,0
user_018,2024-02-01 20:56,Udemy,חינוך,293.87,ILS,293.87,רגילה,0
user_042,2024-03-08 16:44,זארה,אופנה,326.98,ILS,326.98,רגילה,0
user_019,2024-12-07 13:38,Be,פארם,153.45,ILS,153.45,רגילה,0
user_050,2024-01-28 19:54,פז,דלק,231.79,ILS,231.79,הוראת קבע,0
user_021,2024-01-26 21:25,דומינוס,מסעדות,118.97,ILS,118.97,תשלומים,0
user_023,2024-11-06 13:26,אייבורי,חשמל,470.23,ILS,470.23,רגילה,0
user_008,2024-02-16 13:48,אייבורי,חשמל,10.0,ILS,10.0,רגילה,0
user_023,2024-05-10 00:48,עירייה,אחר,1974.29,ILS,1974.29,רגילה,1
user_040,2024-07-02 09:06,H&M,אופנה,252.04,ILS,252.04,רגילה,0
user_049,2024-06-11 21:40,דומינוס,מסעדות,174.22,ILS,174.22,רגילה,0
user_043,2024-01-17 09:05,עירייה,אחר,362.93,ILS,362.93,תשלומים,0
user_008,2024-01-25 11:37,קסטרו,אופנה,10.0,ILS,10.0,רגילה,0
user_008,2024-06-21 18:54,פוקס,אופנה,298.83,ILS,298.83,רגילה,0
user_021,2024-06-11 08:53,H&M,אופנה,330.12,ILS,330.12,רגילה,0
user_043,2024-03-11 18:03,עירייה,אחר,182.53,ILS,182.53,רגילה,0
user_032,2024-01-09 08:36,סופר-פארם,פארם,98.81,ILS,98.81,רגילה,0
user_007,2024-07-18 09:33,רמי לוי,סופרמרקט,372.32,ILS,372.32,תשלומים,0
user_002,2024-02-28 08:14,פוקס,אופנה,336.95,ILS,336.95,רגילה,0
user_031,2024-07-16 14:09,מקדונלד'ס,מסעדות,162.86,ILS,162.86,רגילה,0
user_040,2024-06-22 08:02,מחסני חשמל,חשמל,341.08,USD,1262.0,"עסקת חו""ל",0
user_003,2024-12-07 18:09,רב-קו,תחבורה,10.37,EUR,41.48,"עסקת חו""ל",0
user_036,2024-08-18 17:15,דומינוס,מסעדות,64.24,ILS,64.24,רגילה,0
user_002,2024-11-22 14:42,רכבת ישראל,תחבורה,63.21,ILS,63.21,רגילה,0
user_043,2024-01-02 12:24,קפה גרג,מסעדות,70.25,ILS,70.25,רגילה,0
user_007,2024-10-23 14:51,KSP,חשמל,809.81,ILS,809.81,רגילה,0
user_014,2024-04-14 14:36,נטפליקס,פנאי,60.13,ILS,60.13,רגילה,0
user_014,2024-10-27 11:39,Gett,תחבורה,54.66,ILS,54.66,רגילה,0
user_038,2024-05-26 17:53,ספוטיפיי,פנאי,60.21,ILS,60.21,רגילה,0
user_044,2024-11-06 18:01,ביטוח,אחר,221.15,ILS,221.15,רגילה,0
user_001,2024-11-07 09:45,זארה,אופנה,10.0,ILS,10.0,תשלומים,0
user_005,2024-04-20 16:38,קסטרו,אופנה,452.22,ILS,452.22,רגילה,0
user_040,2024-01-02 11:17,ביטוח,אחר,249.87,ILS,249.87,רגילה,0
user_030,2024-07-04 08:00,H&M,אופנה,423.62,ILS,423.62,רגילה,0
user_039,2024-09-03 14:23,ויקטורי,סופרמרקט,638.78,ILS,638.78,הוראת קבע,0
user_045,2024-02-21 21:22,מחסני חשמל,חשמל,881.08,ILS,881.08,תשלומים,0
user_017,2024-10-17 19:56,Udemy,חינוך,157.88,ILS,157.88,רגילה,0
user_036,2024-09-23 08:38,דלק,דלק,242.77,ILS,242.77,הוראת קבע,0
user_006,2024-08-03 09:48,סופר-פארם,פארם,190.4,ILS,190.4,הוראת קבע,0
user_030,2024-07-03 16:39,חברת חשמל,אחר,255.97,ILS,255.97,רגילה,0
user_033,2024-06-06 20:47,אייבורי,חשמל,541.66,ILS,541.66,רגילה,0
user_050,2024-07-16 16:07,KSP,חשמל,1004.34,ILS,1004.34,רגילה,0
user_009,2024-07-28 04:12,ויקטורי,סופרמרקט,4755.23,ILS,4755.23,רגילה,1
user_005,2024-08-13 22:43,אוניברסיטה,חינוך,31.93,EUR,127.72,"עסקת חו""ל",0
user_004,2024-04-25 20:35,KSP,חשמל,832.58,ILS,832.58,תשלומים,0
user_033,2024-01-08 15:04,דלק,דלק,44.54,USD,164.8,"עסקת חו""ל",0
user_011,2024-08-06 10:36,רכבת ישראל,תחבורה,47.58,ILS,47.58,תשלומים,0
user_019,2024-08-15 13:02,גולדה,מסעדות,58.64,ILS,58.64,רגילה,0
user_013,2024-05-01 12:36,נטפליקס,פנאי,39.39,ILS,39.39,הוראת קבע,0
user_010,2024-10-12 15:23,סונול,דלק,210.89,ILS,210.89,רגילה,0
user_006,2024-10-07 14:05,Udemy,חינוך,389.69,ILS,389.69,רגילה,0
user_015,2024-06-19 11:37,מקדונלד'ס,מסעדות,106.83,ILS,106.83,רגילה,0
user_005,2024-04-14 16:45,סופר-פארם,פארם,33.73,USD,124.8,"עסקת חו""ל",0
user_008,2024-04-20 18:17,אוניברסיטה,חינוך,293.9,ILS,293.9,רגילה,0
user_026,2024-10-26 16:35,Be,פארם,34.14,GBP,160.46,"עסקת חו""ל",0
user_007,2024-02-23 16:24,יס פלאנט,פנאי,71.5,ILS,71.5,רגילה,0
user_017,2024-06-22 21:04,קסטרו,אופנה,82.03,ILS,82.03,רגילה,0
user_049,2024-08-02 13:24,פוקס,אופנה,363.29,ILS,363.29,רגילה,0
user_007,2024-10-27 21:01,Udemy,חינוך,284.31,ILS,284.31,רגילה,0
user_042,2024-11-23 12:07,דלק,דלק,220.11,ILS,220.11,רגילה,0
user_017,2024-10-18 22:36,אוניברסיטה,חינוך,107.45,ILS,107.45,רגילה,0
user_018,2024-10-11 18:54,סופר-פארם,פארם,243.45,ILS,243.45,רגילה,0
user_031,2024-06-02 21:03,רב-קו,תחבורה,43.31,ILS,43.31,רגילה,0
user_005,2024-05-13 19:13,אוניברסיטה,חינוך,257.91,ILS,257.91,רגילה,0
user_028,2024-09-10 14:01,רכבת ישראל,תחבורה,27.29,ILS,27.29,רגילה,0
user_036,2024-09-23 22:14,רב-קו,תחבורה,32.46,ILS,32.46,רגילה,0
user_029,2024-11-02 22:45,Be,פארם,83.5,ILS,83.5,רגילה,0
user_026,2024-07-17 10:57,אוניברסיטה,חינוך,188.54,ILS,188.54,רגילה,0
user_018,2024-04-01 11:56,Udemy,חינוך,10.0,ILS,10.0,רגילה,0
user_050,2024-06-01 16:24,פוקס,אופנה,167.45,ILS,167.45,רגילה,0
user_014,2024-12-07 12:42,דומינוס,מסעדות,106.74,ILS,106.74,רגילה,0
user_025,2024-11-11 18:03,מקדונלד'ס,מסעדות,144.62,ILS,144.62,רגילה,0
user_031,2024-05-28 10:09,מחסני חשמל,חשמל,321.93,EUR,1287.72,"עסקת חו""ל",0
user_039,2024-08-08 11:53,H&M,אופנה,10.0,ILS,10.0,רגילה,0
user_018,2024-01-05 20:45,נטפליקס,פנאי,11.39,GBP,53.53,"עסקת חו""ל",0
user_007,2024-11-08 21:23,ויקטורי,סופרמרקט,229.55,ILS,229.55,רגילה,0
user_015,2024-08-01 10:16,KSP,חשמל,1368.06,ILS,1368.06,רגילה,0
user_004,2024-09-27 09:03,Be,פארם,243.47,ILS,243.47,רגילה,0
user_044,2024-09-04 16:42,Be,פארם,29.39,ILS,29.39,רגילה,0
user_045,2024-10-21 08:22,קסטרו,אופנה,448.34,ILS,448.34,תשלומים,0
user_017,2024-07-06 09:46,טיב טעם,סופרמרקט,436.63,ILS,436.63,רגילה,0
user_044,2024-03-09 20:53,סופר-פארם,פארם,244.72,ILS,244.72,רגילה,0
user_020,2024-12-10 09:59,אוניברסיטה,חינוך,241.79,ILS,241.79,תשלומים,0
user_049,2024-11-08 10:32,Udemy,חינוך,113.95,ILS,113.95,רגילה,0
user_030,2024-07-20 13:58,גולדה,מסעדות,74.05,ILS,74.05,רגילה,0
user_028,2024-06-15 19:35,סופר-פארם,פארם,191.5,ILS,191.5,רגילה,0
user_001,2024-09-22 15:44,רכבת ישראל,תחבורה,42.63,ILS,42.63,רגילה,0
user_011,2024-01-25 14:03,עירייה,אחר,304.31,ILS,304.31,רגילה,0
user_049,2024-09-20 18:55,חברת חשמל,אחר,176.32,ILS,176.32,רגילה,0
user_031,2024-11-17 21:40,מחסני חשמל,חשמל,1184.57,ILS,1184.57,תשלומים,0
user_038,2024-09-25 13:05,דומינוס,מסעדות,117.78,ILS,117.78,תשלומים,0
user_045,2024-04-22 12:30,סונול,דלק,228.41,ILS,228.41,רגילה,0
user_032,2024-09-12 22:17,H&M,אופנה,73.56,USD,272.17,"עסקת חו""ל",0
user_023,2024-05-24 16:41,מחסני חשמל,חשמל,1015.08,ILS,1015.08,רגילה,0
user_027,2024-04-01 16:19,שופרסל,סופרמרקט,207.32,ILS,207.32,רגילה,0
user_031,2024-08-02 13:50,פוקס,אופנה,278.07,ILS,278.07,רגילה,0
user_039,2024-04-18 08:35,מחסני חשמל,חשמל,202.4,EUR,809.6,"עסקת חו""ל",0
user_048,2024-10-22 12:29,Udemy,חינוך,16.29,ILS,16.29,רגילה,0
user_012,2024-11-21 11:00,אוניברסיטה,חינוך,257.87,ILS,257.87,תשלומים,0
user_018,2024-02-18 18:30,זארה,אופנה,62.53,ILS,62.53,רגילה,0
user_035,2024-08-12 22:04,סופר-פארם,פארם,93.86,ILS,93.86,תשלומים,0
user_014,2024-12-26 15:09,סונול,דלק,148.6,ILS,148.6,רגילה,0
user_007,2024-03-23 13:28,דלק,דלק,131.71,ILS,131.71,רגילה,0
user_015,2024-07-25 18:16,רמי לוי,סופרמרקט,306.17,ILS,306.17,רגילה,0
user_031,2024-03-26 10:32,רכבת ישראל,תחבורה,14.41,ILS,14.41,תשלומים,0
user_014,2024-03-11 22:42,Be,פארם,10.0,ILS,10.0,רגילה,0
user_031,2024-04-28 20:06,סופר-פארם,פארם,186.06,ILS,186.06,רגילה,0
user_038,2024-06-05 22:15,קסטרו,אופנה,266.56,ILS,266.56,רגילה,0
user_036,2024-04-19 13:30,טיב טעם,סופרמרקט,83.45,ILS,83.45,רגילה,0
user_029,2024-08-14 21:46,מקדונלד'ס,מסעדות,92.36,ILS,92.36,רגילה,0
user_007,2024-05-02 13:30,טיב טעם,סופרמרקט,353.42,ILS,353.42,רגילה,0
user_036,2024-08-21 01:57,סונול,דלק,2979.14,ILS,2979.14,רגילה,1
user_042,2024-09-23 13:21,KSP,חשמל,93.52,GBP,439.54,"עסקת חו""ל",0
user_001,2024-09-07 00:00,H&M,אופנה,2025.35,ILS,2025.35,רגילה,1
user_038,2024-06-08 08:35,ספוטיפיי,פנאי,73.09,ILS,73.09,רגילה,0
user_026,2024-07-26 20:32,KSP,חשמל,766.25,ILS,766.25,תשלומים,0
user_012,2024-07-09 20:13,קסטרו,אופנה,170.65,ILS,170.65,רגילה,0
user_019,2024-10-28 13:01,שופרסל,סופרמרקט,335.06,ILS,335.06,רגילה,0
user_019,2024-09-06 09:15,רב-קו,תחבורה,58.77,ILS,58.77,רגילה,0
user_040,2024-03-03 08:39,פוקס,אופנה,403.94,ILS,403.94,הוראת קבע,0
user_017,2024-11-07 13:21,רכבת ישראל,תחבורה,65.27,ILS,65.27,רגילה,0
user_037,2024-03-09 10:47,נטפליקס,פנאי,35.38,ILS,35.38,רגילה,0
user_044,2024-12-06 16:14,קפה גרג,מסעדות,124.75,ILS,124.75,רגילה,0
user_018,2024-03-28 18:12,יס פלאנט,פנאי,14.08,USD,52.1,"עסקת חו""ל",0
user_013,2024-06-08 20:40,ביטוח,אחר,190.32,ILS,190.32,רגילה,0
user_041,2024-12-07 21:56,Udemy,חינוך,292.17,ILS,292.17,רגילה,0
user_005,2024-11-24 11:40,מקדונלד'ס,מסעדות,80.11,ILS,80.11,רגילה,0
user_006,2024-12-07 14:40,דומינוס,מסעדות,132.36,ILS,132.36,רגילה,0
user_046,2024-11-18 14:48,Be,פארם,10.0,ILS,10.0,רגילה,0
user_020,2024-06-01 08:48,ביטוח,אחר,266.47,ILS,266.47,רגילה,0
user_010,2024-06-16 21:40,ביטוח,אחר,10.0,ILS,10.0,רגילה,0
user_010,2024-08-13 18:26,פז,דלק,179.75,ILS,179.75,רגילה,0
user_021,2024-11-22 08:31,רכבת ישראל,תחבורה,23.58,ILS,23.58,תשלומים,0
user_023,2024-09-08 16:50,שופרסל,סופרמרקט,115.96,EUR,463.84,"עסקת חו""ל",0
user_037,2024-10-25 10:03,יס פלאנט,פנאי,33.63,ILS,33.63,רגילה,0
user_050,2024-10-25 19:21,מקדונלד'ס,מסעדות,62.17,ILS,62.17,רגילה,0
user_014,2024-08-01 13:03,אייבורי,חשמל,530.58,ILS,530.58,רגילה,0
user_018,2024-04-15 22:39,פז,דלק,205.71,ILS,205.71,תשלומים,0
user_004,2024-07-10 19:10,רכבת ישראל,תחבורה,33.72,ILS,33.72,הוראת קבע,0
user_039,2024-11-15 08:58,Udemy,חינוך,104.01,ILS,104.01,רגילה,0
user_034,2024-08-16 21:23,סופר-פארם,פארם,128.76,ILS,128.76,רגילה,0
user_022,2024-01-20 21:28,רב-קו,תחבורה,16.33,EUR,65.32,"עסקת חו""ל",0
user_008,2024-05-09 22:04,רמי לוי,סופרמרקט,365.53,ILS,365.53,רגילה,0
user_023,2024-10-06 11:29,ביטוח,אחר,208.67,ILS,208.67,רגילה,0
user_048,2024-05-05 22:17,עירייה,אחר,94.64,ILS,94.64,רגילה,0
user_028,2024-07-01 01:35,חברת חשמל,אחר,2624.88,ILS,2624.88,רגילה,1
user_032,2024-11-04 00:57,נטפליקס,פנאי,117.37,EUR,469.48,"עסקת חו""ל",1
user_007,2024-02-11 20:53,Be,פארם,25.4,USD,93.98,"עסקת חו""ל",0
user_015,2024-07-20 10:28,רכבת ישראל,תחבורה,56.85,ILS,56.85,תשלומים,0
user_029,2024-03-12 11:36,טיב טעם,סופרמרקט,395.73,ILS,395.73,רגילה,0
user_005,2024-12-23 16:46,עירייה,אחר,76.57,USD,283.31,"עסקת חו""ל",0
user_039,2024-02-28 21:09,קסטרו,אופנה,10.0,ILS,10.0,רגילה,0
user_028,2024-03-16 18:11,Be,פארם,22.47,GBP,105.61,"עסקת חו""ל",0
user_003,2024-06-11 11:05,חברת חשמל,אחר,38.68,USD,143.12,"עסקת חו""ל",0
user_032,2024-12-20 22:54,פז,דלק,203.7,ILS,203.7,תשלומים,0
user_024,2024-11-28 15:04,סופר-פארם,פארם,75.3,ILS,75.3,רגילה,0
user_045,2024-04-01 19:20,עירייה,אחר,176.36,ILS,176.36,תשלומים,0
user_037,2024-07-10 10:50,עירייה,אחר,99.47,ILS,99.47,רגילה,0
user_016,2024-10-25 20:20,טיב טעם,סופרמרקט,365.25,ILS,365.25,רגילה,0
user_037,2024-07-20 19:29,אוניברסיטה,חינוך,55.76,ILS,55.76,רגילה,0
user_026,2024-06-18 08:47,אייבורי,חשמל,10.0,ILS,10.0,רגילה,0
user_047,2024-05-22 17:06,עירייה,אחר,283.18,ILS,283.18,רגילה,0
user_013,2024-01-21 17:39,Gett,תחבורה,10.65,USD,39.41,"עסקת חו""ל",0
user_036,2024-06-09 14:11,Gett,תחבורה,7.74,GBP,36.38,"עסקת חו""ל",0
user_048,2024-10-10 11:43,Be,פארם,226.24,ILS,226.24,רגילה,0
user_013,2024-12-14 20:10,Gett,תחבורה,22.98,ILS,22.98,הוראת קבע,0
user_041,2024-03-18 14:56,KSP,חשמל,2195.15,ILS,2195.15,רגילה,0
user_013,2024-04-22 13:46,אוניברסיטה,חינוך,143.84,ILS,143.84,רגילה,0
user_002,2024-10-17 09:10,פוקס,אופנה,225.81,ILS,225.81,רגילה,0
user_035,2024-04-21 21:46,קסטרו,אופנה,242.83,ILS,242.83,תשלומים,0
user_032,2024-01-04 14:55,מקדונלד'ס,מסעדות,84.25,ILS,84.25,רגילה,0
user_030,2024-09-23 18:51,רב-קו,תחבורה,48.32,ILS,48.32,רגילה,0
user_040,2024-03-09 11:05,ביטוח,אחר,363.67,ILS,363.67,רגילה,0
user_038,2024-12-07 12:29,קפה גרג,מסעדות,143.09,ILS,143.09,תשלומים,0
user_031,2024-01-17 13:07,KSP,חשמל,833.12,ILS,833.12,רגילה,0
user_017,2024-04-21 22:28,קסטרו,אופנה,323.78,ILS,323.78,רגילה,0
user_013,2024-05-05 18:31,דומינוס,מסעדות,85.39,ILS,85.39,רגילה,0
user_021,2024-04-16 12:02,קסטרו,אופנה,377.85,ILS,377.85,רגילה,0
user_007,2024-01-26 11:45,פוקס,אופנה,162.22,ILS,162.22,רגילה,0
user_010,2024-08-15 08:24,שופרסל,סופרמרקט,338.31,ILS,338.31,רגילה,0
user_034,2024-02-24 01:49,ספוטיפיי,פנאי,692.94,ILS,692.94,רגילה,1
user_023,2024-02-13 11:15,טיב טעם,סופרמרקט,88.82,GBP,417.45,"עסקת חו""ל",0
user_004,2024-07-25 02:38,ביטוח,אחר,2139.04,ILS,2139.04,רגילה,1
user_046,2024-07-25 18:05,חברת חשמל,אחר,26.66,ILS,26.66,רגילה,0
user_008,2024-09-18 17:47,דלק,דלק,158.4,ILS,158.4,תשלומים,0
user_006,2024-08-12 11:12,חברת חשמל,אחר,241.88,ILS,241.88,תשלומים,0
user_004,2024-05-25 09:44,סונול,דלק,62.86,USD,232.58,"עסקת חו""ל",0
user_017,2024-05-25 21:10,פז,דלק,206.11,ILS,206.11,רגילה,0
user_007,2024-10-25 22:13,Be,פארם,39.99,ILS,39.99,הוראת קבע,0
user_050,2024-02-21 22:19,Udemy,חינוך,14.61,GBP,68.67,"עסקת חו""ל",0
user_006,2024-10-22 18:56,רמי לוי,סופרמרקט,311.55,ILS,311.55,רגילה,0
user_042,2024-05-22 19:00,סופר-פארם,פארם,182.2,ILS,182.2,רגילה,0
user_002,2024-01-05 08:18,Udemy,חינוך,210.23,ILS,210.23,רגילה,0
user_026,2024-11-19 12:05,סופר-פארם,פארם,126.89,ILS,126.89,תשלומים,0
user_005,2024-10-22 21:42,Be,פארם,203.91,ILS,203.91,רגילה,0
user_002,2024-10-12 14:48,Gett,תחבורה,77.15,ILS,77.15,תשלומים,0
user_009,2024-04-19 08:37,סופר-פארם,פארם,228.3,ILS,228.3,רגילה,0
user_049,2024-05-23 22:39,חברת חשמל,אחר,193.61,ILS,193.61,רגילה,0
user_040,2024-06-18 16:27,Be,פארם,23.68,GBP,111.3,"עסקת חו""ל",0
user_030,2024-07-16 22:36,גולדה,מסעדות,223.04,ILS,223.04,רגילה,0
user_048,2024-11-20 15:06,רב-קו,תחבורה,78.38,ILS,78.38,רגילה,0
user_024,2024-11-14 22:42,מקדונלד'ס,מסעדות,237.55,ILS,237.55,רגילה,0
user_003,2024-08-03 08:04,עירייה,אחר,146.96,ILS,146.96,רגילה,0
user_050,2024-11-05 12:16,קסטרו,אופנה,42.82,EUR,171.28,"עסקת חו""ל",0
user_017,2024-02-05 22:37,רכבת ישראל,תחבורה,54.49,ILS,54.49,רגילה,0
user_028,2024-10-21 21:13,יס פלאנט,פנאי,58.09,ILS,58.09,רגילה,0
user_042,2024-04-14 12:19,נטפליקס,פנאי,31.88,ILS,31.88,רגילה,0
user_015,2024-11-06 16:31,יס פלאנט,פנאי,33.09,ILS,33.09,רגילה,0
user_033,2024-01-01 12:04,אייבורי,חשמל,2171.4,ILS,2171.4,רגילה,0
user_038,2024-07-28 16:27,פוקס,אופנה,202.03,ILS,202.03,רגילה,0
user_009,2024-03-26 08:15,דומינוס,מסעדות,147.31,ILS,147.31,רגילה,0
user_018,2024-07-14 10:38,Udemy,חינוך,259.23,ILS,259.23,רגילה,0
user_036,2024-12-26 22:37,ביטוח,אחר,381.29,ILS,381.29,רגילה,0
user_014,2024-06-10 12:37,נטפליקס,פנאי,49.29,ILS,49.29,הוראת קבע,0
user_026,2024-12-22 17:29,סופר-פארם,פארם,91.46,ILS,91.46,רגילה,0
user_032,2024-10-04 15:44,עירייה,אחר,437.9,ILS,437.9,רגילה,0
user_026,2024-02-03 19:01,ויקטורי,סופרמרקט,387.51,ILS,387.51,רגילה,0
user_028,2024-05-08 08:59,Udemy,חינוך,43.17,USD,159.73,"עסקת חו""ל",0
user_048,2024-11-24 08:09,KSP,חשמל,122.29,USD,452.47,"עסקת חו""ל",0
user_007,2024-12-08 22:14,דומינוס,מסעדות,137.92,ILS,137.92,רגילה,0
user_013,2024-02-15 18:03,רב-קו,תחבורה,34.77,ILS,34.77,רגילה,0
user_029,2024-01-27 02:27,גולדה,מסעדות,1515.42,ILS,1515.42,רגילה,1
user_013,2024-08-06 18:08,רב-קו,תחבורה,69.37,ILS,69.37,רגילה,0
user_003,2024-02-10 21:58,סונול,דלק,167.05,ILS,167.05,רגילה,0
user_049,2024-12-14 19:43,Udemy,חינוך,290.93,ILS,290.93,רגילה,0
user_005,2024-02-23 13:28,זארה,אופנה,227.31,ILS,227.31,הוראת קבע,0
user_004,2024-12-28 02:41,חברת חשמל,אחר,262.52,GBP,1233.84,"עסקת חו""ל",1
user_042,2024-05-27 08:04,יס פלאנט,פנאי,45.35,ILS,45.35,רגילה,0
user_048,2024-09-07 14:48,H&M,אופנה,317.22,ILS,317.22,רגילה,0
user_036,2024-08-02 19:36,עירייה,אחר,10.0,ILS,10.0,רגילה,0
user_047,2024-09-27 10:10,סופר-פארם,פארם,135.11,ILS,135.11,רגילה,0
user_048,2024-11-16 10:42,Be,פארם,148.14,ILS,148.14,רגילה,0
user_015,2024-08-24 16:08,דומינוס,מסעדות,182.91,ILS,182.91,תשלומים,0
user_039,2024-06-11 22:22,פז,דלק,34.29,EUR,137.16,"עסקת חו""ל",0
user_027,2024-03-25 17:22,אייבורי,חשמל,1860.42,ILS,1860.42,רגילה,0
user_023,2024-01-21 13:38,שופרסל,סופרמרקט,542.08,ILS,542.08,רגילה,0
user_027,2024-06-18 16:02,אוניברסיטה,חינוך,64.02,USD,236.87,"עסקת חו""ל",0
user_015,2024-01-18 14:49,דומינוס,מסעדות,150.0,ILS,150.0,רגילה,0
user_045,2024-04-05 08:34,מקדונלד'ס,מסעדות,166.76,ILS,166.76,רגילה,0
user_010,2024-06-27 17:01,אייבורי,חשמל,960.11,ILS,960.11,הוראת קבע,0
user_034,2024-05-11 09:07,דלק,דלק,171.25,ILS,171.25,רגילה,0
user_045,2024-02-17 15:46,רב-קו,תחבורה,43.42,ILS,43.42,רגילה,0
user_005,2024-12-21 12:01,קפה גרג,מסעדות,124.34,ILS,124.34,רגילה,0
user_047,2024-05-07 09:27,נטפליקס,פנאי,67.92,ILS,67.92,רגילה,0
user_006,2024-07-08 14:37,KSP,חשמל,959.83,ILS,959.83,תשלומים,0
user_014,2024-02-15 20:01,רמי לוי,סופרמרקט,615.44,ILS,615.44,רגילה,0
user_004,2024-12-10 11:45,Udemy,חינוך,83.26,ILS,83.26,רגילה,0
user_038,2024-05-12 20:26,KSP,חשמל,715.34,ILS,715.34,רגילה,0
user_031,2024-03-06 09:51,ביטוח,אחר,371.08,ILS,371.08,רגילה,0
user_049,2024-08-08 21:06,מקדונלד'ס,מסעדות,48.02,ILS,48.02,רגילה,0
user_028,2024-01-01 16:26,פז,דלק,203.88,ILS,203.88,רגילה,0
user_038,2024-07-26 10:51,גולדה,מסעדות,92.67,ILS,92.67,תשלומים,0
user_034,2024-03-13 21:22,פז,דלק,278.66,ILS,278.66,רגילה,0
user_039,2024-04-05 20:20,שופרסל,סופרמרקט,392.84,ILS,392.84,תשלומים,0
user_046,2024-01-21 18:18,Udemy,חינוך,122.79,ILS,122.79,רגילה,0
user_049,2024-03-05 20:46,קסטרו,אופנה,207.77,ILS,207.77,רגילה,0
user_028,2024-09-09 13:01,דלק,דלק,184.12,ILS,184.12,תשלומים,0
user_048,2024-04-14 14:54,קפה גרג,מסעדות,109.0,ILS,109.0,רגילה,0
user_047,2024-05-21 13:33,שופרסל,סופרמרקט,157.18,ILS,157.18,רגילה,0
user_013,2024-10-06 15:47,טיב טעם,סופרמרקט,173.08,ILS,173.08,רגילה,0
user_006,2024-11-21 09:39,Be,פארם,101.7,ILS,101.7,רגילה,0
user_016,2024-09-14 15:24,ספוטיפיי,פנאי,54.98,ILS,54.98,רגילה,0
user_008,2024-09-23 22:45,אוניברסיטה,חינוך,2.5,EUR,10.0,"עסקת חו""ל",0
user_011,2024-08-17 16:58,סופר-פארם,פארם,215.02,ILS,215.02,הוראת קבע,0
user_039,2024-09-05 11:53,Udemy,חינוך,252.9,ILS,252.9,רגילה,0
user_036,2024-01-22 19:09,גולדה,מסעדות,27.14,EUR,108.56,"עסקת חו""ל",0
user_037,2024-03-19 17:21,פז,דלק,208.33,ILS,208.33,רגילה,0
user_021,2024-01-17 16:31,זארה,אופנה,284.34,ILS,284.34,הוראת קבע,0
user_029,2024-01-03 11:53,רכבת ישראל,תחבורה,43.04,ILS,43.04,רגילה,0
user_002,2024-04-22 15:00,Gett,תחבורה,45.65,ILS,45.65,רגילה,0
user_017,2024-10-08 22:45,אוניברסיטה,חינוך,192.42,ILS,192.42,רגילה,0
user_020,2024-03-19 12:15,קפה גרג,מסעדות,71.89,ILS,71.89,רגילה,0
user_009,2024-04-20 16:29,Be,פארם,171.02,ILS,171.02,רגילה,0
user_014,2024-07-28 15:24,ביטוח,אחר,203.18,ILS,203.18,רגילה,0
user_017,2024-12-25 15:53,דומינוס,מסעדות,110.61,ILS,110.61,רגילה,0
user_029,2024-11-23 22:42,יס פלאנט,פנאי,67.8,ILS,67.8,רגילה,0
user_006,2024-07-24 09:31,KSP,חשמל,815.07,ILS,815.07,רגילה,0
user_044,2024-06-23 21:49,נטפליקס,פנאי,88.91,ILS,88.91,רגילה,0
user_018,2024-12-26 16:44,H&M,אופנה,587.85,ILS,587.85,רגילה,0
user_030,2024-10-24 13:46,ויקטורי,סופרמרקט,426.46,ILS,426.46,רגילה,0
user_048,2024-04-15 10:38,Be,פארם,135.01,ILS,135.01,רגילה,0
user_004,2024-10-16 13:24,טיב טעם,סופרמרקט,372.4,ILS,372.4,רגילה,0
user_016,2024-03-14 17:12,Udemy,חינוך,165.36,ILS,165.36,רגילה,0
user_040,2024-11-15 08:22,נטפליקס,פנאי,69.79,ILS,69.79,תשלומים,0
user_044,2024-02-04 19:24,אוניברסיטה,חינוך,243.68,ILS,243.68,רגילה,0
user_020,2024-09-13 11:24,שופרסל,סופרמרקט,381.85,ILS,381.85,רגילה,0
user_029,2024-10-13 12:30,חברת חשמל,אחר,170.64,ILS,170.64,רגילה,0
user_048,2024-04-23 14:52,סונול,דלק,260.78,ILS,260.78,רגילה,0
user_029,2024-06-03 13:55,מחסני חשמל,חשמל,10.0,ILS,10.0,רגילה,0
user_015,2024-06-15 20:28,קסטרו,אופנה,172.42,ILS,172.42,רגילה,0
user_049,2024-06-21 17:43,רב-קו,תחבורה,5.04,EUR,20.16,"עסקת חו""ל",0
user_038,2024-10-28 10:23,חברת חשמל,אחר,314.0,ILS,314.0,רגילה,0
user_039,2024-10-08 19:33,גולדה,מסעדות,92.42,ILS,92.42,תשלומים,0
user_020,2024-02-08 09:10,רמי לוי,סופרמרקט,103.94,USD,384.58,"עסקת חו""ל",0
user_029,2024-03-04 09:56,טיב טעם,סופרמרקט,306.16,ILS,306.16,רגילה,0
user_003,2024-08-25 12:05,KSP,חשמל,569.61,ILS,569.61,רגילה,0
user_036,2024-06-01 14:50,חברת חשמל,אחר,137.26,ILS,137.26,תשלומים,0
user_017,2024-04-18 17:17,רב-קו,תחבורה,26.89,ILS,26.89,רגילה,0
user_013,2024-09-21 17:19,סונול,דלק,38.2,GBP,179.54,"עסקת חו""ל",0
user_031,2024-08-27 12:08,Be,פארם,28.54,EUR,114.16,"עסקת חו""ל",0
user_041,2024-04-15 15:49,רכבת ישראל,תחבורה,41.43,ILS,41.43,רגילה,0
user_023,2024-02-15 12:50,רב-קו,תחבורה,64.66,ILS,64.66,תשלומים,0
user_045,2024-06-27 12:41,אייבורי,חשמל,248.64,ILS,248.64,רגילה,0
user_030,2024-07-11 08:58,נטפליקס,פנאי,81.0,ILS,81.0,רגילה,0
user_044,2024-07-16 14:52,סונול,דלק,223.79,ILS,223.79,רגילה,0
user_050,2024-07-20 21:29,Gett,תחבורה,49.5,ILS,49.5,רגילה,0
user_006,2024-07-17 16:16,אייבורי,חשמל,1711.75,ILS,1711.75,רגילה,0
user_032,2024-11-28 20:08,KSP,חשמל,62.19,EUR,248.76,"עסקת חו""ל",0
user_039,2024-09-21 18:33,ביטוח,אחר,206.78,ILS,206.78,רגילה,0
user_003,2024-03-09 16:33,רכבת ישראל,תחבורה,35.93,ILS,35.93,רגילה,0
user_045,2024-02-23 14:08,נטפליקס,פנאי,45.26,ILS,45.26,רגילה,0
user_037,2024-03-23 22:01,דלק,דלק,221.32,ILS,221.32,רגילה,0
user_005,2024-06-21 18:37,מחסני חשמל,חשמל,234.59,GBP,1102.57,"עסקת חו""ל",0
user_008,2024-08-04 21:08,פז,דלק,213.59,ILS,213.59,רגילה,0
user_035,2024-08-01 21:13,ביטוח,אחר,84.08,GBP,395.18,"עסקת חו""ל",0
user_044,2024-04-23 14:10,רמי לוי,סופרמרקט,298.09,ILS,298.09,הוראת קבע,0
user_046,2024-05-12 17:22,H&M,אופנה,502.69,ILS,502.69,רגילה,0
user_038,2024-04-28 10:22,Gett,תחבורה,36.31,ILS,36.31,רגילה,0
user_036,2024-01-06 19:49,Udemy,חינוך,184.76,ILS,184.76,רגילה,0
user_004,2024-08-08 11:14,סונול,דלק,192.63,ILS,192.63,רגילה,0
user_029,2024-05-28 20:47,ויקטורי,סופרמרקט,521.57,ILS,521.57,רגילה,0
user_046,2024-08-13 16:34,מחסני חשמל,חשמל,856.75,ILS,856.75,רגילה,0
user_031,2024-04-06 17:46,H&M,אופנה,10.0,ILS,10.0,רגילה,0
user_037,2024-05-18 08:18,מחסני חשמל,חשמל,1025.83,ILS,1025.83,רגילה,0
user_009,2024-02-12 00:02,ספוטיפיי,פנאי,351.12,ILS,351.12,רגילה,1
user_025,2024-05-08 08:51,אייבורי,חשמל,1095.72,ILS,1095.72,רגילה,0
user_034,2024-04-01 12:28,אוניברסיטה,חינוך,103.93,ILS,103.93,תשלומים,0
user_009,2024-11-09 17:09,דלק,דלק,205.28,ILS,205.28,הוראת קבע,0
user_013,2024-09-09 19:09,מחסני חשמל,חשמל,694.85,ILS,694.85,רגילה,0
user_049,2024-04-25 10:10,עירייה,אחר,95.14,ILS,95.14,רגילה,0
user_016,2024-02-09 03:11,רכבת ישראל,תחבורה,394.93,ILS,394.93,תשלומים,1
user_023,2024-07-14 22:48,רמי לוי,סופרמרקט,440.75,ILS,440.75,רגילה,0
user_023,2024-05-11 12:14,גולדה,מסעדות,122.53,ILS,122.53,רגילה,0
user_010,2024-08-01 15:56,אייבורי,חשמל,14.84,ILS,14.84,רגילה,0
user_010,2024-12-24 20:14,חברת חשמל,אחר,205.48,ILS,205.48,רגילה,0
user_041,2024-07-27 14:54,ביטוח,אחר,155.27,ILS,155.27,תשלומים,0
user_023,2024-01-13 09:57,אייבורי,חשמל,980.23,ILS,980.23,רגילה,0
user_015,2024-12-09 10:43,דלק,דלק,210.13,ILS,210.13,רגילה,0
user_013,2024-04-28 12:51,מחסני חשמל,חשמל,129.05,ILS,129.05,רגילה,0
user_032,2024-08-28 17:19,KSP,חשמל,589.26,ILS,589.26,רגילה,0
user_018,2024-10-07 11:15,רמי לוי,סופרמרקט,215.28,ILS,215.28,רגילה,0
user_035,2024-01-13 11:39,ויקטורי,סופרמרקט,387.35,ILS,387.35,רגילה,0
user_001,2024-07-18 17:16,אייבורי,חשמל,931.96,ILS,931.96,רגילה,0
user_004,2024-02-02 10:17,קסטרו,אופנה,304.19,ILS,304.19,רגילה,0
user_025,2024-02-13 21:28,טיב טעם,סופרמרקט,355.54,ILS,355.54,רגילה,0
user_026,2024-03-17 19:22,עירייה,אחר,304.72,ILS,304.72,רגילה,0
user_011,2024-09-27 19:11,מקדונלד'ס,מסעדות,148.31,ILS,148.31,רגילה,0
user_039,2024-03-18 11:32,סופר-פארם,פארם,277.3,ILS,277.3,רגילה,0
user_047,2024-06-20 10:09,אוניברסיטה,חינוך,50.8,EUR,203.2,"עסקת חו""ל",0
user_026,2024-10-23 09:11,אוניברסיטה,חינוך,82.02,ILS,82.02,רגילה,0
user_038,2024-08-22 18:26,מחסני חשמל,חשמל,355.24,ILS,355.24,רגילה,0
user_024,2024-10-09 11:43,סונול,דלק,208.31,ILS,208.31,רגילה,0
user_032,2024-04-14 17:52,אייבורי,חשמל,1569.64,ILS,1569.64,תשלומים,0
user_042,2024-09-10 21:30,H&M,אופנה,274.46,ILS,274.46,רגילה,0
user_028,2024-04-16 19:57,Gett,תחבורה,62.75,ILS,62.75,תשלומים,0
user_007,2024-07-28 17:31,ספוטיפיי,פנאי,109.37,ILS,109.37,רגילה,0
user_026,2024-02-18 08:25,גולדה,מסעדות,98.64,ILS,98.64,רגילה,0
user_036,2024-07-10 21:38,מחסני חשמל,חשמל,10.0,ILS,10.0,רגילה,0
user_038,2024-07-13 12:54,פוקס,אופנה,211.42,ILS,211.42,רגילה,0
user_047,2024-08-19 15:00,סונול,דלק,241.03,ILS,241.03,רגילה,0
user_001,2024-11-17 12:25,ספוטיפיי,פנאי,58.53,ILS,58.53,הוראת קבע,0
user_010,2024-11-03 22:05,Gett,תחבורה,32.61,ILS,32.61,תשלומים,0
user_014,2024-04-06 16:32,מחסני חשמל,חשמל,486.21,ILS,486.21,רגילה,0
user_031,2024-07-09 02:33,אייבורי,חשמל,5924.03,ILS,5924.03,רגילה,1
user_014,2024-10-07 19:06,פז,דלק,53.1,EUR,212.4,"עסקת חו""ל",0
user_004,2024-09-22 12:35,קפה גרג,מסעדות,46.83,ILS,46.83,רגילה,0
user_023,2024-07-17 08:27,עירייה,אחר,308.91,ILS,308.91,רגילה,0
user_022,2024-10-14 15:00,סונול,דלק,62.7,USD,231.99,"עסקת חו""ל",0
user_001,2024-02-25 14:30,אוניברסיטה,חינוך,163.45,ILS,163.45,רגילה,0
user_007,2024-01-23 16:12,Udemy,חינוך,183.96,ILS,183.96,תשלומים,0
user_034,2024-02-23 09:24,דומינוס,מסעדות,144.23,ILS,144.23,רגילה,0
user_016,2024-02-02 17:27,דומינוס,מסעדות,93.88,ILS,93.88,רגילה,0
user_031,2024-07-06 14:55,סונול,דלק,226.91,ILS,226.91,רגילה,0
user_040,2024-01-15 12:00,ביטוח,אחר,155.5,ILS,155.5,רגילה,0
user_029,2024-01-09 12:19,חברת חשמל,אחר,353.76,ILS,353.76,רגילה,0
user_013,2024-06-04 09:27,KSP,חשמל,1207.09,ILS,1207.09,רגילה,0
user_034,2024-08-13 12:36,אייבורי,חשמל,1620.03,ILS,1620.03,תשלומים,0
user_012,2024-10-24 17:57,Gett,תחבורה,35.93,ILS,35.93,רגילה,0
user_037,2024-01-15 13:54,יס פלאנט,פנאי,71.77,ILS,71.77,רגילה,0
user_039,2024-10-08 08:15,סונול,דלק,211.69,ILS,211.69,רגילה,0
user_032,2024-11-08 10:36,עירייה,אחר,265.47,ILS,265.47,רגילה,0
user_021,2024-04-19 19:19,ויקטורי,סופרמרקט,206.22,ILS,206.22,רגילה,0
user_034,2024-05-26 21:04,אייבורי,חשמל,10.0,ILS,10.0,רגילה,0
user_032,2024-08-09 10:53,קפה גרג,מסעדות,23.66,ILS,23.66,רגילה,0
user_013,2024-05-02 14:25,שופרסל,סופרמרקט,266.66,ILS,266.66,רגילה,0
user_035,2024-08-20 13:43,קפה גרג,מסעדות,156.65,ILS,156.65,רגילה,0
user_026,2024-12-06 12:40,טיב טעם,סופרמרקט,516.0,ILS,516.0,רגילה,0
user_040,2024-08-02 13:47,פוקס,אופנה,361.8,ILS,361.8,תשלומים,0
user_011,2024-11-05 15:12,סופר-פארם,פארם,115.74,ILS,115.74,רגילה,0
user_017,2024-08-14 11:28,פז,דלק,243.64,ILS,243.64,הוראת קבע,0
user_041,2024-06-18 09:56,סופר-פארם,פארם,173.66,ILS,173.66,רגילה,0
user_036,2024-03-17 22:58,KSP,חשמל,306.01,ILS,306.01,רגילה,0
user_038,2024-07-10 13:16,Udemy,חינוך,351.33,ILS,351.33,תשלומים,0
user_014,2024-10-23 18:32,דלק,דלק,141.45,ILS,141.45,רגילה,0
user_020,2024-06-22 19:39,מקדונלד'ס,מסעדות,85.09,ILS,85.09,רגילה,0
user_022,2024-09-21 16:00,סופר-פארם,פארם,157.26,ILS,157.26,רגילה,0
user_032,2024-05-18 09:47,סופר-פארם,פארם,94.1,ILS,94.1,רגילה,0
user_040,2024-04-28 10:14,Gett,תחבורה,15.23,GBP,71.58,"עסקת חו""ל",0
user_008,2024-07-12 18:38,רכבת ישראל,תחבורה,68.49,ILS,68.49,רגילה,0
user_027,2024-01-02 01:41,H&M,אופנה,2707.52,ILS,2707.52,רגילה,1
user_030,2024-11-08 17:28,מקדונלד'ס,מסעדות,171.76,ILS,171.76,רגילה,0
user_036,2024-03-24 08:34,Udemy,חינוך,281.29,ILS,281.29,רגילה,0
user_042,2024-06-19 11:24,Gett,תחבורה,54.33,ILS,54.33,תשלומים,0
user_007,2024-01-22 16:43,אייבורי,חשמל,678.74,ILS,678.74,רגילה,0
user_029,2024-12-18 17:04,יס פלאנט,פנאי,102.25,ILS,102.25,רגילה,0
user_027,2024-03-11 22:20,פז,דלק,166.9,ILS,166.9,רגילה,0
user_013,2024-10-05 18:07,דומינוס,מסעדות,53.04,USD,196.25,"עסקת חו""ל",0
user_029,2024-12-21 16:15,סונול,דלק,199.2,ILS,199.2,רגילה,0
user_018,2024-03-10 21:24,סונול,דלק,45.01,GBP,211.55,"עסקת חו""ל",0
user_039,2024-10-06 18:41,H&M,אופנה,339.94,ILS,339.94,רגילה,0
user_033,2024-09-09 16:26,דלק,דלק,113.85,ILS,113.85,רגילה,0
user_005,2024-10-05 20:57,רב-קו,תחבורה,8.26,EUR,33.04,"עסקת חו""ל",0
user_027,2024-08-09 13:15,קסטרו,אופנה,56.59,ILS,56.59,רגילה,0
user_030,2024-05-22 19:54,אייבורי,חשמל,10.0,ILS,10.0,רגילה,0
user_042,2024-04-10 20:15,ספוטיפיי,פנאי,13.54,EUR,54.16,"עסקת חו""ל",0
user_014,2024-05-11 13:39,אוניברסיטה,חינוך,43.91,USD,162.47,"עסקת חו""ל",0
user_039,2024-03-25 08:39,קפה גרג,מסעדות,77.78,ILS,77.78,הוראת קבע,0
user_041,2024-10-26 17:40,H&M,אופנה,358.7,ILS,358.7,תשלומים,0
user_029,2024-07-07 11:41,חברת חשמל,אחר,349.9,ILS,349.9,רגילה,0
user_044,2024-01-02 15:37,דומינוס,מסעדות,87.53,ILS,87.53,רגילה,0
user_023,2024-12-02 14:52,טיב טעם,סופרמרקט,89.66,EUR,358.64,"עסקת חו""ל",0
user_026,2024-08-27 18:39,סונול,דלק,54.62,USD,202.09,"עסקת חו""ל",0
user_029,2024-08-25 15:04,יס פלאנט,פנאי,6.66,GBP,31.3,"עסקת חו""ל",0
user_049,2024-02-19 09:59,עירייה,אחר,38.79,EUR,155.16,"עסקת חו""ל",0
user_007,2024-04-05 20:10,טיב טעם,סופרמרקט,186.48,ILS,186.48,רגילה,0
user_021,2024-03-12 13:13,נטפליקס,פנאי,68.62,ILS,68.62,רגילה,0
user_007,2024-08-19 10:07,ביטוח,אחר,250.27,ILS,250.27,רגילה,0
user_007,2024-06-25 16:43,רמי לוי,סופרמרקט,250.37,ILS,250.37,תשלומים,0
user_007,2024-12-15 09:55,נטפליקס,פנאי,44.08,ILS,44.08,תשלומים,0
user_037,2024-08-02 08:11,אוניברסיטה,חינוך,223.41,ILS,223.41,רגילה,0
user_002,2024-12-12 18:23,מחסני חשמל,חשמל,1595.65,ILS,1595.65,רגילה,0
user_045,2024-12-07 08:40,גולדה,מסעדות,63.12,ILS,63.12,רגילה,0
user_007,2024-04-08 11:33,אוניברסיטה,חינוך,66.75,USD,246.98,"עסקת חו""ל",0
user_050,2024-09-05 13:14,רמי לוי,סופרמרקט,456.47,ILS,456.47,רגילה,0
user_013,2024-03-15 19:52,רב-קו,תחבורה,67.07,ILS,67.07,רגילה,0
user_025,2024-02-08 14:30,פוקס,אופנה,443.6,ILS,443.6,רגילה,0
user_016,2024-12-17 14:14,עירייה,אחר,110.41,ILS,110.41,הוראת קבע,0
user_001,2024-04-02 19:26,סופר-פארם,פארם,120.48,ILS,120.48,רגילה,0
user_021,2024-10-05 16:30,מקדונלד'ס,מסעדות,77.68,ILS,77.68,רגילה,0
user_049,2024-04-03 09:38,KSP,חשמל,1091.67,ILS,1091.67,רגילה,0
user_006,2024-11-08 09:23,שופרסל,סופרמרקט,519.13,ILS,519.13,רגילה,0
user_027,2024-05-13 18:23,פוקס,אופנה,255.89,ILS,255.89,רגילה,0
user_007,2024-06-09 14:06,Gett,תחבורה,31.49,ILS,31.49,רגילה,0
user_049,2024-02-04 16:05,אייבורי,חשמל,165.93,EUR,663.72,"עסקת חו""ל",0
user_028,2024-09-24 20:00,ויקטורי,סופרמרקט,360.47,ILS,360.47,תשלומים,0
user_038,2024-10-18 17:38,מחסני חשמל,חשמל,1424.77,ILS,1424.77,רגילה,0
user_008,2024-05-24 13:35,Gett,תחבורה,56.09,ILS,56.09,רגילה,0
user_046,2024-06-25 03:30,קסטרו,אופנה,3492.59,ILS,3492.59,תשלומים,1
user_017,2024-08-08 11:35,Be,פארם,185.61,ILS,185.61,רגילה,0
user_019,2024-02-10 13:07,מחסני חשמל,חשמל,892.28,ILS,892.28,רגילה,0
user_015,2024-09-07 21:59,רכבת ישראל,תחבורה,2.13,GBP,10.01,"עסקת חו""ל",0
user_042,2024-04-05 16:34,ספוטיפיי,פנאי,79.95,ILS,79.95,רגילה,0
user_013,2024-05-10 13:15,דומינוס,מסעדות,211.38,ILS,211.38,תשלומים,0
user_049,2024-01-17 16:19,יס פלאנט,פנאי,15.27,EUR,61.08,"עסקת חו""ל",0
user_021,2024-04-16 17:54,פז,דלק,206.44,ILS,206.44,רגילה,0
user_037,2024-12-28 13:28,גולדה,מסעדות,24.82,USD,91.83,"עסקת חו""ל",0
user_031,2024-07-20 10:55,רכבת ישראל,תחבורה,82.13,ILS,82.13,תשלומים,0
user_013,2024-10-11 12:01,רמי לוי,סופרמרקט,72.75,ILS,72.75,רגילה,0
user_038,2024-01-24 12:43,Be,פארם,282.81,ILS,282.81,רגילה,0
user_047,2024-05-27 11:35,H&M,אופנה,180.25,ILS,180.25,רגילה,0
user_001,2024-02-08 13:34,ביטוח,אחר,2.7,USD,9.99,"עסקת חו""ל",0
user_042,2024-12-28 15:50,פוקס,אופנה,88.2,ILS,88.2,רגילה,0
user_044,2024-02-15 21:44,סופר-פארם,פארם,127.21,ILS,127.21,רגילה,0
user_001,2024-08-26 22:37,סופר-פארם,פארם,272.31,ILS,272.31,רגילה,0
user_010,2024-02-07 11:01,ביטוח,אחר,259.44,ILS,259.44,רגילה,0
user_010,2024-02-28 13:30,אייבורי,חשמל,10.0,ILS,10.0,רגילה,0
user_011,2024-10-05 17:45,רכבת ישראל,תחבורה,15.12,GBP,71.06,"עסקת חו""ל",0
user_026,2024-04-10 09:42,עירייה,אחר,180.47,ILS,180.47,רגילה,0
user_045,2024-07-24 18:33,Gett,תחבורה,16.92,EUR,67.68,"עסקת חו""ל",0
user_032,2024-12-14 03:02,ויקטורי,סופרמרקט,4383.84,ILS,4383.84,תשלומים,1
user_040,2024-04-23 18:56,מקדונלד'ס,מסעדות,196.32,ILS,196.32,רגילה,0
user_030,2024-08-25 18:30,טיב טעם,סופרמרקט,527.83,ILS,527.83,תשלומים,0
user_026,2024-09-03 09:54,ביטוח,אחר,50.07,EUR,200.28,"עסקת חו""ל",0
user_036,2024-12-09 19:47,טיב טעם,סופרמרקט,266.93,ILS,266.93,רגילה,0
user_046,2024-05-26 08:21,רב-קו,תחבורה,32.37,ILS,32.37,רגילה,0
user_009,2024-06-12 10:42,Be,פארם,186.43,ILS,186.43,רגילה,0
user_012,2024-10-17 19:09,סופר-פארם,פארם,103.04,ILS,103.04,רגילה,0
user_019,2024-10-09 16:34,H&M,אופנה,522.54,ILS,522.54,רגילה,0
user_030,2024-04-16 20:44,פוקס,אופנה,10.0,ILS,10.0,הוראת קבע,0
user_012,2024-05-24 10:04,חברת חשמל,אחר,125.52,ILS,125.52,רגילה,0
user_050,2024-04-28 17:25,Be,פארם,37.09,USD,137.23,"עסקת חו""ל",0
user_015,2024-02-06 12:10,Gett,תחבורה,27.02,ILS,27.02,תשלומים,0
user_045,2024-04-23 08:19,ויקטורי,סופרמרקט,200.15,ILS,200.15,רגילה,0
user_022,2024-09-05 19:25,יס פלאנט,פנאי,49.39,ILS,49.39,רגילה,0
user_042,2024-07-25 13:27,סונול,דלק,182.2,ILS,182.2,רגילה,0
user_019,2024-05-12 14:51,נטפליקס,פנאי,15.66,EUR,62.64,"עסקת חו""ל",0
user_020,2024-12-02 09:43,רמי לוי,סופרמרקט,530.74,ILS,530.74,רגילה,0
user_018,2024-09-24 22:54,פז,דלק,215.94,ILS,215.94,רגילה,0
user_004,2024-01-17 08:47,רב-קו,תחבורה,63.2,ILS,63.2,רגילה,0
user_010,2024-03-03 16:09,עירייה,אחר,207.34,ILS,207.34,רגילה,0
user_035,2024-07-16 19:30,חברת חשמל,אחר,121.72,ILS,121.72,רגילה,0
user_007,2024-10-11 12:04,דלק,דלק,248.02,ILS,248.02,רגילה,0
user_008,2024-03-20 12:43,קסטרו,אופנה,437.15,ILS,437.15,רגילה,0
user_009,2024-06-12 08:21,קפה גרג,מסעדות,58.97,ILS,58.97,רגילה,0
user_007,2024-03-20 10:03,גולדה,מסעדות,147.14,ILS,147.14,תשלומים,0
user_045,2024-05-17 13:34,אוניברסיטה,חינוך,458.36,ILS,458.36,רגילה,0
user_004,2024-09-26 12:04,ספוטיפיי,פנאי,57.25,ILS,57.25,רגילה,0
user_027,2024-07-02 15:44,סופר-פארם,פארם,132.11,ILS,132.11,הוראת קבע,0
user_034,2024-08-04 11:45,חברת חשמל,אחר,102.27,ILS,102.27,רגילה,0
user_041,2024-03-22 08:28,פז,דלק,239.19,ILS,239.19,רגילה,0
user_043,2024-07-03 19:50,אוניברסיטה,חינוך,236.23,ILS,236.23,רגילה,0
user_027,2024-11-03 17:42,ספוטיפיי,פנאי,52.27,ILS,52.27,רגילה,0
user_007,2024-10-13 09:06,טיב טעם,סופרמרקט,94.83,GBP,445.7,"עסקת חו""ל",0
user_045,2024-02-25 08:53,דומינוס,מסעדות,19.8,USD,73.26,"עסקת חו""ל",0
user_005,2024-03-12 08:45,דלק,דלק,173.24,ILS,173.24,רגילה,0
user_044,2024-04-12 19:06,ספוטיפיי,פנאי,128.16,ILS,128.16,רגילה,0
user_036,2024-10-06 09:03,אוניברסיטה,חינוך,218.66,ILS,218.66,רגילה,0
user_037,2024-12-13 02:00,עירייה,אחר,1498.24,ILS,1498.24,רגילה,1
user_027,2024-12-01 17:40,ויקטורי,סופרמרקט,394.18,ILS,394.18,תשלומים,0
user_041,2024-02-21 20:10,קסטרו,אופנה,156.6,ILS,156.6,רגילה,0
user_006,2024-03-26 21:33,רמי לוי,סופרמרקט,511.95,ILS,511.95,רגילה,0
user_019,2024-03-11 16:09,רמי לוי,סופרמרקט,365.69,ILS,365.69,רגילה,0
user_026,2024-12-11 16:41,מחסני חשמל,חשמל,927.02,ILS,927.02,תשלומים,0
user_001,2024-09-21 18:06,KSP,חשמל,1453.27,ILS,1453.27,רגילה,0
user_005,2024-01-19 18:15,Udemy,חינוך,242.78,ILS,242.78,רגילה,0
user_049,2024-11-27 17:18,Be,פארם,249.16,ILS,249.16,רגילה,0
user_032,2024-11-01 20:03,Be,פארם,155.01,ILS,155.01,רגילה,0
user_022,2024-09-12 11:36,H&M,אופנה,382.2,ILS,382.2,רגילה,0
user_001,2024-09-16 10:43,רב-קו,תחבורה,56.4,ILS,56.4,תשלומים,0
user_021,2024-02-05 16:29,שופרסל,סופרמרקט,311.79,ILS,311.79,רגילה,0
user_001,2024-04-05 08:40,שופרסל,סופרמרקט,238.2,ILS,238.2,רגילה,0
user_007,2024-08-10 10:12,גולדה,מסעדות,134.61,ILS,134.61,רגילה,0
user_033,2024-03-07 15:22,דומינוס,מסעדות,156.36,ILS,156.36,רגילה,0
user_020,2024-07-04 18:17,עירייה,אחר,227.29,ILS,227.29,רגילה,0
user_026,2024-03-23 10:59,סונול,דלק,175.28,ILS,175.28,רגילה,0
user_010,2024-08-04 18:16,אוניברסיטה,חינוך,136.65,ILS,136.65,הוראת קבע,0
user_017,2024-09-23 19:36,ויקטורי,סופרמרקט,61.25,GBP,287.88,"עסקת חו""ל",0
user_031,2024-02-26 13:37,רב-קו,תחבורה,43.52,ILS,43.52,רגילה,0
user_045,2024-05-03 21:31,Be,פארם,31.98,ILS,31.98,רגילה,0
user_047,2024-02-25 14:14,H&M,אופנה,71.31,ILS,71.31,רגילה,0
user_018,2024-02-03 14:30,חברת חשמל,אחר,366.94,ILS,366.94,רגילה,0
user_038,2024-01-13 12:59,Udemy,חינוך,275.05,ILS,275.05,רגילה,0
user_016,2024-05-12 13:18,אייבורי,חשמל,1251.14,ILS,1251.14,תשלומים,0
user_035,2024-11-25 08:48,Be,פארם,107.26,ILS,107.26,רגילה,0
user_046,2024-04-19 21:15,פוקס,אופנה,336.98,ILS,336.98,רגילה,0
user_043,2024-03-02 11:57,KSP,חשמל,861.74,ILS,861.74,רגילה,0
user_022,2024-10-02 21:35,עירייה,אחר,10.0,ILS,10.0,תשלומים,0
user_032,2024-02-16 10:37,סופר-פארם,פארם,231.35,ILS,231.35,רגילה,0
user_017,2024-06-20 20:08,אוניברסיטה,חינוך,323.14,ILS,323.14,רגילה,0
user_001,2024-10-02 02:24,חברת חשמל,אחר,1194.07,ILS,1194.07,רגילה,1
user_044,2024-01-01 18:12,זארה,אופנה,219.89,ILS,219.89,רגילה,0
user_037,2024-08-02 19:15,דלק,דלק,253.39,ILS,253.39,רגילה,0
user_013,2024-06-01 18:26,דלק,דלק,228.94,ILS,228.94,רגילה,0
user_009,2024-03-27 14:08,סונול,דלק,241.2,ILS,241.2,רגילה,0
user_018,2024-11-14 11:17,גולדה,מסעדות,64.07,ILS,64.07,רגילה,0
user_021,2024-02-12 21:21,Be,פארם,261.64,ILS,261.64,רגילה,0
user_034,2024-02-05 11:50,אוניברסיטה,חינוך,347.89,ILS,347.89,רגילה,0
user_006,2024-01-02 10:43,ביטוח,אחר,373.18,ILS,373.18,תשלומים,0
user_039,2024-01-24 20:10,יס פלאנט,פנאי,44.54,ILS,44.54,רגילה,0
user_021,2024-09-21 12:14,זארה,אופנה,77.8,ILS,77.8,תשלומים,0
user_048,2024-07-03 15:17,דלק,דלק,210.08,ILS,210.08,רגילה,0
user_043,2024-08-27 21:48,Be,פארם,222.96,ILS,222.96,רגילה,0
user_021,2024-07-10 09:22,ויקטורי,סופרמרקט,259.57,ILS,259.57,רגילה,0
user_010,2024-09-27 22:38,H&M,אופנה,528.99,ILS,528.99,רגילה,0
user_038,2024-01-14 11:33,רכבת ישראל,תחבורה,77.8,ILS,77.8,רגילה,0
user_037,2024-07-16 14:25,סופר-פארם,פארם,105.95,ILS,105.95,רגילה,0
user_023,2024-04-26 17:36,אייבורי,חשמל,978.0,ILS,978.0,רגילה,0
user_021,2024-04-15 01:43,סופר-פארם,פארם,1484.29,ILS,1484.29,רגילה,1
user_013,2024-08-17 16:40,עירייה,אחר,113.71,ILS,113.71,הוראת קבע,0
user_022,2024-10-15 15:57,יס פלאנט,פנאי,87.28,ILS,87.28,תשלומים,0
user_008,2024-01-26 22:26,מקדונלד'ס,מסעדות,146.51,ILS,146.51,רגילה,0
user_020,2024-07-19 10:42,Be,פארם,49.75,USD,184.08,"עסקת חו""ל",0
user_014,2024-09-09 14:27,חברת חשמל,אחר,207.69,ILS,207.69,רגילה,0
user_019,2024-12-28 09:00,ויקטורי,סופרמרקט,563.71,ILS,563.71,רגילה,0
user_004,2024-02-19 21:03,רב-קו,תחבורה,26.27,ILS,26.27,רגילה,0
user_037,2024-07-04 11:24,רמי לוי,סופרמרקט,484.6,ILS,484.6,רגילה,0
user_046,2024-01-14 19:51,פז,דלק,144.5,ILS,144.5,הוראת קבע,0
user_036,2024-01-19 13:47,סונול,דלק,66.22,USD,245.01,"עסקת חו""ל",0
user_021,2024-04-01 08:39,נטפליקס,פנאי,64.97,ILS,64.97,רגילה,0
user_003,2024-07-08 20:41,נטפליקס,פנאי,47.92,ILS,47.92,רגילה,0
user_038,2024-02-12 09:23,רמי לוי,סופרמרקט,362.73,ILS,362.73,תשלומים,0
user_005,2024-12-15 11:11,Be,פארם,18.86,ILS,18.86,רגילה,0
user_045,2024-09-02 17:40,מחסני חשמל,חשמל,468.05,ILS,468.05,רגילה,0
user_037,2024-12-14 12:46,H&M,אופנה,140.39,ILS,140.39,רגילה,0
user_032,2024-05-17 14:12,רב-קו,תחבורה,78.16,ILS,78.16,רגילה,0
user_005,2024-04-09 16:40,ביטוח,אחר,238.5,ILS,238.5,רגילה,0
user_040,2024-05-21 11:09,יס פלאנט,פנאי,40.11,ILS,40.11,רגילה,0
user_002,2024-06-11 08:00,יס פלאנט,פנאי,59.17,ILS,59.17,רגילה,0
user_029,2024-02-04 12:41,ספוטיפיי,פנאי,70.97,ILS,70.97,רגילה,0
user_021,2024-08-06 22:52,דלק,דלק,197.0,ILS,197.0,רגילה,0
user_014,2024-02-09 10:09,דומינוס,מסעדות,108.64,ILS,108.64,רגילה,0
user_003,2024-07-10 05:22,עירייה,אחר,1433.4,ILS,1433.4,רגילה,1
user_008,2024-06-22 00:17,יס פלאנט,פנאי,850.63,ILS,850.63,הוראת קבע,1
user_042,2024-05-25 10:37,KSP,חשמל,442.05,ILS,442.05,רגילה,0
user_039,2024-02-21 12:18,ביטוח,אחר,138.94,ILS,138.94,רגילה,0
user_034,2024-03-21 17:18,מחסני חשמל,חשמל,875.7,ILS,875.7,רגילה,0
user_038,2024-06-13 11:42,KSP,חשמל,1028.39,ILS,1028.39,תשלומים,0
user_005,2024-08-01 19:50,אוניברסיטה,חינוך,54.36,EUR,217.44,"עסקת חו""ל",0
user_016,2024-08-25 15:19,סופר-פארם,פארם,141.55,ILS,141.55,רגילה,0
user_028,2024-01-04 08:06,קסטרו,אופנה,17.82,ILS,17.82,תשלומים,0
user_048,2024-11-20 14:49,נטפליקס,פנאי,83.96,ILS,83.96,רגילה,0
user_044,2024-04-27 14:32,סונול,דלק,213.73,ILS,213.73,רגילה,0
user_024,2024-06-21 18:17,מקדונלד'ס,מסעדות,111.27,ILS,111.27,רגילה,0
user_011,2024-08-27 13:24,פוקס,אופנה,281.96,ILS,281.96,רגילה,0
user_050,2024-08-17 22:57,קפה גרג,מסעדות,61.68,ILS,61.68,רגילה,0
user_049,2024-06-10 16:00,Udemy,חינוך,184.01,ILS,184.01,רגילה,0
user_009,2024-04-01 08:02,דלק,דלק,201.16,ILS,201.16,רגילה,0
user_038,2024-04-25 16:29,Be,פארם,72.31,ILS,72.31,רגילה,0
user_044,2024-11-09 10:42,פוקס,אופנה,355.09,ILS,355.09,רגילה,0
user_049,2024-12-02 19:47,גולדה,מסעדות,142.11,ILS,142.11,רגילה,0
user_035,2024-12-17 18:52,יס פלאנט,פנאי,66.42,ILS,66.42,רגילה,0
user_003,2024-12-23 14:29,סונול,דלק,167.21,ILS,167.21,רגילה,0
user_043,2024-08-14 15:15,דלק,דלק,193.46,ILS,193.46,רגילה,0
user_047,2024-01-20 10:45,ויקטורי,סופרמרקט,332.07,ILS,332.07,רגילה,0
user_026,2024-09-18 20:34,KSP,חשמל,1165.18,ILS,1165.18,רגילה,0
user_025,2024-07-03 18:47,חברת חשמל,אחר,283.07,ILS,283.07,תשלומים,0
user_022,2024-07-27 16:00,סונול,דלק,189.74,ILS,189.74,רגילה,0
user_043,2024-01-28 14:07,טיב טעם,סופרמרקט,477.6,ILS,477.6,רגילה,0
user_001,2024-08-26 09:01,דלק,דלק,195.67,ILS,195.67,רגילה,0
user_027,2024-10-27 09:44,קפה גרג,מסעדות,221.82,ILS,221.82,רגילה,0
user_048,2024-12-13 18:24,ספוטיפיי,פנאי,15.2,USD,56.24,"עסקת חו""ל",0
user_044,2024-11-24 16:33,H&M,אופנה,336.56,ILS,336.56,רגילה,0
user_022,2024-08-21 15:21,סונול,דלק,208.24,ILS,208.24,רגילה,0
user_019,2024-12-05 08:01,ביטוח,אחר,176.23,ILS,176.23,רגילה,0
user_029,2024-11-03 20:33,ויקטורי,סופרמרקט,306.96,ILS,306.96,תשלומים,0
user_003,2024-02-26 12:45,רב-קו,תחבורה,76.59,ILS,76.59,תשלומים,0
user_004,2024-11-16 13:35,Be,פארם,91.92,ILS,91.92,רגילה,0
user_029,2024-05-09 21:36,מחסני חשמל,חשמל,1162.55,ILS,1162.55,רגילה,0
user_012,2024-08-23 05:29,ספוטיפיי,פנאי,795.0,ILS,795.0,רגילה,1
user_015,2024-01-06 11:10,Udemy,חינוך,38.8,ILS,38.8,רגילה,0
user_022,2024-02-28 09:28,אייבורי,חשמל,1603.67,ILS,1603.67,רגילה,0
user_012,2024-07-10 05:58,ביטוח,אחר,1049.67,ILS,1049.67,הוראת קבע,1
user_043,2024-02-17 14:25,אייבורי,חשמל,1527.26,ILS,1527.26,רגילה,0
user_047,2024-04-12 16:33,יס פלאנט,פנאי,112.09,ILS,112.09,רגילה,0
user_016,2024-01-04 13:46,Be,פארם,27.28,GBP,128.22,"עסקת חו""ל",0
user_008,2024-08-03 15:44,סופר-פארם,פארם,108.35,ILS,108.35,תשלומים,0
user_017,2024-06-09 13:19,Gett,תחבורה,46.38,ILS,46.38,תשלומים,0
user_019,2024-01-09 21:14,יס פלאנט,פנאי,56.64,ILS,56.64,רגילה,0
user_006,2024-10-20 12:26,זארה,אופנה,10.0,ILS,10.0,הוראת קבע,0
user_013,2024-11-12 10:27,עירייה,אחר,157.3,ILS,157.3,רגילה,0
user_020,2024-02-27 16:18,גולדה,מסעדות,127.78,ILS,127.78,תשלומים,0
user_037,2024-03-22 16:11,ספוטיפיי,פנאי,75.64,ILS,75.64,רגילה,0
user_011,2024-04-28 19:51,ספוטיפיי,פנאי,52.6,ILS,52.6,רגילה,0
user_048,2024-03-12 17:39,ויקטורי,סופרמרקט,500.74,ILS,500.74,רגילה,0
user_050,2024-06-28 05:14,H&M,אופנה,722.38,GBP,3395.19,"עסקת חו""ל",1
user_003,2024-06-16 20:37,KSP,חשמל,916.3,ILS,916.3,רגילה,0
user_001,2024-08-27 22:35,דלק,דלק,227.09,ILS,227.09,רגילה,0
user_024,2024-02-11 09:23,עירייה,אחר,91.99,ILS,91.99,תשלומים,0
user_038,2024-08-02 21:06,Be,פארם,241.46,ILS,241.46,רגילה,0
user_024,2024-01-25 17:41,ספוטיפיי,פנאי,62.21,ILS,62.21,רגילה,0
user_045,2024-05-01 13:20,סונול,דלק,237.05,ILS,237.05,רגילה,0
user_018,2024-04-12 11:46,קסטרו,אופנה,514.83,ILS,514.83,רגילה,0
user_035,2024-02-19 03:14,H&M,אופנה,3410.87,ILS,3410.87,רגילה,1
user_047,2024-04-07 16:11,פוקס,אופנה,301.76,ILS,301.76,רגילה,0
user_023,2024-05-07 14:28,אוניברסיטה,חינוך,201.54,ILS,201.54,הוראת קבע,0
user_012,2024-02-21 02:55,רכבת ישראל,תחבורה,428.51,ILS,428.51,רגילה,1
user_003,2024-01-25 08:24,רכבת ישראל,תחבורה,97.84,ILS,97.84,רגילה,0
user_008,2024-11-11 15:53,Gett,תחבורה,56.7,ILS,56.7,רגילה,0
user_021,2024-03-06 12:45,Udemy,חינוך,364.2,ILS,364.2,רגילה,0
user_046,2024-11-12 08:16,סופר-פארם,פארם,181.01,ILS,181.01,רגילה,0
user_018,2024-02-20 08:09,אוניברסיטה,חינוך,195.5,ILS,195.5,רגילה,0
user_002,2024-02-12 18:19,דלק,דלק,214.41,ILS,214.41,רגילה,0
user_040,2024-06-08 13:11,Gett,תחבורה,3.46,EUR,13.84,"עסקת חו""ל",0
user_040,2024-05-11 19:34,גולדה,מסעדות,85.35,ILS,85.35,רגילה,0
user_015,2024-10-22 16:46,גולדה,מסעדות,177.05,ILS,177.05,רגילה,0
user_038,2024-07-11 14:01,יס פלאנט,פנאי,75.79,ILS,75.79,רגילה,0
user_022,2024-02-07 13:53,קפה גרג,מסעדות,154.01,ILS,154.01,רגילה,0
user_050,2024-01-12 12:20,H&M,אופנה,312.33,ILS,312.33,רגילה,0
user_042,2024-12-06 10:15,KSP,חשמל,168.46,ILS,168.46,רגילה,0
user_011,2024-01-23 16:33,גולדה,מסעדות,56.79,ILS,56.79,רגילה,0
user_004,2024-10-20 18:56,Udemy,חינוך,263.5,ILS,263.5,תשלומים,0
user_016,2024-11-07 19:03,דלק,דלק,42.16,GBP,198.15,"עסקת חו""ל",0
user_023,2024-07-09 18:03,דלק,דלק,161.05,ILS,161.05,רגילה,0
user_023,2024-10-11 12:19,אוניברסיטה,חינוך,332.29,ILS,332.29,רגילה,0
user_024,2024-08-20 19:14,טיב טעם,סופרמרקט,73.89,USD,273.39,"עסקת חו""ל",0
user_022,2024-10-15 10:22,ויקטורי,סופרמרקט,490.07,ILS,490.07,רגילה,0
user_047,2024-03-18 16:16,Udemy,חינוך,235.79,ILS,235.79,רגילה,0
user_021,2024-05-15 20:50,Udemy,חינוך,172.96,ILS,172.96,רגילה,0
user_048,2024-11-20 21:39,טיב טעם,סופרמרקט,329.47,ILS,329.47,רגילה,0
user_005,2024-02-21 04:02,נטפליקס,פנאי,825.23,ILS,825.23,רגילה,1
user_033,2024-10-28 09:21,Udemy,חינוך,299.18,ILS,299.18,תשלומים,0
user_003,2024-05-13 09:31,H&M,אופנה,238.79,ILS,238.79,רגילה,0
user_041,2024-03-09 04:57,Udemy,חינוך,1108.41,ILS,1108.41,תשלומים,1
user_001,2024-05-06 10:25,חברת חשמל,אחר,171.59,ILS,171.59,תשלומים,0
user_019,2024-01-17 10:43,יס פלאנט,פנאי,39.43,ILS,39.43,רגילה,0
user_034,2024-05-03 20:34,ביטוח,אחר,309.79,ILS,309.79,תשלומים,0
user_034,2024-07-26 15:18,פז,דלק,207.08,ILS,207.08,רגילה,0
user_022,2024-11-15 14:29,פז,דלק,205.76,ILS,205.76,רגילה,0
user_017,2024-04-26 22:50,פז,דלק,150.15,ILS,150.15,תשלומים,0
user_041,2024-08-09 17:38,Be,פארם,248.61,ILS,248.61,הוראת קבע,0
user_004,2024-11-20 20:17,רכבת ישראל,תחבורה,50.26,ILS,50.26,רגילה,0
user_025,2024-02-20 13:02,פז,דלק,242.35,ILS,242.35,תשלומים,0
user_028,2024-10-25 11:01,דלק,דלק,142.46,ILS,142.46,הוראת קבע,0
user_036,2024-05-27 11:10,טיב טעם,סופרמרקט,353.27,ILS,353.27,תשלומים,0
user_042,2024-01-05 09:42,עירייה,אחר,95.97,ILS,95.97,רגילה,0
user_015,2024-09-02 08:43,קסטרו,אופנה,99.0,ILS,99.0,רגילה,0
user_041,2024-02-24 05:42,רכבת ישראל,תחבורה,596.15,ILS,596.15,רגילה,1
user_030,2024-03-02 22:43,Gett,תחבורה,71.69,ILS,71.69,רגילה,0
user_021,2024-01-23 21:01,ספוטיפיי,פנאי,48.67,ILS,48.67,הוראת קבע,0
user_045,2024-04-07 13:06,סופר-פארם,פארם,221.24,ILS,221.24,רגילה,0
user_045,2024-12-10 21:32,יס פלאנט,פנאי,25.13,ILS,25.13,רגילה,0
user_005,2024-05-18 17:55,Be,פארם,189.43,ILS,189.43,הוראת קבע,0
user_020,2024-08-28 21:49,סופר-פארם,פארם,122.21,ILS,122.21,תשלומים,0
user_027,2024-11-26 16:13,מקדונלד'ס,מסעדות,128.95,ILS,128.95,רגילה,0
user_002,2024-03-16 22:42,טיב טעם,סופרמרקט,190.77,ILS,190.77,הוראת קבע,0
user_004,2024-10-18 18:28,קסטרו,אופנה,77.99,USD,288.56,"עסקת חו""ל",0
user_042,2024-02-13 08:20,רכבת ישראל,תחבורה,74.44,ILS,74.44,רגילה,0
user_015,2024-10-08 14:41,סופר-פארם,פארם,28.72,GBP,134.98,"עסקת חו""ל",0
user_017,2024-12-15 11:32,רכבת ישראל,תחבורה,30.64,ILS,30.64,תשלומים,0
user_001,2024-01-21 21:47,גולדה,מסעדות,98.3,ILS,98.3,הוראת קבע,0
user_042,2024-01-28 08:13,גולדה,מסעדות,173.0,ILS,173.0,תשלומים,0
user_019,2024-10-11 18:22,קסטרו,אופנה,263.86,ILS,263.86,רגילה,0
user_036,2024-02-17 11:05,סופר-פארם,פארם,106.33,ILS,106.33,רגילה,0
user_013,2024-09-12 01:39,Be,פארם,960.06,ILS,960.06,תשלומים,1
user_013,2024-03-20 08:36,Be,פארם,38.77,ILS,38.77,תשלומים,0
user_004,2024-01-01 22:23,יס פלאנט,פנאי,39.61,ILS,39.61,רגילה,0
user_001,2024-11-08 08:26,סופר-פארם,פארם,260.41,ILS,260.41,רגילה,0
user_007,2024-01-15 10:47,Udemy,חינוך,257.9,ILS,257.9,רגילה,0
user_025,2024-06-05 13:59,Be,פארם,14.81,USD,54.8,"עסקת חו""ל",0
user_031,2024-07-12 20:58,חברת חשמל,אחר,118.55,ILS,118.55,רגילה,0
user_044,2024-03-25 12:50,קסטרו,אופנה,480.81,ILS,480.81,הוראת קבע,0
user_010,2024-08-27 13:35,עירייה,אחר,17.91,ILS,17.91,רגילה,0
user_018,2024-01-03 10:00,ויקטורי,סופרמרקט,79.53,EUR,318.12,"עסקת חו""ל",0
user_014,2024-07-21 20:27,ויקטורי,סופרמרקט,374.4,ILS,374.4,רגילה,0
user_002,2024-11-28 16:38,ספוטיפיי,פנאי,60.39,ILS,60.39,תשלומים,0
user_010,2024-02-18 19:45,Gett,תחבורה,10.0,ILS,10.0,רגילה,0
user_026,2024-11-08 13:19,דלק,דלק,322.48,ILS,322.48,רגילה,0
user_016,2024-12-12 22:28,אייבורי,חשמל,1291.74,ILS,1291.74,רגילה,0
user_046,2024-09-27 17:00,פז,דלק,55.49,EUR,221.96,"עסקת חו""ל",0
user_032,2024-07-03 20:47,גולדה,מסעדות,109.0,ILS,109.0,רגילה,0
user_017,2024-08-20 12:33,ספוטיפיי,פנאי,56.11,ILS,56.11,תשלומים,0
user_001,2024-08-09 14:44,סונול,דלק,200.52,ILS,200.52,הוראת קבע,0
user_018,2024-01-27 09:58,רכבת ישראל,תחבורה,69.68,ILS,69.68,רגילה,0
user_036,2024-08-22 22:58,Gett,תחבורה,13.57,USD,50.21,"עסקת חו""ל",0
user_043,2024-07-25 16:57,סופר-פארם,פארם,270.06,ILS,270.06,הוראת קבע,0
user_027,2024-03-19 09:48,Be,פארם,31.25,GBP,146.88,"עסקת חו""ל",0
user_039,2024-11-19 20:19,מחסני חשמל,חשמל,10.0,ILS,10.0,רגילה,0
user_003,2024-04-14 01:29,סופר-פארם,פארם,1432.22,ILS,1432.22,רגילה,1
user_050,2024-03-13 22:28,שופרסל,סופרמרקט,374.16,ILS,374.16,רגילה,0
user_048,2024-10-21 16:01,Gett,תחבורה,12.76,USD,47.21,"עסקת חו""ל",0
user_029,2024-05-27 11:32,אוניברסיטה,חינוך,89.31,ILS,89.31,רגילה,0
user_032,2024-10-05 16:40,KSP,חשמל,678.81,ILS,678.81,רגילה,0
user_034,2024-06-13 03:56,זארה,אופנה,2469.0,ILS,2469.0,רגילה,1
user_006,2024-10-09 02:51,נטפליקס,פנאי,540.28,ILS,540.28,רגילה,1
user_011,2024-11-21 09:41,פוקס,אופנה,46.79,ILS,46.79,רגילה,0
user_045,2024-02-13 22:02,סונול,דלק,185.73,ILS,185.73,רגילה,0
user_005,2024-12-26 16:27,דומינוס,מסעדות,212.46,ILS,212.46,תשלומים,0
user_045,2024-04-02 16:05,פז,דלק,79.21,EUR,316.84,"עסקת חו""ל",0
user_012,2024-08-11 20:26,פוקס,אופנה,174.15,ILS,174.15,רגילה,0
user_039,2024-01-28 16:05,H&M,אופנה,26.16,GBP,122.95,"עסקת חו""ל",0
user_017,2024-08-21 09:02,דלק,דלק,150.42,ILS,150.42,תשלומים,0
user_010,2024-06-04 01:46,פז,דלק,1978.39,ILS,1978.39,רגילה,1
user_039,2024-09-25 08:01,ספוטיפיי,פנאי,75.43,ILS,75.43,תשלומים,0
user_019,2024-03-19 22:24,Be,פארם,236.63,ILS,236.63,רגילה,0
user_040,2024-02-13 10:13,ויקטורי,סופרמרקט,498.78,ILS,498.78,הוראת קבע,0
user_050,2024-06-01 14:30,אייבורי,חשמל,10.0,ILS,10.0,רגילה,0
user_039,2024-02-20 17:47,פז,דלק,47.01,EUR,188.04,"עסקת חו""ל",0
user_016,2024-08-14 18:52,Be,פארם,199.66,ILS,199.66,תשלומים,0
user_022,2024-04-06 09:05,יס פלאנט,פנאי,52.92,ILS,52.92,רגילה,0
user_018,2024-05-28 08:40,יס פלאנט,פנאי,82.33,ILS,82.33,רגילה,0
user_025,2024-02-24 15:34,Udemy,חינוך,251.76,ILS,251.76,רגילה,0
user_017,2024-05-22 18:51,קסטרו,אופנה,10.0,ILS,10.0,רגילה,0
user_022,2024-08-19 22:19,חברת חשמל,אחר,179.14,ILS,179.14,רגילה,0
user_039,2024-08-24 09:11,סופר-פארם,פארם,10.0,ILS,10.0,רגילה,0
user_028,2024-11-28 19:21,אוניברסיטה,חינוך,175.1,ILS,175.1,תשלומים,0
user_043,2024-10-05 08:43,Be,פארם,210.92,ILS,210.92,רגילה,0
user_047,2024-12-06 09:28,שופרסל,סופרמרקט,556.6,ILS,556.6,רגילה,0
user_045,2024-07-04 08:08,רב-קו,תחבורה,30.45,ILS,30.45,רגילה,0
user_008,2024-01-24 18:33,עירייה,אחר,323.24,ILS,323.24,רגילה,0
user_036,2024-08-17 15:53,ביטוח,אחר,205.3,ILS,205.3,הוראת קבע,0
user_005,2024-02-25 17:33,מחסני חשמל,חשמל,681.68,ILS,681.68,רגילה,0
user_012,2024-08-12 11:35,Be,פארם,114.38,ILS,114.38,רגילה,0
user_016,2024-06-04 17:52,עירייה,אחר,32.79,ILS,32.79,רגילה,0
user_034,2024-03-18 15:00,יס פלאנט,פנאי,12.75,EUR,51.0,"עסקת חו""ל",0
user_050,2024-02-14 10:50,רב-קו,תחבורה,42.9,ILS,42.9,רגילה,0
user_005,2024-06-12 01:42,אוניברסיטה,חינוך,2053.98,ILS,2053.98,רגילה,1
user_021,2024-08-26 10:01,פז,דלק,216.75,ILS,216.75,רגילה,0
user_045,2024-02-27 21:35,אוניברסיטה,חינוך,312.67,ILS,312.67,רגילה,0
user_017,2024-11-21 21:35,ספוטיפיי,פנאי,50.09,ILS,50.09,רגילה,0
user_024,2024-12-19 19:18,חברת חשמל,אחר,386.13,ILS,386.13,רגילה,0
user_050,2024-02-27 22:58,סונול,דלק,169.97,ILS,169.97,רגילה,0
user_008,2024-08-15 08:12,דלק,דלק,244.75,ILS,244.75,רגילה,0
user_024,2024-03-17 18:05,Be,פארם,101.6,ILS,101.6,רגילה,0
user_044,2024-04-04 13:29,Udemy,חינוך,60.6,ILS,60.6,רגילה,0
user_033,2024-06-18 21:13,KSP,חשמל,690.27,ILS,690.27,רגילה,0
user_011,2024-01-11 18:46,גולדה,מסעדות,114.95,ILS,114.95,רגילה,0
user_017,2024-05-18 09:22,Gett,תחבורה,49.04,ILS,49.04,תשלומים,0
user_032,2024-05-17 13:37,נטפליקס,פנאי,57.0,ILS,57.0,תשלומים,0
user_007,2024-12-23 09:31,Udemy,חינוך,56.78,USD,210.09,"עסקת חו""ל",0
user_025,2024-11-19 13:09,Udemy,חינוך,163.71,ILS,163.71,תשלומים,0
user_005,2024-05-06 19:47,Udemy,חינוך,308.36,ILS,308.36,רגילה,0
user_005,2024-09-09 12:23,זארה,אופנה,424.7,ILS,424.7,רגילה,0
user_036,2024-12-02 22:41,Udemy,חינוך,157.19,ILS,157.19,רגילה,0
user_030,2024-06-27 15:58,פז,דלק,214.88,ILS,214.88,רגילה,0
user_046,2024-08-24 16:25,עירייה,אחר,299.44,ILS,299.44,הוראת קבע,0
user_017,2024-02-16 17:22,סופר-פארם,פארם,207.78,ILS,207.78,תשלומים,0
user_046,2024-11-15 09:08,Be,פארם,216.72,ILS,216.72,רגילה,0
user_026,2024-08-18 20:19,Udemy,חינוך,207.47,ILS,207.47,רגילה,0
user_044,2024-08-22 15:21,ספוטיפיי,פנאי,99.59,ILS,99.59,רגילה,0
user_029,2024-03-04 12:28,חברת חשמל,אחר,242.9,ILS,242.9,רגילה,0
user_038,2024-06-06 11:06,Gett,תחבורה,34.94,ILS,34.94,רגילה,0
user_027,2024-08-28 18:15,Be,פארם,36.43,ILS,36.43,הוראת קבע,0
user_034,2024-11-26 18:46,רכבת ישראל,תחבורה,77.9,ILS,77.9,הוראת קבע,0
user_019,2024-11-05 22:28,טיב טעם,סופרמרקט,299.13,ILS,299.13,רגילה,0
user_035,2024-11-20 19:23,רמי לוי,סופרמרקט,100.83,ILS,100.83,תשלומים,0
user_007,2024-10-12 18:58,פז,דלק,240.69,ILS,240.69,תשלומים,0
user_021,2024-10-23 17:31,KSP,חשמל,232.27,ILS,232.27,רגילה,0
user_034,2024-03-26 11:42,קסטרו,אופנה,161.6,ILS,161.6,תשלומים,0
user_045,2024-01-16 14:34,Udemy,חינוך,31.82,ILS,31.82,רגילה,0
user_021,2024-07-17 20:52,ויקטורי,סופרמרקט,311.51,ILS,311.51,תשלומים,0
user_027,2024-07-08 22:46,דלק,דלק,201.65,ILS,201.65,רגילה,0
user_011,2024-03-15 22:24,אוניברסיטה,חינוך,38.4,GBP,180.48,"עסקת חו""ל",0
user_047,2024-09-08 20:43,סופר-פארם,פארם,190.36,ILS,190.36,רגילה,0
user_039,2024-08-21 18:00,Udemy,חינוך,28.26,USD,104.56,"עסקת חו""ל",0
user_008,2024-04-03 17:24,אוניברסיטה,חינוך,159.79,ILS,159.79,רגילה,0
user_011,2024-12-15 12:41,דומינוס,מסעדות,183.94,ILS,183.94,רגילה,0
user_016,2024-02-24 15:43,מקדונלד'ס,מסעדות,201.21,ILS,201.21,תשלומים,0
user_004,2024-11-22 04:28,סופר-פארם,פארם,1533.12,ILS,1533.12,רגילה,1
user_024,2024-08-02 13:47,Udemy,חינוך,10.0,ILS,10.0,רגילה,0
user_043,2024-01-23 10:45,טיב טעם,סופרמרקט,376.51,ILS,376.51,רגילה,0
user_013,2024-02-07 10:07,Be,פארם,53.03,EUR,212.12,"עסקת חו""ל",0
user_024,2024-04-26 12:35,נטפליקס,פנאי,76.76,ILS,76.76,רגילה,0
user_039,2024-04-01 11:23,טיב טעם,סופרמרקט,378.53,ILS,378.53,הוראת קבע,0
user_035,2024-03-26 08:41,Be,פארם,71.21,ILS,71.21,תשלומים,0
user_008,2024-01-19 13:33,יס פלאנט,פנאי,72.14,ILS,72.14,רגילה,0
user_024,2024-12-25 22:28,פז,דלק,180.84,ILS,180.84,רגילה,0
user_048,2024-09-01 12:16,רב-קו,תחבורה,10.23,USD,37.85,"עסקת חו""ל",0
user_017,2024-07-03 08:00,רמי לוי,סופרמרקט,332.3,ILS,332.3,תשלומים,0
user_037,2024-08-27 19:59,שופרסל,סופרמרקט,189.35,ILS,189.35,רגילה,0
user_003,2024-04-26 22:03,פוקס,אופנה,167.78,ILS,167.78,רגילה,0
user_041,2024-12-13 20:20,אוניברסיטה,חינוך,46.09,GBP,216.62,"עסקת חו""ל",0
user_047,2024-11-04 13:41,סופר-פארם,פארם,170.39,ILS,170.39,תשלומים,0
user_033,2024-10-15 04:01,קפה גרג,מסעדות,213.88,GBP,1005.24,"עסקת חו""ל",1
user_005,2024-09-13 03:51,חברת חשמל,אחר,2014.5,ILS,2014.5,רגילה,1
user_010,2024-06-20 03:46,אייבורי,חשמל,7267.3,ILS,7267.3,רגילה,1
user_048,2024-07-20 10:29,H&M,אופנה,250.38,ILS,250.38,רגילה,0
user_034,2024-10-04 08:32,KSP,חשמל,177.76,ILS,177.76,רגילה,0
user_014,2024-10-15 17:59,ביטוח,אחר,335.62,ILS,335.62,רגילה,0
user_023,2024-07-11 11:18,נטפליקס,פנאי,24.86,ILS,24.86,תשלומים,0
user_025,2024-10-14 14:17,אייבורי,חשמל,880.12,ILS,880.12,רגילה,0
user_044,2024-06-11 21:02,רכבת ישראל,תחבורה,47.46,ILS,47.46,רגילה,0
user_028,2024-06-17 21:49,רב-קו,תחבורה,72.25,ILS,72.25,רגילה,0
user_019,2024-10-16 16:44,טיב טעם,סופרמרקט,173.69,ILS,173.69,רגילה,0
user_040,2024-05-15 20:04,חברת חשמל,אחר,98.03,ILS,98.03,תשלומים,0
user_005,2024-05-09 17:19,קפה גרג,מסעדות,145.98,ILS,145.98,הוראת קבע,0
user_019,2024-10-24 09:41,אוניברסיטה,חינוך,232.12,ILS,232.12,הוראת קבע,0
user_040,2024-08-17 12:56,Udemy,חינוך,314.71,ILS,314.71,רגילה,0
user_022,2024-11-28 16:24,פז,דלק,112.59,ILS,112.59,רגילה,0
user_007,2024-11-11 11:10,קפה גרג,מסעדות,136.01,ILS,136.01,רגילה,0
user_030,2024-06-25 11:52,ויקטורי,סופרמרקט,146.44,ILS,146.44,רגילה,0
user_011,2024-07-27 19:06,פז,דלק,193.07,ILS,193.07,רגילה,0
user_040,2024-04-17 10:53,אייבורי,חשמל,853.35,ILS,853.35,רגילה,0
user_002,2024-01-04 19:27,KSP,חשמל,897.87,ILS,897.87,הוראת קבע,0
user_028,2024-11-21 12:49,קפה גרג,מסעדות,167.45,ILS,167.45,רגילה,0
user_028,2024-04-26 09:02,Udemy,חינוך,197.59,ILS,197.59,רגילה,0
user_012,2024-11-27 08:16,ויקטורי,סופרמרקט,301.95,ILS,301.95,רגילה,0
user_047,2024-12-12 16:55,ספוטיפיי,פנאי,69.17,ILS,69.17,רגילה,0
user_027,2024-01-21 08:05,Udemy,חינוך,48.56,GBP,228.23,"עסקת חו""ל",0
user_001,2024-07-23 21:25,ויקטורי,סופרמרקט,352.4,ILS,352.4,רגילה,0
user_050,2024-10-01 22:56,Udemy,חינוך,154.8,ILS,154.8,תשלומים,0
user_030,2024-02-28 19:12,רב-קו,תחבורה,17.37,ILS,17.37,הוראת קבע,0
user_028,2024-06-10 16:29,אייבורי,חשמל,853.85,ILS,853.85,רגילה,0
user_042,2024-05-13 13:33,נטפליקס,פנאי,74.37,ILS,74.37,רגילה,0
user_002,2024-06-17 20:42,עירייה,אחר,242.55,ILS,242.55,רגילה,0
user_033,2024-01-02 12:31,חברת חשמל,אחר,117.89,ILS,117.89,הוראת קבע,0
user_021,2024-07-23 08:47,חברת חשמל,אחר,254.83,ILS,254.83,רגילה,0
user_016,2024-08-12 18:41,נטפליקס,פנאי,114.06,ILS,114.06,רגילה,0
user_045,2024-03-02 04:16,יס פלאנט,פנאי,365.34,ILS,365.34,רגילה,1
user_005,2024-01-17 11:35,מקדונלד'ס,מסעדות,217.26,ILS,217.26,רגילה,0
user_028,2024-07-13 12:28,רב-קו,תחבורה,58.39,ILS,58.39,רגילה,0
user_035,2024-07-22 08:44,Be,פארם,10.0,ILS,10.0,רגילה,0
user_035,2024-12-22 20:07,זארה,אופנה,219.54,ILS,219.54,תשלומים,0
user_047,2024-10-02 10:13,רכבת ישראל,תחבורה,19.18,USD,70.97,"עסקת חו""ל",0
user_039,2024-12-13 15:21,אוניברסיטה,חינוך,222.52,ILS,222.52,רגילה,0
user_040,2024-11-08 20:20,סופר-פארם,פארם,47.04,EUR,188.16,"עסקת חו""ל",0
user_043,2024-10-02 08:14,חברת חשמל,אחר,225.24,ILS,225.24,רגילה,0
user_045,2024-11-11 19:51,עירייה,אחר,146.65,ILS,146.65,רגילה,0
user_022,2024-04-13 11:37,רב-קו,תחבורה,36.57,ILS,36.57,תשלומים,0
user_036,2024-10-21 08:31,רמי לוי,סופרמרקט,297.88,ILS,297.88,רגילה,0
user_008,2024-03-09 11:24,קסטרו,אופנה,442.61,ILS,442.61,הוראת קבע,0
user_007,2024-12-21 21:57,רמי לוי,סופרמרקט,137.46,EUR,549.84,"עסקת חו""ל",0
user_006,2024-10-19 11:19,עירייה,אחר,143.1,ILS,143.1,רגילה,0
user_050,2024-12-07 08:29,ביטוח,אחר,111.17,ILS,111.17,תשלומים,0
user_034,2024-11-19 12:28,H&M,אופנה,256.4,ILS,256.4,רגילה,0
user_050,2024-05-17 14:46,עירייה,אחר,150.76,ILS,150.76,רגילה,0
user_036,2024-10-14 21:41,אוניברסיטה,חינוך,27.18,EUR,108.72,"עסקת חו""ל",0
user_034,2024-07-06 18:04,דומינוס,מסעדות,114.1,ILS,114.1,רגילה,0
user_042,2024-07-14 12:52,מחסני חשמל,חשמל,1630.21,ILS,1630.21,הוראת קבע,0
user_005,2024-06-04 14:44,ויקטורי,סופרמרקט,330.81,ILS,330.81,תשלומים,0
user_040,2024-08-03 13:02,פוקס,אופנה,348.94,ILS,348.94,רגילה,0
user_034,2024-07-12 21:38,זארה,אופנה,316.41,ILS,316.41,רגילה,0
user_043,2024-02-24 21:55,נטפליקס,פנאי,17.3,EUR,69.2,"עסקת חו""ל",0
user_050,2024-04-02 13:32,מקדונלד'ס,מסעדות,120.14,ILS,120.14,הוראת קבע,0
user_034,2024-04-06 13:17,פוקס,אופנה,141.91,ILS,141.91,רגילה,0
user_015,2024-06-14 21:05,Be,פארם,244.64,ILS,244.64,רגילה,0
user_047,2024-12-27 15:32,אייבורי,חשמל,1228.35,ILS,1228.35,רגילה,0
user_007,2024-09-18 21:15,קפה גרג,מסעדות,112.11,ILS,112.11,רגילה,0
user_017,2024-12-22 18:34,סונול,דלק,227.77,ILS,227.77,רגילה,0
user_008,2024-01-13 12:39,סונול,דלק,164.22,ILS,164.22,רגילה,0
user_017,2024-12-22 09:55,Be,פארם,135.59,ILS,135.59,תשלומים,0
user_046,2024-11-02 09:01,טיב טעם,סופרמרקט,408.96,ILS,408.96,רגילה,0
user_050,2024-03-24 14:24,Udemy,חינוך,342.51,ILS,342.51,רגילה,0
user_027,2024-03-06 21:00,Be,פארם,217.76,ILS,217.76,רגילה,0
user_019,2024-03-08 14:26,רב-קו,תחבורה,62.28,ILS,62.28,רגילה,0
user_037,2024-02-06 10:55,סופר-פארם,פארם,127.13,ILS,127.13,רגילה,0
user_045,2024-05-11 08:08,קסטרו,אופנה,346.16,ILS,346.16,רגילה,0
user_004,2024-09-07 09:38,נטפליקס,פנאי,53.83,ILS,53.83,רגילה,0
user_020,2024-10-24 13:22,זארה,אופנה,446.14,ILS,446.14,רגילה,0
user_006,2024-03-21 17:34,מקדונלד'ס,מסעדות,43.48,GBP,204.36,"עסקת חו""ל",0
user_015,2024-06-04 17:15,אוניברסיטה,חינוך,219.14,ILS,219.14,רגילה,0
user_003,2024-11-23 10:24,דלק,דלק,142.73,ILS,142.73,רגילה,0
user_019,2024-06-26 20:43,ויקטורי,סופרמרקט,525.97,ILS,525.97,רגילה,0
user_022,2024-07-16 08:03,גולדה,מסעדות,98.77,ILS,98.77,רגילה,0
user_034,2024-09-11 19:48,רמי לוי,סופרמרקט,215.23,ILS,215.23,תשלומים,0
user_005,2024-11-11 15:26,סופר-פארם,פארם,54.48,USD,201.58,"עסקת חו""ל",0
user_035,2024-02-18 17:56,עירייה,אחר,146.35,ILS,146.35,תשלומים,0
user_006,2024-04-05 15:58,קפה גרג,מסעדות,199.8,ILS,199.8,רגילה,0
user_010,2024-01-02 08:40,מחסני חשמל,חשמל,1551.7,ILS,1551.7,רגילה,0
user_021,2024-12-01 15:05,גולדה,מסעדות,28.99,USD,107.26,"עסקת חו""ל",0
user_012,2024-12-20 12:54,דומינוס,מסעדות,15.65,GBP,73.56,"עסקת חו""ל",0
user_021,2024-03-16 08:36,סונול,דלק,227.94,ILS,227.94,תשלומים,0
user_038,2024-09-27 17:59,נטפליקס,פנאי,83.93,ILS,83.93,רגילה,0
user_037,2024-09-14 10:34,נטפליקס,פנאי,67.27,ILS,67.27,רגילה,0
user_017,2024-04-16 11:25,יס פלאנט,פנאי,56.58,ILS,56.58,רגילה,0
user_014,2024-10-03 17:17,Be,פארם,124.68,ILS,124.68,רגילה,0
user_023,2024-05-09 16:32,ויקטורי,סופרמרקט,316.69,ILS,316.69,הוראת קבע,0
user_043,2024-10-01 14:17,קסטרו,אופנה,69.18,EUR,276.72,"עסקת חו""ל",0
user_035,2024-11-12 17:04,Udemy,חינוך,47.82,EUR,191.28,"עסקת חו""ל",0
user_044,2024-04-02 09:19,נטפליקס,פנאי,74.57,ILS,74.57,רגילה,0
user_046,2024-02-23 09:32,נטפליקס,פנאי,50.89,ILS,50.89,רגילה,0
user_050,2024-03-15 08:26,שופרסל,סופרמרקט,315.2,ILS,315.2,תשלומים,0
user_049,2024-06-13 22:47,Udemy,חינוך,349.38,ILS,349.38,רגילה,0
user_025,2024-02-11 16:15,פז,דלק,197.53,ILS,197.53,רגילה,0
user_007,2024-07-03 11:30,נטפליקס,פנאי,69.78,ILS,69.78,הוראת קבע,0
user_044,2024-07-01 16:17,ביטוח,אחר,375.64,ILS,375.64,רגילה,0
user_006,2024-08-26 10:37,Be,פארם,97.2,ILS,97.2,רגילה,0
user_014,2024-02-09 10:15,סופר-פארם,פארם,104.97,ILS,104.97,רגילה,0
user_012,2024-04-24 12:47,ספוטיפיי,פנאי,66.95,ILS,66.95,תשלומים,0
user_009,2024-09-01 20:42,שופרסל,סופרמרקט,316.33,ILS,316.33,רגילה,0
user_003,2024-02-11 12:55,רכבת ישראל,תחבורה,8.68,USD,32.12,"עסקת חו""ל",0
user_040,2024-06-19 11:26,דלק,דלק,215.17,ILS,215.17,רגילה,0
user_007,2024-01-04 17:10,דומינוס,מסעדות,199.44,ILS,199.44,רגילה,0
user_030,2024-01-07 19:28,פז,דלק,173.97,ILS,173.97,רגילה,0
user_028,2024-01-20 19:06,Udemy,חינוך,80.59,EUR,322.36,"עסקת חו""ל",0
user_011,2024-01-09 19:56,Udemy,חינוך,150.41,ILS,150.41,תשלומים,0
user_010,2024-03-20 19:34,יס פלאנט,פנאי,45.88,ILS,45.88,רגילה,0
user_008,2024-12-16 11:17,נטפליקס,פנאי,40.1,ILS,40.1,רגילה,0
user_025,2024-05-01 10:21,פוקס,אופנה,164.0,ILS,164.0,רגילה,0
user_022,2024-06-17 18:50,KSP,חשמל,575.74,ILS,575.74,תשלומים,0
user_001,2024-11-27 20:06,נטפליקס,פנאי,63.81,ILS,63.81,רגילה,0
user_003,2024-10-15 18:42,עירייה,אחר,102.12,ILS,102.12,רגילה,0
user_043,2024-11-12 11:03,רכבת ישראל,תחבורה,47.78,ILS,47.78,רגילה,0
user_001,2024-07-16 17:14,KSP,חשמל,1232.68,ILS,1232.68,תשלומים,0
user_046,2024-01-26 08:02,Be,פארם,153.45,ILS,153.45,רגילה,0
user_024,2024-06-18 17:36,אייבורי,חשמל,598.58,ILS,598.58,רגילה,0
user_010,2024-04-28 17:49,קסטרו,אופנה,10.0,ILS,10.0,רגילה,0
user_032,2024-05-02 22:58,Be,פארם,31.8,ILS,31.8,רגילה,0
user_026,2024-06-04 20:14,פוקס,אופנה,286.68,ILS,286.68,רגילה,0
user_048,2024-09-22 17:20,סופר-פארם,פארם,54.26,EUR,217.04,"עסקת חו""ל",0
user_040,2024-02-12 18:43,נטפליקס,פנאי,38.73,ILS,38.73,רגילה,0
user_038,2024-08-07 22:55,Gett,תחבורה,21.82,ILS,21.82,רגילה,0
user_024,2024-07-19 13:49,רב-קו,תחבורה,26.36,ILS,26.36,רגילה,0
user_028,2024-03-21 12:31,Udemy,חינוך,150.8,ILS,150.8,רגילה,0
user_047,2024-02-07 17:25,קסטרו,אופנה,308.47,ILS,308.47,רגילה,0
user_038,2024-03-13 16:50,מקדונלד'ס,מסעדות,108.4,ILS,108.4,רגילה,0
user_003,2024-05-09 16:07,רמי לוי,סופרמרקט,446.22,ILS,446.22,רגילה,0
user_034,2024-10-12 17:49,אוניברסיטה,חינוך,283.99,ILS,283.99,רגילה,0
user_035,2024-01-24 14:29,נטפליקס,פנאי,49.05,ILS,49.05,רגילה,0
user_014,2024-07-21 22:26,סופר-פארם,פארם,226.4,ILS,226.4,הוראת קבע,0
user_017,2024-02-17 13:38,אייבורי,חשמל,553.07,ILS,553.07,רגילה,0
user_018,2024-07-07 16:34,נטפליקס,פנאי,77.78,ILS,77.78,רגילה,0
user_021,2024-10-09 12:43,Be,פארם,34.82,USD,128.83,"עסקת חו""ל",0
user_035,2024-09-28 20:40,אייבורי,חשמל,859.31,ILS,859.31,תשלומים,0
user_014,2024-03-02 17:23,שופרסל,סופרמרקט,218.55,ILS,218.55,רגילה,0
user_014,2024-03-06 08:44,טיב טעם,סופרמרקט,491.88,ILS,491.88,רגילה,0
user_036,2024-10-06 11:53,רכבת ישראל,תחבורה,59.89,ILS,59.89,הוראת קבע,0
user_014,2024-10-16 11:15,ויקטורי,סופרמרקט,199.94,ILS,199.94,רגילה,0
user_041,2024-10-27 18:26,H&M,אופנה,10.0,ILS,10.0,רגילה,0
user_004,2024-09-04 12:39,אייבורי,חשמל,400.36,ILS,400.36,רגילה,0
user_035,2024-10-18 08:15,ספוטיפיי,פנאי,81.39,ILS,81.39,רגילה,0
user_010,2024-12-20 08:00,רכבת ישראל,תחבורה,48.96,ILS,48.96,רגילה,0
user_015,2024-05-20 22:34,אוניברסיטה,חינוך,407.41,ILS,407.41,רגילה,0
user_007,2024-09-08 17:28,סופר-פארם,פארם,135.69,ILS,135.69,רגילה,0
user_044,2024-12-11 10:16,רכבת ישראל,תחבורה,43.15,ILS,43.15,רגילה,0
user_018,2024-04-26 13:30,פז,דלק,152.84,ILS,152.84,רגילה,0
user_028,2024-12-07 17:21,Gett,תחבורה,53.8,ILS,53.8,רגילה,0
user_034,2024-11-13 22:43,דלק,דלק,170.89,ILS,170.89,רגילה,0
user_015,2024-07-01 17:38,רכבת ישראל,תחבורה,25.88,ILS,25.88,רגילה,0
user_004,2024-04-13 20:03,שופרסל,סופרמרקט,432.8,ILS,432.8,הוראת קבע,0
user_035,2024-01-03 20:13,נטפליקס,פנאי,37.17,ILS,37.17,רגילה,0
user_019,2024-10-15 08:28,רכבת ישראל,תחבורה,18.28,ILS,18.28,רגילה,0
user_043,2024-05-07 12:44,נטפליקס,פנאי,46.99,ILS,46.99,רגילה,0
user_007,2024-06-12 13:49,עירייה,אחר,360.84,ILS,360.84,רגילה,0
user_042,2024-12-03 08:48,Be,פארם,107.65,ILS,107.65,רגילה,0
user_023,2024-03-02 16:30,פוקס,אופנה,174.18,ILS,174.18,רגילה,0
user_024,2024-03-17 18:54,רב-קו,תחבורה,12.99,ILS,12.99,תשלומים,0
user_021,2024-07-13 20:16,פוקס,אופנה,375.9,ILS,375.9,רגילה,0
user_048,2024-10-02 11:41,קסטרו,אופנה,237.99,ILS,237.99,רגילה,0
user_012,2024-07-08 14:48,ויקטורי,סופרמרקט,96.38,EUR,385.52,"עסקת חו""ל",0
user_049,2024-07-26 09:03,אייבורי,חשמל,1055.11,ILS,1055.11,רגילה,0
user_044,2024-02-24 03:56,Udemy,חינוך,1853.98,ILS,1853.98,רגילה,1
user_019,2024-07-23 02:50,קסטרו,אופנה,2808.55,ILS,2808.55,הוראת קבע,1
user_044,2024-08-17 19:47,טיב טעם,סופרמרקט,262.76,ILS,262.76,רגילה,0
user_032,2024-11-07 20:35,פוקס,אופנה,55.97,GBP,263.06,"עסקת חו""ל",0
user_017,2024-06-21 15:18,H&M,אופנה,293.24,ILS,293.24,רגילה,0
user_009,2024-11-16 09:24,עירייה,אחר,161.39,ILS,161.39,רגילה,0
user_032,2024-03-13 12:23,קפה גרג,מסעדות,165.46,ILS,165.46,רגילה,0
user_025,2024-09-25 13:22,Be,פארם,95.61,ILS,95.61,רגילה,0
user_006,2024-11-12 21:01,אייבורי,חשמל,1313.07,ILS,1313.07,רגילה,0
user_045,2024-03-08 09:00,מקדונלד'ס,מסעדות,64.1,ILS,64.1,רגילה,0
user_019,2024-09-03 08:30,Be,פארם,305.81,ILS,305.81,תשלומים,0
user_015,2024-08-28 19:42,רכבת ישראל,תחבורה,55.98,ILS,55.98,רגילה,0
user_027,2024-12-13 09:25,סונול,דלק,271.09,ILS,271.09,תשלומים,0
user_045,2024-03-05 13:12,אייבורי,חשמל,236.56,ILS,236.56,רגילה,0
user_047,2024-03-19 13:58,רמי לוי,סופרמרקט,306.23,ILS,306.23,תשלומים,0
user_048,2024-03-03 12:34,קפה גרג,מסעדות,72.56,ILS,72.56,רגילה,0
user_013,2024-09-23 21:24,פוקס,אופנה,277.86,ILS,277.86,תשלומים,0
user_011,2024-05-23 17:03,גולדה,מסעדות,95.31,ILS,95.31,רגילה,0
user_042,2024-07-21 18:15,KSP,חשמל,665.5,ILS,665.5,רגילה,0
user_005,2024-03-16 21:56,H&M,אופנה,63.03,GBP,296.24,"עסקת חו""ל",0
user_040,2024-07-27 13:54,אוניברסיטה,חינוך,208.02,ILS,208.02,רגילה,0
user_050,2024-03-17 21:41,סופר-פארם,פארם,133.49,ILS,133.49,תשלומים,0
user_033,2024-08-28 22:07,אוניברסיטה,חינוך,173.18,ILS,173.18,תשלומים,0
user_027,2024-07-19 20:54,עירייה,אחר,181.08,ILS,181.08,רגילה,0
user_029,2024-03-28 18:46,Be,פארם,82.49,ILS,82.49,רגילה,0
user_035,2024-09-20 13:57,סונול,דלק,251.36,ILS,251.36,רגילה,0
user_043,2024-04-02 17:50,קסטרו,אופנה,418.18,ILS,418.18,רגילה,0
user_015,2024-01-04 12:09,ויקטורי,סופרמרקט,354.19,ILS,354.19,הוראת קבע,0
user_007,2024-03-06 12:43,קפה גרג,מסעדות,86.63,ILS,86.63,רגילה,0
user_003,2024-02-13 17:53,KSP,חשמל,235.7,ILS,235.7,רגילה,0
user_001,2024-02-02 15:58,מקדונלד'ס,מסעדות,134.05,ILS,134.05,רגילה,0
user_004,2024-06-23 12:19,נטפליקס,פנאי,20.4,EUR,81.6,"עסקת חו""ל",0
user_018,2024-01-07 00:39,רכבת ישראל,תחבורה,707.41,ILS,707.41,רגילה,1
user_037,2024-05-08 19:26,זארה,אופנה,400.17,ILS,400.17,רגילה,0
user_007,2024-06-04 19:30,מקדונלד'ס,מסעדות,104.13,ILS,104.13,רגילה,0
user_031,2024-11-02 20:45,ויקטורי,סופרמרקט,358.13,ILS,358.13,רגילה,0
user_041,2024-08-06 18:31,זארה,אופנה,171.64,ILS,171.64,רגילה,0
user_012,2024-01-03 12:48,קפה גרג,מסעדות,165.74,ILS,165.74,רגילה,0
user_024,2024-08-28 19:33,טיב טעם,סופרמרקט,792.5,ILS,792.5,רגילה,0
user_001,2024-07-04 13:05,מחסני חשמל,חשמל,1511.07,ILS,1511.07,רגילה,0
user_040,2024-02-18 13:54,מחסני חשמל,חשמל,1764.63,ILS,1764.63,תשלומים,0
user_002,2024-10-25 14:49,קפה גרג,מסעדות,95.39,ILS,95.39,רגילה,0
user_047,2024-05-26 08:15,סופר-פארם,פארם,115.41,ILS,115.41,רגילה,0
user_038,2024-01-02 21:46,אייבורי,חשמל,993.06,ILS,993.06,רגילה,0
user_048,2024-11-02 16:49,ספוטיפיי,פנאי,36.4,ILS,36.4,רגילה,0
user_018,2024-05-04 19:49,Gett,תחבורה,61.59,ILS,61.59,רגילה,0
user_031,2024-08-22 14:04,רכבת ישראל,תחבורה,56.54,ILS,56.54,רגילה,0
user_039,2024-07-03 13:57,דלק,דלק,183.65,ILS,183.65,רגילה,0
user_027,2024-09-27 09:36,קפה גרג,מסעדות,141.92,ILS,141.92,רגילה,0
user_022,2024-11-21 14:12,גולדה,מסעדות,84.78,ILS,84.78,רגילה,0
user_046,2024-06-13 12:08,רכבת ישראל,תחבורה,66.77,ILS,66.77,רגילה,0
user_031,2024-02-18 13:13,דלק,דלק,58.31,GBP,274.06,"עסקת חו""ל",0
user_025,2024-06-18 18:48,דומינוס,מסעדות,175.52,ILS,175.52,תשלומים,0
user_009,2024-01-19 20:44,רכבת ישראל,תחבורה,36.03,ILS,36.03,רגילה,0
user_030,2024-01-20 14:16,Be,פארם,88.4,ILS,88.4,הוראת קבע,0
user_011,2024-04-25 11:51,ביטוח,אחר,135.55,ILS,135.55,רגילה,0
user_011,2024-01-21 21:18,אייבורי,חשמל,960.99,ILS,960.99,תשלומים,0
user_025,2024-05-13 19:26,אוניברסיטה,חינוך,212.31,ILS,212.31,רגילה,0
user_034,2024-04-03 08:49,סופר-פארם,פארם,300.49,ILS,300.49,רגילה,0
user_020,2024-01-21 22:16,נטפליקס,פנאי,43.48,ILS,43.48,רגילה,0
user_024,2024-02-22 03:30,דלק,דלק,1484.97,ILS,1484.97,רגילה,1
user_035,2024-04-25 17:09,KSP,חשמל,783.12,ILS,783.12,רגילה,0
user_033,2024-01-21 21:13,אוניברסיטה,חינוך,46.97,ILS,46.97,רגילה,0
user_028,2024-01-08 11:41,טיב טעם,סופרמרקט,397.78,ILS,397.78,רגילה,0
user_050,2024-01-11 19:02,Gett,תחבורה,57.29,ILS,57.29,רגילה,0
user_004,2024-02-17 09:55,ספוטיפיי,פנאי,79.16,ILS,79.16,רגילה,0
user_043,2024-09-14 13:16,מחסני חשמל,חשמל,1453.53,ILS,1453.53,רגילה,0
user_018,2024-03-27 11:20,נטפליקס,פנאי,83.8,ILS,83.8,רגילה,0
user_011,2024-07-21 08:47,אייבורי,חשמל,59.82,ILS,59.82,תשלומים,0
user_034,2024-08-20 08:46,קפה גרג,מסעדות,125.23,ILS,125.23,רגילה,0
user_016,2024-08-11 10:33,דומינוס,מסעדות,209.8,ILS,209.8,רגילה,0
user_041,2024-12-22 10:13,KSP,חשמל,857.92,ILS,857.92,רגילה,0
user_044,2024-03-08 10:34,סונול,דלק,179.5,ILS,179.5,רגילה,0
user_035,2024-06-23 18:59,ביטוח,אחר,79.25,ILS,79.25,הוראת קבע,0
user_047,2024-08-24 21:42,ספוטיפיי,פנאי,70.01,ILS,70.01,תשלומים,0
user_030,2024-03-05 17:56,Be,פארם,56.88,ILS,56.88,רגילה,0
user_014,2024-05-08 20:17,אוניברסיטה,חינוך,219.69,ILS,219.69,רגילה,0
user_015,2024-06-10 20:38,גולדה,מסעדות,118.21,ILS,118.21,תשלומים,0
user_044,2024-01-04 11:42,KSP,חשמל,599.01,ILS,599.01,רגילה,0
user_026,2024-12-23 13:55,גולדה,מסעדות,83.08,ILS,83.08,רגילה,0
user_022,2024-03-21 22:57,מחסני חשמל,חשמל,1393.86,ILS,1393.86,רגילה,0
user_012,2024-10-17 12:19,אוניברסיטה,חינוך,168.69,ILS,168.69,רגילה,0
user_032,2024-12-06 08:59,קסטרו,אופנה,97.23,EUR,388.92,"עסקת חו""ל",0
user_024,2024-05-14 02:53,סופר-פארם,פארם,1600.7,ILS,1600.7,תשלומים,1
user_021,2024-05-19 12:19,נטפליקס,פנאי,59.47,ILS,59.47,רגילה,0
user_047,2024-01-16 16:26,שופרסל,סופרמרקט,126.62,ILS,126.62,רגילה,0
user_047,2024-05-14 10:41,Be,פארם,152.72,ILS,152.72,רגילה,0
user_002,2024-10-01 20:28,Udemy,חינוך,223.07,ILS,223.07,רגילה,0
user_007,2024-09-13 20:29,רמי לוי,סופרמרקט,475.27,ILS,475.27,רגילה,0
user_023,2024-07-12 04:15,Gett,תחבורה,384.23,ILS,384.23,רגילה,1
user_009,2024-02-09 19:07,מחסני חשמל,חשמל,1111.65,ILS,1111.65,רגילה,0
user_011,2024-10-08 13:31,רכבת ישראל,תחבורה,65.94,ILS,65.94,רגילה,0
user_021,2024-08-21 13:17,נטפליקס,פנאי,64.93,ILS,64.93,תשלומים,0
user_025,2024-09-06 03:38,זארה,אופנה,2667.09,ILS,2667.09,רגילה,1
user_028,2024-02-15 13:49,רכבת ישראל,תחבורה,18.71,ILS,18.71,רגילה,0
user_016,2024-10-19 22:41,אוניברסיטה,חינוך,325.72,ILS,325.72,רגילה,0
user_045,2024-08-22 10:57,פז,דלק,173.7,ILS,173.7,רגילה,0
user_011,2024-03-13 08:29,עירייה,אחר,124.3,ILS,124.3,רגילה,0
user_042,2024-07-03 19:16,אוניברסיטה,חינוך,123.98,ILS,123.98,רגילה,0
user_047,2024-02-11 17:11,סונול,דלק,175.11,ILS,175.11,רגילה,0
user_013,2024-06-10 12:02,טיב טעם,סופרמרקט,499.68,ILS,499.68,רגילה,0
user_034,2024-02-01 20:47,ויקטורי,סופרמרקט,124.41,ILS,124.41,רגילה,0
user_017,2024-04-02 11:01,עירייה,אחר,39.6,ILS,39.6,רגילה,0
user_039,2024-10-20 21:25,סונול,דלק,58.18,USD,215.27,"עסקת חו""ל",0
user_036,2024-11-26 21:17,נטפליקס,פנאי,65.61,ILS,65.61,רגילה,0
user_020,2024-10-17 08:37,H&M,אופנה,112.41,ILS,112.41,תשלומים,0
user_012,2024-11-10 09:07,מחסני חשמל,חשמל,790.35,ILS,790.35,תשלומים,0
user_020,2024-05-05 19:36,Udemy,חינוך,350.08,ILS,350.08,רגילה,0
user_021,2024-01-10 21:58,רכבת ישראל,תחבורה,76.91,ILS,76.91,תשלומים,0
user_031,2024-08-22 21:17,רכבת ישראל,תחבורה,46.35,ILS,46.35,תשלומים,0
user_003,2024-01-28 03:20,ביטוח,אחר,1115.35,ILS,1115.35,רגילה,1
user_041,2024-11-08 20:58,ביטוח,אחר,215.37,ILS,215.37,רגילה,0
user_048,2024-09-10 18:15,H&M,אופנה,131.7,ILS,131.7,רגילה,0
user_002,2024-12-09 01:46,נטפליקס,פנאי,839.78,ILS,839.78,רגילה,1
user_018,2024-02-03 13:07,ביטוח,אחר,10.0,ILS,10.0,רגילה,0
user_010,2024-11-25 08:10,עירייה,אחר,225.56,ILS,225.56,רגילה,0
user_011,2024-10-26 20:11,זארה,אופנה,310.16,ILS,310.16,רגילה,0
user_026,2024-04-24 15:20,גולדה,מסעדות,87.09,ILS,87.09,רגילה,0
user_006,2024-05-07 08:34,KSP,חשמל,1355.69,ILS,1355.69,רגילה,0
user_038,2024-04-04 05:17,זארה,אופנה,1583.53,ILS,1583.53,רגילה,1
user_026,2024-10-19 14:17,קפה גרג,מסעדות,137.66,ILS,137.66,רגילה,0
user_038,2024-08-24 22:05,KSP,חשמל,1075.86,ILS,1075.86,רגילה,0
user_001,2024-09-17 18:22,מחסני חשמל,חשמל,803.94,ILS,803.94,רגילה,0
user_039,2024-09-09 11:35,רכבת ישראל,תחבורה,83.4,ILS,83.4,רגילה,0
user_045,2024-06-09 15:56,סופר-פארם,פארם,231.05,ILS,231.05,רגילה,0
user_021,2024-09-06 08:11,נטפליקס,פנאי,88.7,ILS,88.7,תשלומים,0
user_018,2024-05-13 16:23,שופרסל,סופרמרקט,404.41,ILS,404.41,רגילה,0
user_034,2024-02-14 08:53,רב-קו,תחבורה,53.74,ILS,53.74,רגילה,0
user_027,2024-09-19 22:56,מקדונלד'ס,מסעדות,92.88,ILS,92.88,רגילה,0
user_045,2024-08-28 14:24,שופרסל,סופרמרקט,388.86,ILS,388.86,רגילה,0
user_021,2024-08-28 21:49,אייבורי,חשמל,1148.66,ILS,1148.66,תשלומים,0
user_028,2024-01-28 04:41,רמי לוי,סופרמרקט,3089.97,ILS,3089.97,רגילה,1
user_033,2024-09-05 09:29,אוניברסיטה,חינוך,251.89,ILS,251.89,רגילה,0
user_029,2024-09-18 16:07,ויקטורי,סופרמרקט,466.23,ILS,466.23,תשלומים,0
user_028,2024-09-24 11:07,רכבת ישראל,תחבורה,44.34,ILS,44.34,תשלומים,0
user_015,2024-08-26 14:04,KSP,חשמל,1179.58,ILS,1179.58,תשלומים,0
user_029,2024-02-10 22:39,דלק,דלק,222.12,ILS,222.12,רגילה,0
user_019,2024-05-12 11:39,יס פלאנט,פנאי,83.14,ILS,83.14,רגילה,0
user_033,2024-09-14 14:47,סופר-פארם,פארם,99.67,ILS,99.67,רגילה,0
user_011,2024-01-01 17:05,נטפליקס,פנאי,30.74,ILS,30.74,תשלומים,0
user_007,2024-10-24 17:39,ספוטיפיי,פנאי,102.51,ILS,102.51,רגילה,0
user_041,2024-06-23 14:55,אוניברסיטה,חינוך,327.04,ILS,327.04,רגילה,0
user_038,2024-05-05 22:13,שופרסל,סופרמרקט,263.11,ILS,263.11,תשלומים,0
user_039,2024-05-20 21:30,פוקס,אופנה,57.42,ILS,57.42,רגילה,0
user_012,2024-07-23 21:23,Udemy,חינוך,275.5,ILS,275.5,רגילה,0
user_022,2024-02-10 08:19,Be,פארם,263.98,ILS,263.98,רגילה,0
user_014,2024-05-04 19:03,עירייה,אחר,48.56,EUR,194.24,"עסקת חו""ל",0
user_025,2024-06-02 09:04,סונול,דלק,193.76,ILS,193.76,רגילה,0
user_037,2024-04-04 08:25,H&M,אופנה,335.9,ILS,335.9,תשלומים,0
user_034,2024-09-14 20:33,קפה גרג,מסעדות,192.52,ILS,192.52,רגילה,0
user_025,2024-10-26 11:48,זארה,אופנה,420.66,ILS,420.66,רגילה,0
user_012,2024-03-14 17:08,מחסני חשמל,חשמל,10.0,ILS,10.0,רגילה,0
user_039,2024-06-13 05:04,רב-קו,תחבורה,372.41,ILS,372.41,רגילה,1
user_027,2024-07-03 12:40,שופרסל,סופרמרקט,357.74,ILS,357.74,רגילה,0
user_048,2024-07-26 22:25,KSP,חשמל,474.95,ILS,474.95,רגילה,0
user_012,2024-07-05 00:56,רכבת ישראל,תחבורה,76.81,GBP,361.01,"עסקת חו""ל",1
user_049,2024-09-19 13:20,Udemy,חינוך,231.41,ILS,231.41,רגילה,0
user_030,2024-01-12 09:59,שופרסל,סופרמרקט,221.47,ILS,221.47,רגילה,0
user_025,2024-09-02 13:17,יס פלאנט,פנאי,70.88,ILS,70.88,רגילה,0
user_022,2024-08-25 13:16,קסטרו,אופנה,41.02,EUR,164.08,"עסקת חו""ל",0
user_037,2024-10-22 08:50,פז,דלק,271.44,ILS,271.44,רגילה,0
user_001,2024-07-06 20:14,פז,דלק,41.2,GBP,193.64,"עסקת חו""ל",0
user_043,2024-12-14 22:22,H&M,אופנה,160.35,ILS,160.35,רגילה,0
user_048,2024-03-07 21:49,גולדה,מסעדות,107.5,ILS,107.5,רגילה,0
user_022,2024-12-23 17:24,Be,פארם,62.76,ILS,62.76,רגילה,0
user_048,2024-05-27 22:11,ספוטיפיי,פנאי,19.21,GBP,90.29,"עסקת חו""ל",0
user_018,2024-05-03 17:13,קפה גרג,מסעדות,148.16,ILS,148.16,רגילה,0
user_028,2024-09-27 11:46,יס פלאנט,פנאי,81.58,ILS,81.58,רגילה,0
user_021,2024-05-22 15:07,פז,דלק,206.89,ILS,206.89,הוראת קבע,0
user_019,2024-10-22 17:58,ויקטורי,סופרמרקט,321.45,ILS,321.45,רגילה,0
user_024,2024-11-11 14:16,ספוטיפיי,פנאי,53.46,ILS,53.46,תשלומים,0
user_001,2024-10-16 17:42,אוניברסיטה,חינוך,144.6,ILS,144.6,רגילה,0
user_011,2024-06-17 20:51,רב-קו,תחבורה,46.73,ILS,46.73,רגילה,0
user_049,2024-10-16 15:28,מקדונלד'ס,מסעדות,170.08,ILS,170.08,רגילה,0
user_003,2024-10-04 16:39,Udemy,חינוך,434.87,ILS,434.87,רגילה,0
user_030,2024-08-19 16:28,ויקטורי,סופרמרקט,567.39,ILS,567.39,רגילה,0
user_045,2024-01-24 13:01,אוניברסיטה,חינוך,23.73,USD,87.8,"עסקת חו""ל",0
user_013,2024-11-18 19:37,שופרסל,סופרמרקט,482.54,ILS,482.54,רגילה,0
user_032,2024-09-18 19:06,Be,פארם,178.4,ILS,178.4,רגילה,0
user_011,2024-06-03 12:21,ספוטיפיי,פנאי,80.63,ILS,80.63,רגילה,0
user_002,2024-05-11 09:54,ויקטורי,סופרמרקט,103.47,ILS,103.47,תשלומים,0
user_026,2024-03-23 17:15,Be,פארם,92.61,ILS,92.61,רגילה,0
user_022,2024-05-25 13:27,Be,פארם,34.88,USD,129.06,"עסקת חו""ל",0
user_041,2024-10-23 15:40,Gett,תחבורה,71.62,ILS,71.62,רגילה,0
user_041,2024-05-08 09:19,סופר-פארם,פארם,128.78,ILS,128.78,רגילה,0
user_050,2024-12-25 22:14,אייבורי,חשמל,413.39,USD,1529.54,"עסקת חו""ל",0
user_019,2024-10-24 22:01,חברת חשמל,אחר,48.27,USD,178.6,"עסקת חו""ל",0
user_016,2024-06-08 13:52,גולדה,מסעדות,118.9,ILS,118.9,רגילה,0
user_005,2024-02-13 21:22,מחסני חשמל,חשמל,746.83,ILS,746.83,רגילה,0
user_010,2024-01-17 22:32,קפה גרג,מסעדות,138.5,ILS,138.5,רגילה,0
user_019,2024-02-13 03:52,Gett,תחבורה,370.83,ILS,370.83,רגילה,1
user_044,2024-02-15 16:44,מקדונלד'ס,מסעדות,119.09,ILS,119.09,רגילה,0
user_015,2024-11-10 13:13,Udemy,חינוך,275.79,ILS,275.79,רגילה,0
user_035,2024-12-24 10:46,ביטוח,אחר,160.5,ILS,160.5,רגילה,0
user_049,2024-07-17 12:00,ביטוח,אחר,199.25,ILS,199.25,רגילה,0
user_049,2024-11-08 22:44,דלק,דלק,48.25,USD,178.53,"עסקת חו""ל",0
user_047,2024-10-13 20:04,זארה,אופנה,196.76,ILS,196.76,תשלומים,0
user_013,2024-08-17 19:43,Gett,תחבורה,49.4,ILS,49.4,תשלומים,0
user_034,2024-12-28 10:08,גולדה,מסעדות,108.83,ILS,108.83,רגילה,0
user_044,2024-01-28 22:55,שופרסל,סופרמרקט,428.42,ILS,428.42,רגילה,0
user_023,2024-02-27 11:15,דומינוס,מסעדות,4.4,USD,16.28,"עסקת חו""ל",0
user_044,2024-10-24 15:31,פז,דלק,216.02,ILS,216.02,רגילה,0
user_027,2024-04-09 20:31,יס פלאנט,פנאי,27.68,ILS,27.68,רגילה,0
user_047,2024-01-03 22:55,טיב טעם,סופרמרקט,288.93,ILS,288.93,הוראת קבע,0
user_040,2024-08-25 18:13,קפה גרג,מסעדות,69.24,ILS,69.24,רגילה,0
user_007,2024-09-15 22:16,Be,פארם,138.86,ILS,138.86,רגילה,0
user_016,2024-05-08 04:45,רכבת ישראל,תחבורה,680.45,ILS,680.45,תשלומים,1
user_038,2024-01-16 18:26,אייבורי,חשמל,632.08,ILS,632.08,רגילה,0
user_016,2024-05-25 13:50,סופר-פארם,פארם,3.9,GBP,18.33,"עסקת חו""ל",0
user_039,2024-11-07 15:26,טיב טעם,סופרמרקט,173.23,ILS,173.23,הוראת קבע,0
user_012,2024-06-25 14:10,נטפליקס,פנאי,80.31,ILS,80.31,רגילה,0
user_041,2024-05-08 20:37,חברת חשמל,אחר,20.47,ILS,20.47,הוראת קבע,0
user_013,2024-06-02 18:37,נטפליקס,פנאי,68.58,ILS,68.58,רגילה,0
user_003,2024-04-20 11:02,Gett,תחבורה,27.4,ILS,27.4,רגילה,0
user_035,2024-11-13 17:44,זארה,אופנה,10.0,ILS,10.0,רגילה,0
user_005,2024-07-18 18:53,H&M,אופנה,48.9,GBP,229.83,"עסקת חו""ל",0
user_030,2024-12-16 19:10,סונול,דלק,165.15,ILS,165.15,רגילה,0
user_049,2024-02-20 22:54,ספוטיפיי,פנאי,53.46,ILS,53.46,רגילה,0
user_013,2024-04-27 09:03,פוקס,אופנה,542.51,ILS,542.51,רגילה,0
user_019,2024-08-09 01:39,חברת חשמל,אחר,2591.69,ILS,2591.69,רגילה,1
user_009,2024-04-23 22:47,KSP,חשמל,10.0,ILS,10.0,רגילה,0
user_046,2024-12-14 13:39,רב-קו,תחבורה,50.71,ILS,50.71,רגילה,0
user_002,2024-12-01 11:19,KSP,חשמל,1707.79,ILS,1707.79,רגילה,0
user_024,2024-06-06 18:47,אוניברסיטה,חינוך,279.1,ILS,279.1,רגילה,0
user_017,2024-09-17 18:26,Be,פארם,134.03,ILS,134.03,רגילה,0
user_048,2024-04-10 21:13,עירייה,אחר,102.75,ILS,102.75,רגילה,0
user_022,2024-06-23 17:41,סופר-פארם,פארם,226.88,ILS,226.88,הוראת קבע,0
user_041,2024-05-14 13:01,יס פלאנט,פנאי,61.26,ILS,61.26,רגילה,0
user_037,2024-10-01 22:57,Udemy,חינוך,199.45,ILS,199.45,תשלומים,0
user_043,2024-02-07 13:37,דומינוס,מסעדות,99.64,ILS,99.64,רגילה,0
user_039,2024-09-17 10:29,חברת חשמל,אחר,253.3,ILS,253.3,רגילה,0
user_021,2024-02-07 12:13,סופר-פארם,פארם,27.29,EUR,109.16,"עסקת חו""ל",0
user_047,2024-12-01 12:57,גולדה,מסעדות,41.58,EUR,166.32,"עסקת חו""ל",0
user_035,2024-03-17 01:19,Be,פארם,2043.56,ILS,2043.56,רגילה,1
user_015,2024-12-28 16:19,ויקטורי,סופרמרקט,292.5,ILS,292.5,הוראת קבע,0
user_011,2024-04-24 05:37,פז,דלק,2216.38,ILS,2216.38,רגילה,1
user_032,2024-12-13 20:20,נטפליקס,פנאי,13.32,GBP,62.6,"עסקת חו""ל",0
user_029,2024-07-05 19:29,נטפליקס,פנאי,46.29,ILS,46.29,רגילה,0
user_013,2024-11-26 15:28,מחסני חשמל,חשמל,950.28,ILS,950.28,רגילה,0
user_048,2024-03-19 17:18,KSP,חשמל,611.36,ILS,611.36,רגילה,0
user_042,2024-12-03 22:53,זארה,אופנה,70.99,ILS,70.99,רגילה,0
user_031,2024-05-28 13:53,אוניברסיטה,חינוך,53.2,ILS,53.2,רגילה,0
user_010,2024-07-25 15:22,Udemy,חינוך,291.15,ILS,291.15,תשלומים,0
user_004,2024-10-23 10:25,פז,דלק,169.02,ILS,169.02,רגילה,0
user_011,2024-06-22 20:21,גולדה,מסעדות,98.31,ILS,98.31,רגילה,0
user_036,2024-11-06 15:51,זארה,אופנה,348.85,ILS,348.85,רגילה,0
user_029,2024-02-12 08:06,ספוטיפיי,פנאי,32.68,ILS,32.68,תשלומים,0
user_035,2024-07-19 14:12,סונול,דלק,183.03,ILS,183.03,רגילה,0
user_014,2024-05-19 14:55,מקדונלד'ס,מסעדות,112.36,ILS,112.36,רגילה,0
user_015,2024-11-08 14:30,חברת חשמל,אחר,10.0,ILS,10.0,רגילה,0
user_006,2024-05-12 12:19,אוניברסיטה,חינוך,324.18,ILS,324.18,רגילה,0
user_031,2024-07-19 05:09,ביטוח,אחר,2946.84,ILS,2946.84,רגילה,1
user_020,2024-08-03 02:11,דלק,דלק,2089.96,ILS,2089.96,רגילה,1
user_028,2024-06-17 18:18,Be,פארם,209.08,ILS,209.08,רגילה,0
user_027,2024-12-23 18:11,סופר-פארם,פארם,257.69,ILS,257.69,רגילה,0
user_043,2024-01-28 14:02,סונול,דלק,133.42,ILS,133.42,רגילה,0
user_040,2024-05-19 10:29,H&M,אופנה,207.25,ILS,207.25,רגילה,0
user_028,2024-06-14 16:17,Gett,תחבורה,48.55,ILS,48.55,רגילה,0
user_007,2024-05-13 11:00,רב-קו,תחבורה,24.9,ILS,24.9,רגילה,0
user_003,2024-09-17 11:21,Udemy,חינוך,192.44,ILS,192.44,רגילה,0
user_035,2024-09-01 18:37,קסטרו,אופנה,92.13,ILS,92.13,רגילה,0
user_037,2024-10-26 19:08,אייבורי,חשמל,499.78,ILS,499.78,רגילה,0
user_002,2024-09-24 14:18,Be,פארם,135.06,ILS,135.06,הוראת קבע,0
user_033,2024-01-15 14:22,רמי לוי,סופרמרקט,334.39,ILS,334.39,תשלומים,0
user_039,2024-06-20 18:06,ספוטיפיי,פנאי,9.41,GBP,44.23,"עסקת חו""ל",0
user_033,2024-05-11 19:02,זארה,אופנה,272.23,ILS,272.23,תשלומים,0
user_030,2024-09-15 10:25,פז,דלק,171.57,ILS,171.57,רגילה,0
user_036,2024-07-15 11:16,יס פלאנט,פנאי,83.83,ILS,83.83,תשלומים,0
user_038,2024-06-04 21:44,דלק,דלק,61.27,EUR,245.08,"עסקת חו""ל",0
user_038,2024-08-17 18:06,סונול,דלק,240.97,ILS,240.97,רגילה,0
user_046,2024-12-18 09:43,Be,פארם,159.61,ILS,159.61,הוראת קבע,0
user_038,2024-11-11 19:52,אוניברסיטה,חינוך,365.55,ILS,365.55,הוראת קבע,0
user_017,2024-01-21 20:03,אוניברסיטה,חינוך,19.26,GBP,90.52,"עסקת חו""ל",0
user_039,2024-10-03 16:28,פוקס,אופנה,10.0,ILS,10.0,תשלומים,0
user_050,2024-06-21 18:32,ספוטיפיי,פנאי,71.05,ILS,71.05,רגילה,0
user_050,2024-04-10 16:30,KSP,חשמל,231.36,EUR,925.44,"עסקת חו""ל",0
user_028,2024-09-02 17:49,מקדונלד'ס,מסעדות,100.09,ILS,100.09,רגילה,0
user_029,2024-01-14 21:06,סופר-פארם,פארם,127.43,ILS,127.43,רגילה,0
user_010,2024-02-07 16:06,Be,פארם,145.85,ILS,145.85,רגילה,0
user_015,2024-03-08 12:22,אוניברסיטה,חינוך,263.2,ILS,263.2,רגילה,0
user_015,2024-05-05 15:21,שופרסל,סופרמרקט,230.08,ILS,230.08,רגילה,0
user_032,2024-10-19 16:45,קפה גרג,מסעדות,133.05,ILS,133.05,רגילה,0
user_021,2024-02-21 12:07,נטפליקס,פנאי,21.33,USD,78.92,"עסקת חו""ל",0
user_007,2024-05-05 17:03,קסטרו,אופנה,206.68,ILS,206.68,רגילה,0
user_003,2024-04-02 21:15,ויקטורי,סופרמרקט,406.87,ILS,406.87,תשלומים,0
user_012,2024-05-08 22:32,דלק,דלק,134.68,ILS,134.68,רגילה,0
user_033,2024-10-24 11:35,פוקס,אופנה,44.45,GBP,208.92,"עסקת חו""ל",0
user_012,2024-09-22 15:23,סונול,דלק,178.81,ILS,178.81,רגילה,0
user_004,2024-12-05 13:33,מקדונלד'ס,מסעדות,16.92,USD,62.6,"עסקת חו""ל",0
user_042,2024-02-12 16:23,מחסני חשמל,חשמל,1275.98,ILS,1275.98,רגילה,0
user_014,2024-07-24 18:21,סונול,דלק,242.56,ILS,242.56,רגילה,0
user_005,2024-07-04 13:50,Udemy,חינוך,217.87,ILS,217.87,תשלומים,0
user_045,2024-08-17 08:12,Be,פארם,231.51,ILS,231.51,רגילה,0
user_003,2024-02-13 10:44,KSP,חשמל,1206.05,ILS,1206.05,תשלומים,0
user_016,2024-01-17 15:03,H&M,אופנה,144.59,ILS,144.59,תשלומים,0
user_037,2024-05-28 13:01,רב-קו,תחבורה,57.17,ILS,57.17,תשלומים,0
user_041,2024-02-02 20:45,אייבורי,חשמל,1710.27,ILS,1710.27,רגילה,0
user_034,2024-07-08 05:12,Udemy,חינוך,1667.11,ILS,1667.11,רגילה,1
user_020,2024-07-09 08:02,פוקס,אופנה,163.87,ILS,163.87,תשלומים,0
user_040,2024-07-18 12:11,ביטוח,אחר,246.07,ILS,246.07,רגילה,0
user_044,2024-09-22 16:08,ספוטיפיי,פנאי,64.15,ILS,64.15,רגילה,0
user_003,2024-08-15 02:21,טיב טעם,סופרמרקט,3899.94,ILS,3899.94,הוראת קבע,1
user_050,2024-03-06 10:35,גולדה,מסעדות,30.96,USD,114.55,"עסקת חו""ל",0
user_036,2024-04-14 15:53,מקדונלד'ס,מסעדות,100.35,ILS,100.35,רגילה,0
user_043,2024-11-01 22:14,רמי לוי,סופרמרקט,615.38,ILS,615.38,רגילה,0
user_040,2024-06-14 19:15,סופר-פארם,פארם,195.69,ILS,195.69,רגילה,0
user_006,2024-04-14 20:26,זארה,אופנה,285.35,ILS,285.35,רגילה,0
user_037,2024-03-23 09:15,רכבת ישראל,תחבורה,54.6,ILS,54.6,רגילה,0
user_050,2024-02-19 20:03,סופר-פארם,פארם,289.87,ILS,289.87,רגילה,0
user_016,2024-02-04 21:02,יס פלאנט,פנאי,25.79,ILS,25.79,רגילה,0
user_041,2024-06-20 22:36,KSP,חשמל,997.06,ILS,997.06,רגילה,0
user_027,2024-04-23 11:37,סופר-פארם,פארם,53.89,EUR,215.56,"עסקת חו""ל",0
user_046,2024-01-26 21:56,H&M,אופנה,246.1,ILS,246.1,רגילה,0
user_011,2024-08-21 17:30,רכבת ישראל,תחבורה,7.38,EUR,29.52,"עסקת חו""ל",0
user_022,2024-06-12 10:35,נטפליקס,פנאי,39.4,ILS,39.4,רגילה,0
user_044,2024-03-21 13:31,אייבורי,חשמל,1228.69,ILS,1228.69,רגילה,0
user_023,2024-10-04 22:48,סופר-פארם,פארם,173.65,ILS,173.65,רגילה,0
user_004,2024-09-26 15:08,ספוטיפיי,פנאי,79.71,ILS,79.71,רגילה,0
user_017,2024-04-18 13:03,H&M,אופנה,23.09,USD,85.43,"עסקת חו""ל",0
user_016,2024-07-25 19:16,חברת חשמל,אחר,100.93,ILS,100.93,רגילה,0
user_025,2024-06-13 12:34,עירייה,אחר,106.92,ILS,106.92,רגילה,0
user_036,2024-09-12 11:53,פוקס,אופנה,217.04,ILS,217.04,תשלומים,0
user_008,2024-08-27 12:48,קפה גרג,מסעדות,152.38,ILS,152.38,תשלומים,0
user_025,2024-08-09 11:47,Be,פארם,162.75,ILS,162.75,רגילה,0
user_049,2024-12-09 11:08,ספוטיפיי,פנאי,71.08,ILS,71.08,רגילה,0
user_006,2024-04-02 09:36,KSP,חשמל,629.92,ILS,629.92,רגילה,0
user_008,2024-05-24 17:46,דומינוס,מסעדות,132.7,ILS,132.7,רגילה,0
user_024,2024-05-05 19:02,דלק,דלק,139.21,ILS,139.21,רגילה,0
user_011,2024-10-10 22:05,רמי לוי,סופרמרקט,412.35,ILS,412.35,רגילה,0
user_013,2024-09-18 17:15,גולדה,מסעדות,79.93,ILS,79.93,תשלומים,0
user_043,2024-06-28 11:30,דומינוס,מסעדות,170.13,ILS,170.13,רגילה,0
user_049,2024-10-14 17:09,Be,פארם,155.24,ILS,155.24,רגילה,0
user_015,2024-08-24 14:50,KSP,חשמל,714.09,ILS,714.09,רגילה,0
user_016,2024-10-24 14:17,פז,דלק,203.28,ILS,203.28,רגילה,0
user_024,2024-06-08 16:46,קסטרו,אופנה,239.56,ILS,239.56,רגילה,0
user_007,2024-07-28 10:25,טיב טעם,סופרמרקט,384.59,ILS,384.59,רגילה,0
user_011,2024-09-10 18:59,אוניברסיטה,חינוך,127.6,ILS,127.6,רגילה,0
user_017,2024-06-09 10:53,פוקס,אופנה,564.57,ILS,564.57,רגילה,0
user_001,2024-08-25 12:29,סופר-פארם,פארם,173.71,ILS,173.71,רגילה,0
user_046,2024-06-15 18:10,עירייה,אחר,205.0,ILS,205.0,רגילה,0
user_002,2024-02-05 11:34,ספוטיפיי,פנאי,63.97,ILS,63.97,רגילה,0
user_014,2024-05-01 10:53,פוקס,אופנה,158.84,ILS,158.84,רגילה,0
user_020,2024-08-28 10:37,עירייה,אחר,45.69,ILS,45.69,רגילה,0
user_025,2024-10-01 12:52,מחסני חשמל,חשמל,1476.98,ILS,1476.98,הוראת קבע,0
user_049,2024-04-02 11:23,עירייה,אחר,369.45,ILS,369.45,תשלומים,0
user_027,2024-04-06 12:07,Be,פארם,196.72,ILS,196.72,רגילה,0
user_009,2024-08-20 12:18,רב-קו,תחבורה,36.83,ILS,36.83,תשלומים,0
user_016,2024-09-26 17:27,Udemy,חינוך,259.9,ILS,259.9,רגילה,0
user_007,2024-05-20 15:29,אוניברסיטה,חינוך,268.0,ILS,268.0,רגילה,0
user_019,2024-01-05 08:50,Be,פארם,99.97,ILS,99.97,רגילה,0
user_005,2024-01-10 21:00,אייבורי,חשמל,1024.03,ILS,1024.03,תשלומים,0
user_005,2024-11-21 17:18,H&M,אופנה,361.38,ILS,361.38,רגילה,0
user_034,2024-10-05 11:28,קסטרו,אופנה,184.17,ILS,184.17,תשלומים,0
user_025,2024-02-15 13:55,ספוטיפיי,פנאי,47.96,ILS,47.96,הוראת קבע,0
user_001,2024-10-22 12:14,מקדונלד'ס,מסעדות,99.01,ILS,99.01,רגילה,0
user_001,2024-08-08 10:02,Be,פארם,49.56,EUR,198.24,"עסקת חו""ל",0
user_045,2024-09-14 17:09,ביטוח,אחר,165.77,ILS,165.77,רגילה,0
user_039,2024-01-17 22:19,Be,פארם,247.69,ILS,247.69,רגילה,0
user_012,2024-03-28 11:09,רמי לוי,סופרמרקט,538.67,ILS,538.67,תשלומים,0
user_050,2024-01-14 17:57,פוקס,אופנה,10.0,ILS,10.0,תשלומים,0
user_003,2024-01-13 13:23,ספוטיפיי,פנאי,60.87,ILS,60.87,רגילה,0
user_049,2024-11-19 19:32,Be,פארם,227.38,ILS,227.38,הוראת קבע,0
user_036,2024-06-28 15:24,טיב טעם,סופרמרקט,272.9,ILS,272.9,רגילה,0
user_028,2024-03-26 16:41,אוניברסיטה,חינוך,262.82,ILS,262.82,רגילה,0
user_049,2024-07-25 20:49,שופרסל,סופרמרקט,527.78,ILS,527.78,רגילה,0
user_007,2024-02-24 17:22,Gett,תחבורה,61.03,ILS,61.03,רגילה,0
user_005,2024-10-16 09:15,אוניברסיטה,חינוך,259.39,ILS,259.39,הוראת קבע,0
user_047,2024-09-19 16:10,Udemy,חינוך,309.21,ILS,309.21,רגילה,0
user_045,2024-10-16 18:17,סופר-פארם,פארם,39.63,ILS,39.63,רגילה,0
user_048,2024-07-11 17:45,רכבת ישראל,תחבורה,26.52,ILS,26.52,רגילה,0
user_047,2024-03-07 21:52,KSP,חשמל,411.42,ILS,411.42,רגילה,0
user_030,2024-08-05 10:21,רמי לוי,סופרמרקט,339.4,ILS,339.4,רגילה,0
user_021,2024-07-06 09:17,זארה,אופנה,140.63,ILS,140.63,רגילה,0
user_050,2024-10-27 08:35,זארה,אופנה,219.4,ILS,219.4,רגילה,0
user_021,2024-04-18 22:11,רב-קו,תחבורה,27.44,ILS,27.44,רגילה,0
user_032,2024-10-17 12:29,פוקס,אופנה,517.33,ILS,517.33,רגילה,0
user_039,2024-06-20 15:02,חברת חשמל,אחר,310.87,ILS,310.87,תשלומים,0
user_021,2024-11-28 03:15,סונול,דלק,2860.05,ILS,2860.05,רגילה,1
user_035,2024-10-22 01:50,נטפליקס,פנאי,779.31,ILS,779.31,רגילה,1
user_027,2024-07-22 15:40,Udemy,חינוך,37.61,GBP,176.77,"עסקת חו""ל",0
user_031,2024-01-26 15:04,רמי לוי,סופרמרקט,337.39,ILS,337.39,רגילה,0
user_007,2024-09-20 21:12,Udemy,חינוך,113.41,ILS,113.41,רגילה,0
user_033,2024-06-25 13:03,שופרסל,סופרמרקט,302.17,ILS,302.17,רגילה,0
user_002,2024-05-19 12:27,H&M,אופנה,255.44,ILS,255.44,רגילה,0
user_034,2024-12-21 09:25,עירייה,אחר,272.94,ILS,272.94,רגילה,0
user_027,2024-10-14 16:22,טיב טעם,סופרמרקט,251.52,ILS,251.52,רגילה,0
user_033,2024-12-05 16:19,מקדונלד'ס,מסעדות,100.16,ILS,100.16,רגילה,0
user_030,2024-02-14 19:09,קסטרו,אופנה,231.71,ILS,231.71,רגילה,0
user_006,2024-12-07 05:48,נטפליקס,פנאי,345.6,ILS,345.6,רגילה,1
user_014,2024-12-16 21:43,סופר-פארם,פארם,75.23,ILS,75.23,רגילה,0
user_049,2024-05-14 21:12,רמי לוי,סופרמרקט,384.46,ILS,384.46,תשלומים,0
user_038,2024-03-21 12:52,פז,דלק,157.67,ILS,157.67,הוראת קבע,0
user_032,2024-10-02 22:59,ביטוח,אחר,186.83,ILS,186.83,רגילה,0
user_017,2024-01-26 13:15,מחסני חשמל,חשמל,219.44,ILS,219.44,רגילה,0
user_047,2024-08-21 15:50,גולדה,מסעדות,10.0,ILS,10.0,רגילה,0
user_027,2024-09-04 15:34,זארה,אופנה,49.54,ILS,49.54,תשלומים,0
user_038,2024-05-19 12:45,חברת חשמל,אחר,328.65,ILS,328.65,רגילה,0
user_013,2024-01-06 14:55,מחסני חשמל,חשמל,732.98,ILS,732.98,רגילה,0
user_040,2024-01-11 15:46,טיב טעם,סופרמרקט,264.62,ILS,264.62,תשלומים,0
user_035,2024-06-04 08:00,עירייה,אחר,106.66,ILS,106.66,רגילה,0
user_042,2024-02-07 09:09,רמי לוי,סופרמרקט,320.64,ILS,320.64,תשלומים,0
user_018,2024-08-18 14:10,רכבת ישראל,תחבורה,63.09,ILS,63.09,רגילה,0
user_024,2024-09-07 14:18,ספוטיפיי,פנאי,78.16,ILS,78.16,רגילה,0
user_021,2024-02-21 18:51,סופר-פארם,פארם,236.86,ILS,236.86,רגילה,0
user_021,2024-12-27 12:06,סופר-פארם,פארם,104.23,ILS,104.23,רגילה,0
user_032,2024-09-17 10:04,דומינוס,מסעדות,127.18,ILS,127.18,רגילה,0
user_020,2024-07-03 20:20,סונול,דלק,208.57,ILS,208.57,רגילה,0
user_024,2024-02-25 22:50,יס פלאנט,פנאי,23.77,ILS,23.77,רגילה,0
user_018,2024-06-28 19:10,זארה,אופנה,285.04,ILS,285.04,רגילה,0
user_031,2024-06-19 21:22,גולדה,מסעדות,152.32,ILS,152.32,רגילה,0
user_017,2024-08-09 21:06,פז,דלק,143.66,ILS,143.66,רגילה,0
user_024,2024-03-02 13:09,מקדונלד'ס,מסעדות,139.7,ILS,139.7,תשלומים,0
user_021,2024-03-05 19:06,מקדונלד'ס,מסעדות,151.69,ILS,151.69,רגילה,0
user_020,2024-11-10 12:40,אוניברסיטה,חינוך,278.11,ILS,278.11,רגילה,0
user_006,2024-11-17 21:04,קסטרו,אופנה,87.61,EUR,350.44,"עסקת חו""ל",0
user_028,2024-06-22 20:50,ביטוח,אחר,200.74,ILS,200.74,רגילה,0
user_030,2024-12-05 20:23,רכבת ישראל,תחבורה,32.66,ILS,32.66,רגילה,0
user_032,2024-06-03 02:54,שופרסל,סופרמרקט,645.77,GBP,3035.12,"עסקת חו""ל",1
user_037,2024-05-11 03:34,חברת חשמל,אחר,2698.0,ILS,2698.0,רגילה,1
user_035,2024-02-18 09:53,סונול,דלק,65.57,USD,242.61,"עסקת חו""ל",0
user_023,2024-08-06 16:17,מקדונלד'ס,מסעדות,217.29,ILS,217.29,רגילה,0
user_043,2024-10-16 20:55,רכבת ישראל,תחבורה,39.99,ILS,39.99,רגילה,0
user_024,2024-04-22 11:14,פז,דלק,220.55,ILS,220.55,הוראת קבע,0
user_007,2024-04-13 15:59,ספוטיפיי,פנאי,62.02,ILS,62.02,תשלומים,0
user_026,2024-12-16 16:09,סונול,דלק,258.19,ILS,258.19,רגילה,0
user_007,2024-08-01 11:03,KSP,חשמל,1097.39,ILS,1097.39,רגילה,0
user_026,2024-11-15 21:15,ספוטיפיי,פנאי,68.46,ILS,68.46,רגילה,0
user_013,2024-01-22 20:00,Udemy,חינוך,312.66,ILS,312.66,הוראת קבע,0
user_003,2024-12-11 17:31,דומינוס,מסעדות,134.26,ILS,134.26,תשלומים,0
user_015,2024-09-10 05:53,קסטרו,אופנה,1462.04,ILS,1462.04,רגילה,1
user_017,2024-10-06 09:58,מקדונלד'ס,מסעדות,77.6,ILS,77.6,רגילה,0
user_030,2024-04-07 10:23,Gett,תחבורה,15.48,ILS,15.48,רגילה,0
user_022,2024-06-24 11:33,דלק,דלק,60.9,GBP,286.23,"עסקת חו""ל",0
user_021,2024-05-26 11:58,ויקטורי,סופרמרקט,374.46,ILS,374.46,רגילה,0
user_015,2024-03-28 15:44,סופר-פארם,פארם,231.73,ILS,231.73,רגילה,0
user_012,2024-10-13 08:37,רכבת ישראל,תחבורה,50.43,ILS,50.43,הוראת קבע,0
user_040,2024-04-17 20:16,דומינוס,מסעדות,136.42,ILS,136.42,תשלומים,0
user_001,2024-07-18 02:28,קסטרו,אופנה,1529.86,ILS,1529.86,רגילה,1
user_011,2024-02-13 20:26,פוקס,אופנה,307.41,ILS,307.41,רגילה,0
user_017,2024-06-14 14:58,דומינוס,מסעדות,65.67,ILS,65.67,רגילה,0
user_009,2024-03-16 11:59,דומינוס,מסעדות,74.53,ILS,74.53,רגילה,0
user_027,2024-07-13 17:55,אייבורי,חשמל,403.13,ILS,403.13,רגילה,0
user_017,2024-11-07 21:53,H&M,אופנה,364.27,ILS,364.27,תשלומים,0
user_050,2024-01-06 21:07,פז,דלק,156.86,ILS,156.86,רגילה,0
user_026,2024-03-20 13:52,פז,דלק,236.69,ILS,236.69,רגילה,0
user_023,2024-03-04 10:41,פז,דלק,238.52,ILS,238.52,רגילה,0
user_020,2024-06-27 19:59,ויקטורי,סופרמרקט,396.35,ILS,396.35,רגילה,0
user_002,2024-12-22 16:07,גולדה,מסעדות,147.98,ILS,147.98,רגילה,0
user_041,2024-07-10 08:22,רב-קו,תחבורה,77.1,ILS,77.1,רגילה,0
user_035,2024-03-14 14:15,רב-קו,תחבורה,79.81,ILS,79.81,רגילה,0
user_013,2024-07-05 14:16,אוניברסיטה,חינוך,225.84,ILS,225.84,תשלומים,0
user_032,2024-05-05 16:12,מחסני חשמל,חשמל,1248.2,ILS,1248.2,רגילה,0
user_036,2024-12-25 22:21,סופר-פארם,פארם,176.25,ILS,176.25,רגילה,0
user_025,2024-12-10 18:35,קסטרו,אופנה,105.48,ILS,105.48,רגילה,0
user_024,2024-05-16 20:03,קסטרו,אופנה,214.48,ILS,214.48,רגילה,0
user_020,2024-08-08 22:23,פוקס,אופנה,55.89,ILS,55.89,רגילה,0
user_027,2024-02-26 16:09,סונול,דלק,235.01,ILS,235.01,רגילה,0
user_032,2024-05-06 08:34,מחסני חשמל,חשמל,619.2,ILS,619.2,הוראת קבע,0
user_004,2024-06-23 08:24,מקדונלד'ס,מסעדות,133.73,ILS,133.73,רגילה,0
user_040,2024-02-10 17:38,גולדה,מסעדות,149.99,ILS,149.99,תשלומים,0
user_010,2024-12-21 15:28,פז,דלק,253.34,ILS,253.34,רגילה,0
user_034,2024-06-12 11:18,רמי לוי,סופרמרקט,474.73,ILS,474.73,רגילה,0
user_047,2024-06-05 08:00,פז,דלק,256.06,ILS,256.06,רגילה,0
user_009,2024-11-20 18:06,רב-קו,תחבורה,18.41,ILS,18.41,רגילה,0
user_021,2024-01-24 18:17,אוניברסיטה,חינוך,201.8,ILS,201.8,רגילה,0
user_048,2024-05-13 16:06,זארה,אופנה,504.36,ILS,504.36,רגילה,0
user_003,2024-07-08 02:10,חברת חשמל,אחר,2253.54,ILS,2253.54,רגילה,1
user_045,2024-08-15 03:59,סונול,דלק,2838.68,ILS,2838.68,רגילה,1
user_035,2024-09-16 22:25,יס פלאנט,פנאי,66.73,ILS,66.73,רגילה,0
user_005,2024-11-13 21:23,יס פלאנט,פנאי,13.1,USD,48.47,"עסקת חו""ל",0
user_019,2024-10-12 09:15,KSP,חשמל,1141.5,ILS,1141.5,תשלומים,0
user_038,2024-03-27 17:14,אייבורי,חשמל,1047.75,ILS,1047.75,תשלומים,0
user_002,2024-02-22 11:25,נטפליקס,פנאי,44.68,ILS,44.68,רגילה,0
user_025,2024-09-13 22:21,חברת חשמל,אחר,91.57,ILS,91.57,רגילה,0
user_048,2024-04-03 22:34,זארה,אופנה,199.88,ILS,199.88,הוראת קבע,0
user_035,2024-07-26 14:30,טיב טעם,סופרמרקט,138.78,ILS,138.78,רגילה,0
user_024,2024-06-14 16:21,Udemy,חינוך,175.58,ILS,175.58,רגילה,0
user_010,2024-02-25 20:58,רב-קו,תחבורה,57.33,ILS,57.33,רגילה,0
user_031,2024-05-25 15:00,יס פלאנט,פנאי,52.67,ILS,52.67,רגילה,0
user_021,2024-01-15 08:02,סונול,דלק,93.52,ILS,93.52,רגילה,0
user_027,2024-12-16 16:32,זארה,אופנה,816.62,ILS,816.62,רגילה,0
user_046,2024-10-15 15:35,Be,פארם,274.21,ILS,274.21,רגילה,0
user_001,2024-03-03 20:46,H&M,אופנה,278.28,ILS,278.28,רגילה,0
user_025,2024-01-03 18:40,דלק,דלק,263.3,ILS,263.3,רגילה,0
user_011,2024-12-16 19:44,רכבת ישראל,תחבורה,43.27,ILS,43.27,רגילה,0
user_010,2024-12-07 14:45,ספוטיפיי,פנאי,40.61,ILS,40.61,רגילה,0
user_038,2024-05-11 21:06,Be,פארם,198.29,ILS,198.29,רגילה,0
user_009,2024-12-05 22:00,סונול,דלק,165.81,ILS,165.81,תשלומים,0
user_023,2024-09-28 08:28,H&M,אופנה,183.46,ILS,183.46,רגילה,0
user_006,2024-05-14 14:31,ביטוח,אחר,385.64,ILS,385.64,רגילה,0
user_024,2024-11-06 10:32,Udemy,חינוך,81.8,ILS,81.8,רגילה,0
user_049,2024-08-24 17:21,ספוטיפיי,פנאי,70.91,ILS,70.91,רגילה,0
user_015,2024-05-10 10:42,דומינוס,מסעדות,139.35,ILS,139.35,רגילה,0
user_021,2024-08-08 02:07,KSP,חשמל,1103.55,USD,4083.14,"עסקת חו""ל",1
user_031,2024-09-09 11:08,חברת חשמל,אחר,202.43,ILS,202.43,רגילה,0
user_023,2024-11-24 19:23,מחסני חשמל,חשמל,832.95,ILS,832.95,רגילה,0
user_031,2024-12-05 14:44,KSP,חשמל,788.52,ILS,788.52,רגילה,0
user_046,2024-01-27 14:28,Be,פארם,211.62,ILS,211.62,רגילה,0
user_024,2024-04-13 21:02,סופר-פארם,פארם,245.39,ILS,245.39,רגילה,0
user_008,2024-09-13 00:40,מקדונלד'ס,מסעדות,1119.14,ILS,1119.14,רגילה,1
